,SYMBOL,DATE1,OPEN_PRICE,HIGH_PRICE,LOW_PRICE,LAST_PRICE,CLOSE_PRICE,TTL_TRD_QNTY,TURNOVER_LACS,NO_OF_TRADES,DELIV_QTY,DELIV_PER
0,360ONE,2025-11-06,1081.6,1084.1,1062.7,1066.4,1068.2,396590,4243.01,29512, 216218, 54.52
1,360ONE,2025-11-07,1060.0,1076.3,1052.4,1066.2,1066.0,922625,9834.02,46626, 613883, 66.54
2,360ONE,2025-11-10,1069.5,1079.0,1056.6,1075.7,1074.6,308692,3303.77,30563, 185060, 59.95
3,360ONE,2025-11-11,1073.1,1089.1,1051.1,1081.0,1070.0,466556,4974.56,33861, 251535, 53.91
4,360ONE,2025-11-12,1080.8,1096.9,1072.8,1087.0,1089.0,341552,3718.66,21584, 170993, 50.06
5,360ONE,2025-11-13,1089.0,1095.0,1075.8,1085.0,1085.6,457966,4977.61,31264, 272459, 59.49
6,360ONE,2025-11-14,1087.0,1089.8,1059.0,1064.9,1065.4,601566,6419.91,21944, 385722, 64.12
7,360ONE,2025-11-17,1062.2,1080.0,1060.2,1073.8,1071.8,441511,4722.19,26987, 283639, 64.24
8,360ONE,2025-11-18,1079.8,1081.4,1056.0,1075.0,1078.0,488323,5217.54,17479, 318966, 65.32
9,360ONE,2025-11-19,1080.0,1125.8,1066.9,1119.1,1119.2,1078355,11923.87,33482, 550004, 51.00
10,360ONE,2025-11-20,1128.9,1144.9,1117.6,1143.0,1142.1,1134821,12870.79,39332, 323907, 28.54
11,360ONE,2025-11-21,1142.1,1157.3,1121.0,1138.8,1139.7,2783024,31693.65,60383, 782101, 28.10
12,360ONE,2025-11-24,1147.6,1154.3,1122.4,1123.0,1129.8,2106550,23985.63,46715, 1108236, 52.61
13,360ONE,2025-11-25,1121.1,1144.0,1110.3,1122.0,1120.0,902708,10145.92,33371, 292747, 32.43
14,360ONE,2025-11-26,1121.9,1158.4,1121.9,1145.0,1150.0,1023674,11761.58,27808, 617543, 60.33
15,360ONE,2025-11-27,1150.0,1173.9,1141.0,1165.0,1166.6,490617,5684.81,22937, 244180, 49.77
16,360ONE,2025-11-28,1165.9,1186.0,1144.0,1178.4,1183.2,1176162,13659.69,30043, 806972, 68.61
17,360ONE,2025-12-01,1184.9,1198.6,1181.2,1190.0,1189.3,560894,6684.15,40126, 327015, 58.30
18,360ONE,2025-12-02,1189.0,1189.0,1157.5,1164.8,1162.9,492146,5771.72,15449, 125046, 25.41
19,360ONE,2025-12-03,1162.0,1168.0,1140.0,1153.9,1148.1,323061,3730.7,19436, 131821, 40.80
20,360ONE,2025-12-04,1151.9,1187.8,1123.9,1123.9,1127.9,312892,3549.49,20374, 154593, 49.41
21,360ONE,2025-12-05,1125.1,1156.6,1114.1,1146.1,1146.7,476537,5423.53,32050, 206605, 43.36
22,ABB,2025-11-06,5258.0,5280.5,5172.0,5205.0,5228.0,302941,15889.67,23999, 166519, 54.97
23,ABB,2025-11-07,5099.0,5151.0,4962.5,5011.5,5016.5,1147124,57526.32,82785, 563219, 49.10
24,ABB,2025-11-10,4964.0,5009.0,4921.5,4995.0,4992.0,207748,10333.05,25669, 72748, 35.02
25,ABB,2025-11-11,5021.5,5026.5,4941.0,4976.0,4978.5,202095,10039.52,19996, 105685, 52.29
26,ABB,2025-11-12,4994.0,5000.0,4911.0,4933.0,4924.0,322415,15959.62,28507, 194591, 60.35
27,ABB,2025-11-13,4933.0,4959.0,4896.0,4907.5,4913.0,308690,15203.13,22974, 220592, 71.46
28,ABB,2025-11-14,4913.0,4963.0,4899.0,4960.0,4952.5,120184,5930.41,12266, 58515, 48.69
29,ABB,2025-11-17,4955.0,5060.0,4926.0,5046.0,5041.5,201519,10081.89,21295, 110028, 54.60
30,ABB,2025-11-18,5041.5,5095.0,4998.5,5075.0,5080.5,185933,9401.58,16241, 86259, 46.39
31,ABB,2025-11-19,5081.5,5099.0,5037.0,5074.0,5083.0,241340,12228.03,20142, 123679, 51.25
32,ABB,2025-11-20,5083.0,5172.0,5083.0,5143.0,5147.0,315841,16252.17,25223, 180267, 57.08
33,ABB,2025-11-21,5130.0,5132.0,5068.5,5093.5,5092.0,195539,9957.83,19628, 108384, 55.43
34,ABB,2025-11-24,5092.0,5100.0,5024.5,5049.5,5057.0,453211,22933.04,30549, 287767, 63.50
35,ABB,2025-11-25,5042.5,5092.0,5035.0,5065.0,5070.5,179842,9109.11,14304, 115279, 64.10
36,ABB,2025-11-26,5070.5,5206.5,5058.0,5190.0,5197.5,157689,8143.73,18456, 79511, 50.42
37,ABB,2025-11-27,5235.0,5264.5,5188.5,5260.0,5240.5,123457,6447.26,13791, 54480, 44.13
38,ABB,2025-11-28,5260.0,5260.5,5170.0,5178.0,5175.0,82669,4302.6,11247, 46125, 55.79
39,ABB,2025-12-01,5218.0,5219.5,5148.5,5193.0,5189.5,68252,3535.99,12324, 29309, 42.94
40,ABB,2025-12-02,5171.0,5221.5,5161.0,5165.0,5183.0,149427,7748.45,15861, 93846, 62.80
41,ABB,2025-12-03,5183.0,5183.0,5088.5,5120.0,5107.0,81229,4157.49,12117, 41366, 50.93
42,ABB,2025-12-04,5100.0,5182.0,5095.0,5166.0,5172.5,90233,4651.04,11590, 36514, 40.47
43,ABB,2025-12-05,5172.5,5194.0,5140.5,5180.0,5173.5,99564,5144.91,16730, 53066, 53.30
44,ABCAPITAL,2025-11-06,331.05,332.35,324.6,327.55,327.05,4018689,13156.13,50586, 1955185, 48.65
45,ABCAPITAL,2025-11-07,324.15,345.4,322.6,337.15,338.1,13494106,45435.31,75765, 6075908, 45.03
46,ABCAPITAL,2025-11-10,338.9,338.95,332.95,333.85,333.55,3483201,11688.3,41921, 1247787, 35.82
47,ABCAPITAL,2025-11-11,332.9,333.9,322.6,329.3,329.35,4844131,15863.99,68341, 1452253, 29.98
48,ABCAPITAL,2025-11-12,329.35,333.1,327.9,327.9,329.6,2257142,7477.08,34524, 1106140, 49.01
49,ABCAPITAL,2025-11-13,328.0,335.0,328.0,331.5,331.8,2993535,9942.21,50347, 1432621, 47.86
50,ABCAPITAL,2025-11-14,330.25,334.15,328.25,331.2,331.4,1639627,5433.2,24205, 679467, 41.44
51,ABCAPITAL,2025-11-17,332.5,337.1,331.3,335.9,334.8,2075864,6948.19,33152, 934239, 45.00
52,ABCAPITAL,2025-11-18,336.0,336.5,330.5,332.65,333.1,2174919,7246.24,27060, 1105318, 50.82
53,ABCAPITAL,2025-11-19,332.8,335.65,330.1,331.55,330.65,1918944,6373.2,26610, 840241, 43.79
54,ABCAPITAL,2025-11-20,331.95,332.9,327.1,327.9,327.85,1938976,6391.02,29914, 814353, 42.00
55,ABCAPITAL,2025-11-21,327.0,328.9,324.2,325.0,325.65,2675777,8728.3,47122, 1369263, 51.17
56,ABCAPITAL,2025-11-24,325.65,333.95,323.3,332.0,331.85,3631529,12037.13,41518, 1528239, 42.08
57,ABCAPITAL,2025-11-25,333.95,346.8,332.3,345.9,345.45,12471895,42722.73,103055, 5367915, 43.04
58,ABCAPITAL,2025-11-26,346.95,350.8,344.4,349.2,349.8,5456898,19007.78,51927, 2073495, 38.00
59,ABCAPITAL,2025-11-27,350.0,353.4,349.4,352.8,351.75,3510742,12329.36,52016, 1507515, 42.94
60,ABCAPITAL,2025-11-28,353.0,360.15,351.0,357.6,358.05,8364994,29843.26,80468, 5238248, 62.62
61,ABCAPITAL,2025-12-01,358.0,360.15,355.1,355.85,356.1,4583272,16349.58,52964, 2694426, 58.79
62,ABCAPITAL,2025-12-02,356.1,359.0,353.8,356.4,355.75,2767486,9860.78,44395, 1513525, 54.69
63,ABCAPITAL,2025-12-03,356.0,356.8,347.3,350.15,350.0,3307025,11587.37,44515, 1908499, 57.71
64,ABCAPITAL,2025-12-04,349.2,350.95,347.7,349.0,349.4,1540673,5382.54,36030, 792093, 51.41
65,ABCAPITAL,2025-12-05,349.4,360.6,346.05,358.25,358.75,4438367,15803.0,51341, 1527349, 34.41
66,ADANIENSOL,2025-11-06,985.9,994.6,962.8,969.8,968.15,1064046,10368.17,31974, 408814, 38.42
67,ADANIENSOL,2025-11-07,966.85,973.7,945.2,966.35,960.6,1384632,13296.0,34712, 604068, 43.63
68,ADANIENSOL,2025-11-10,965.55,972.5,955.1,959.0,959.15,674839,6513.37,22225, 278282, 41.24
69,ADANIENSOL,2025-11-11,960.15,994.45,947.3,989.85,989.3,1703879,16688.63,37960, 478260, 28.07
70,ADANIENSOL,2025-11-12,989.35,1021.6,986.0,1001.0,1001.9,1704880,17147.74,43069, 414671, 24.32
71,ADANIENSOL,2025-11-13,1003.2,1035.75,998.35,1022.95,1021.4,2163072,22161.51,54210, 659654, 30.50
72,ADANIENSOL,2025-11-14,1027.0,1050.0,1017.0,1025.5,1023.85,2190871,22609.38,82137, 670058, 30.58
73,ADANIENSOL,2025-11-17,1025.5,1029.0,1011.85,1023.1,1021.55,837345,8543.84,24917, 322275, 38.49
74,ADANIENSOL,2025-11-18,1023.8,1036.0,1017.75,1024.25,1026.65,1175321,12096.05,28449, 433353, 36.87
75,ADANIENSOL,2025-11-19,1032.0,1044.0,1002.2,1004.0,1006.25,1574241,15999.44,38706, 390820, 24.83
76,ADANIENSOL,2025-11-20,1014.0,1014.0,989.0,996.95,993.6,852319,8529.06,23878, 320534, 37.61
77,ADANIENSOL,2025-11-21,993.35,996.85,972.75,975.0,974.8,815816,8012.57,59626, 427257, 52.37
78,ADANIENSOL,2025-11-24,979.0,983.9,967.6,968.0,970.15,774740,7546.82,25051, 327348, 42.25
79,ADANIENSOL,2025-11-25,970.0,977.5,965.75,977.5,971.5,504028,4895.37,18646, 173486, 34.42
80,ADANIENSOL,2025-11-26,975.95,998.0,974.7,992.6,991.2,646270,6407.97,19642, 226096, 34.98
81,ADANIENSOL,2025-11-27,992.6,994.15,974.0,982.25,984.35,868201,8547.26,29792, 423549, 48.78
82,ADANIENSOL,2025-11-28,988.7,1001.0,977.9,994.0,994.55,827939,8232.49,22637, 206377, 24.93
83,ADANIENSOL,2025-12-01,999.0,1007.4,991.6,998.55,999.1,1516456,15149.03,35215, 529538, 34.92
84,ADANIENSOL,2025-12-02,1002.9,1007.9,974.05,978.8,976.95,1497092,14883.53,28067, 502910, 33.59
85,ADANIENSOL,2025-12-03,976.95,981.8,960.0,970.4,969.5,772602,7521.42,27619, 341941, 44.26
86,ADANIENSOL,2025-12-04,970.0,979.25,965.6,970.0,971.7,612340,5951.15,16995, 267473, 43.68
87,ADANIENSOL,2025-12-05,971.65,980.95,961.1,978.5,978.85,545222,5298.02,22498, 211202, 38.74
88,ADANIENT,2025-11-06,2425.1,2427.1,2307.6,2311.0,2314.3,1978147,46415.24,87565, 712210, 36.00
89,ADANIENT,2025-11-07,2315.0,2402.5,2291.4,2374.8,2369.4,2232889,52763.03,69168, 573863, 25.70
90,ADANIENT,2025-11-10,2380.9,2388.0,2364.0,2365.0,2370.7,559808,13292.24,30696, 143510, 25.64
91,ADANIENT,2025-11-11,2368.0,2378.9,2338.5,2370.2,2366.8,634172,14961.89,33161, 141462, 22.31
92,ADANIENT,2025-11-12,2384.0,2517.5,2361.0,2485.2,2484.5,6685426,165008.95,166963, 2688555, 40.22
93,ADANIENT,2025-11-13,2502.0,2525.0,2468.1,2488.0,2488.2,2706326,67529.8,69562, 1406848, 51.98
94,ADANIENT,2025-11-14,2500.0,2553.7,2481.0,2524.1,2516.8,4496233,113506.71,98231, 2363697, 52.57
95,ADANIENT,2025-11-17,2460.0,2474.9,2421.0,2466.8,2462.0,2672697,65445.36,64529, 1380436, 51.65
96,ADANIENT,2025-11-18,2462.0,2478.6,2434.3,2439.0,2436.8,1245215,30486.74,33053, 620724, 49.85
97,ADANIENT,2025-11-19,2446.5,2449.9,2413.9,2431.0,2433.1,774785,18847.46,29152, 276624, 35.70
98,ADANIENT,2025-11-20,2450.1,2478.9,2440.4,2448.0,2446.1,1526556,37502.64,49383, 408723, 26.77
99,ADANIENT,2025-11-21,2450.0,2456.2,2418.0,2419.0,2422.3,547541,13326.68,23006, 137254, 25.07
100,ADANIENT,2025-11-24,2426.2,2432.3,2393.1,2398.9,2399.2,691419,16661.49,32464, 357557, 51.71
101,ADANIENT,2025-11-25,2400.9,2407.7,2325.3,2329.4,2332.9,2223715,52584.03,69285, 712660, 32.05
102,ADANIENT,2025-11-26,2321.2,2357.0,2310.0,2313.9,2315.0,1026965,23979.09,47392, 333100, 32.44
103,ADANIENT,2025-11-27,2310.0,2320.5,2243.0,2249.0,2255.0,1474038,33653.32,61990, 701192, 47.57
104,ADANIENT,2025-11-28,2267.1,2331.0,2247.8,2282.0,2280.2,3037620,69742.39,86014, 662424, 21.81
105,ADANIENT,2025-12-01,2300.0,2304.0,2257.0,2259.9,2262.0,1313265,29904.8,42480, 536420, 40.85
106,ADANIENT,2025-12-02,2255.0,2267.2,2232.2,2239.0,2239.6,1035354,23239.55,46209, 470752, 45.47
107,ADANIENT,2025-12-03,2240.0,2245.0,2172.2,2191.6,2189.8,1643852,36233.24,63240, 673950, 41.00
108,ADANIENT,2025-12-04,2188.0,2231.7,2183.4,2216.8,2217.9,2522821,55821.65,67347, 1415418, 56.10
109,ADANIENT,2025-12-05,2217.9,2268.6,2202.9,2263.0,2265.4,2400781,53786.17,67680, 1347456, 56.13
110,ADANIGREEN,2025-11-06,1087.1,1097.9,1047.0,1062.0,1060.5,2533556,27002.97,59186, 690895, 27.27
111,ADANIGREEN,2025-11-07,1060.5,1075.1,1040.0,1059.0,1059.8,3615119,38183.88,59501, 1119593, 30.97
112,ADANIGREEN,2025-11-10,1066.9,1088.0,1035.2,1037.6,1041.3,2240298,23823.9,46860, 580817, 25.93
113,ADANIGREEN,2025-11-11,1049.0,1051.0,1031.4,1047.0,1044.2,1629631,16975.14,35807, 349384, 21.44
114,ADANIGREEN,2025-11-12,1050.2,1094.9,1050.2,1071.6,1070.8,4147036,44633.9,76068, 612155, 14.76
115,ADANIGREEN,2025-11-13,1080.0,1088.0,1063.3,1076.5,1076.8,1991752,21496.03,41315, 460318, 23.11
116,ADANIGREEN,2025-11-14,1082.9,1104.9,1060.0,1067.1,1068.8,3567619,38594.02,64150, 760502, 21.32
117,ADANIGREEN,2025-11-17,1074.8,1092.5,1065.4,1088.0,1088.6,2888868,31244.28,44977, 1294989, 44.83
118,ADANIGREEN,2025-11-18,1092.0,1097.2,1075.0,1077.2,1077.6,1414894,15346.49,28220, 381741, 26.98
119,ADANIGREEN,2025-11-19,1080.2,1084.5,1052.2,1069.9,1069.9,2155114,22996.34,42692, 497668, 23.09
120,ADANIGREEN,2025-11-20,1074.0,1085.5,1057.0,1065.0,1060.0,1354779,14510.5,31385, 357397, 26.38
121,ADANIGREEN,2025-11-21,1060.0,1063.1,1026.0,1031.0,1030.5,2075493,21641.25,45347, 782113, 37.68
122,ADANIGREEN,2025-11-24,1036.9,1037.5,1006.0,1011.4,1009.4,1618990,16471.33,40676, 496015, 30.64
123,ADANIGREEN,2025-11-25,1010.5,1022.9,1000.6,1012.0,1011.6,1677553,16944.08,35425, 481170, 28.68
124,ADANIGREEN,2025-11-26,1016.0,1036.4,1012.5,1034.0,1034.4,1318167,13561.25,27317, 403663, 30.62
125,ADANIGREEN,2025-11-27,1040.1,1042.0,1018.2,1033.0,1031.1,1543218,15866.63,29963, 413670, 26.81
126,ADANIGREEN,2025-11-28,1031.2,1052.5,1024.6,1047.6,1048.2,1626863,16964.33,32441, 431296, 26.51
127,ADANIGREEN,2025-12-01,1041.1,1052.0,1028.1,1042.3,1039.6,2276452,23692.74,118769, 365485, 16.06
128,ADANIGREEN,2025-12-02,1038.6,1040.7,1017.7,1024.2,1022.6,1544253,15853.88,106457, 375412, 24.31
129,ADANIGREEN,2025-12-03,1024.0,1027.3,1004.2,1018.0,1012.6,1508973,15311.05,76711, 474502, 31.45
130,ADANIGREEN,2025-12-04,1013.8,1027.1,1006.8,1012.1,1013.4,1349599,13710.59,41314, 406707, 30.14
131,ADANIGREEN,2025-12-05,1013.1,1022.5,1005.1,1018.1,1017.7,1190798,12063.28,59608, 257938, 21.66
132,ADANIPORTS,2025-11-06,1452.1,1466.3,1434.3,1435.7,1436.8,2745063,39821.69,89710, 1113958, 40.58
133,ADANIPORTS,2025-11-07,1435.0,1464.0,1425.0,1448.9,1448.3,2184538,31628.38,77253, 1092105, 49.99
134,ADANIPORTS,2025-11-10,1452.2,1463.9,1441.0,1444.0,1444.9,1161695,16830.26,56441, 618897, 53.28
135,ADANIPORTS,2025-11-11,1453.0,1476.0,1437.8,1474.1,1474.4,2258827,33004.68,74892, 1111054, 49.19
136,ADANIPORTS,2025-11-12,1477.0,1515.0,1475.5,1505.0,1506.9,4641466,69758.42,134212, 2074178, 44.69
137,ADANIPORTS,2025-11-13,1515.0,1515.0,1487.8,1496.7,1499.0,2304918,34632.56,69310, 951541, 41.28
138,ADANIPORTS,2025-11-14,1500.0,1523.6,1497.0,1514.6,1512.7,2345593,35471.59,69833, 808190, 34.46
139,ADANIPORTS,2025-11-17,1518.9,1519.0,1503.0,1509.8,1507.6,1750560,26398.63,65737, 1025076, 58.56
140,ADANIPORTS,2025-11-18,1518.9,1518.9,1490.2,1491.2,1495.0,1818617,27270.3,48670, 1016865, 55.91
141,ADANIPORTS,2025-11-19,1499.0,1499.5,1478.0,1484.0,1484.2,1746304,25940.15,71029, 1033913, 59.21
142,ADANIPORTS,2025-11-20,1500.0,1505.0,1487.6,1490.4,1491.1,1459401,21830.53,53609, 645895, 44.26
143,ADANIPORTS,2025-11-21,1492.0,1492.3,1467.1,1479.3,1479.8,1165365,17226.91,45943, 514625, 44.16
144,ADANIPORTS,2025-11-24,1482.0,1490.2,1471.3,1485.3,1485.9,2485518,36870.78,62297, 1716546, 69.06
145,ADANIPORTS,2025-11-25,1490.0,1492.4,1474.5,1480.5,1483.9,1355333,20088.08,61360, 594297, 43.85
146,ADANIPORTS,2025-11-26,1484.3,1523.0,1484.3,1508.1,1506.2,3986754,60275.08,76062, 1648040, 41.34
147,ADANIPORTS,2025-11-27,1511.8,1513.9,1501.0,1505.6,1509.1,861910,12989.36,51591, 345316, 40.06
148,ADANIPORTS,2025-11-28,1510.0,1534.3,1503.1,1516.5,1516.9,2612938,39773.46,79458, 1084384, 41.50
149,ADANIPORTS,2025-12-01,1530.0,1549.0,1523.0,1531.5,1530.5,4059126,62380.39,115935, 2174021, 53.56
150,ADANIPORTS,2025-12-02,1528.1,1530.0,1510.0,1519.0,1518.1,1974536,29969.62,59646, 1178111, 59.67
151,ADANIPORTS,2025-12-03,1514.0,1524.0,1488.6,1500.3,1497.7,1958074,29418.77,60469, 964242, 49.24
152,ADANIPORTS,2025-12-04,1497.7,1509.1,1490.2,1507.7,1505.6,1591805,23916.91,85391, 909448, 57.13
153,ADANIPORTS,2025-12-05,1504.6,1514.0,1493.3,1511.0,1509.4,1141428,17166.08,36597, 517521, 45.34
154,ALKEM,2025-11-06,5670.5,5704.0,5631.0,5631.5,5643.5,152300,8618.46,19636, 87832, 57.67
155,ALKEM,2025-11-07,5644.5,5687.5,5571.5,5670.0,5668.5,226721,12799.23,19069, 171358, 75.58
156,ALKEM,2025-11-10,5705.0,5738.0,5648.0,5660.0,5679.5,185968,10580.81,19776, 104603, 56.25
157,ALKEM,2025-11-11,5690.0,5725.0,5619.0,5700.0,5696.5,124473,7067.62,13367, 74777, 60.07
158,ALKEM,2025-11-12,5724.0,5825.0,5694.0,5770.0,5767.5,173486,10001.07,19891, 94199, 54.30
159,ALKEM,2025-11-13,5794.0,5868.0,5679.0,5703.0,5725.5,477859,27706.03,61366, 180912, 37.86
160,ALKEM,2025-11-14,5800.5,5808.5,5607.5,5720.0,5722.5,383633,21854.1,40611, 234030, 61.00
161,ALKEM,2025-11-17,5750.0,5750.0,5631.5,5725.0,5723.0,176721,10074.86,23517, 124478, 70.44
162,ALKEM,2025-11-18,5734.0,5739.5,5649.0,5713.0,5713.0,243124,13879.63,33099, 167423, 68.86
163,ALKEM,2025-11-19,5730.0,5747.5,5659.5,5743.0,5724.0,104658,5976.95,17267, 69888, 66.78
164,ALKEM,2025-11-20,5750.0,5750.0,5673.0,5686.0,5700.0,80099,4573.88,15380, 52283, 65.27
165,ALKEM,2025-11-21,5704.5,5732.0,5637.5,5709.0,5700.0,110129,6261.14,13257, 71599, 65.01
166,ALKEM,2025-11-24,5739.5,5739.5,5604.0,5606.0,5625.0,622381,35058.88,31125, 463868, 74.53
167,ALKEM,2025-11-25,5615.0,5708.0,5590.0,5699.0,5701.0,90149,5103.42,14061, 50456, 55.97
168,ALKEM,2025-11-26,5645.5,5782.5,5645.5,5777.0,5773.0,85479,4908.19,16359, 56803, 66.45
169,ALKEM,2025-11-27,5785.5,5794.5,5671.0,5680.0,5686.5,163929,9354.05,21541, 103122, 62.91
170,ALKEM,2025-11-28,5703.0,5748.5,5677.0,5677.5,5685.0,57067,3252.78,11156, 36404, 63.79
171,ALKEM,2025-12-01,5712.0,5712.0,5581.0,5590.0,5609.5,78861,4441.41,12435, 43899, 55.67
172,ALKEM,2025-12-02,5624.0,5654.0,5586.0,5625.0,5638.5,54507,3064.78,10169, 32096, 58.88
173,ALKEM,2025-12-03,5640.0,5687.0,5603.0,5648.0,5647.5,41633,2347.83,7835, 23509, 56.47
174,ALKEM,2025-12-04,5669.0,5692.5,5638.0,5638.5,5659.0,87945,4986.49,9676, 62551, 71.13
175,ALKEM,2025-12-05,5638.0,5736.0,5631.0,5685.0,5675.5,117812,6693.96,16231, 77998, 66.21
176,AMBER,2025-11-06,7835.5,7992.5,7643.0,7841.0,7832.5,336616,26440.93,50748, 105328, 31.29
177,AMBER,2025-11-07,7099.5,7288.0,6736.5,7282.0,7227.0,3136273,220981.53,237550, 749653, 23.90
178,AMBER,2025-11-10,7219.0,7219.0,6919.5,7011.0,7016.5,683248,48224.01,90834, 209774, 30.70
179,AMBER,2025-11-11,7020.0,7295.0,7016.5,7170.0,7144.5,434658,31199.33,50259, 127233, 29.27
180,AMBER,2025-11-12,7184.5,7255.0,7100.0,7190.0,7204.5,317226,22761.31,37693, 103441, 32.61
181,AMBER,2025-11-13,7190.5,7215.0,7090.5,7110.0,7122.0,130365,9321.47,18209, 43886, 33.66
182,AMBER,2025-11-14,7110.0,7400.0,7099.0,7399.5,7376.0,388059,28380.62,38833, 105835, 27.27
183,AMBER,2025-11-17,7416.0,7505.0,7321.5,7446.5,7443.5,228393,16947.49,25283, 52138, 22.83
184,AMBER,2025-11-18,7444.0,7450.0,7325.5,7348.5,7356.0,159195,11732.81,21795, 66547, 41.80
185,AMBER,2025-11-19,7341.0,7434.5,7320.0,7400.0,7411.0,142274,10506.54,17428, 64315, 45.21
186,AMBER,2025-11-20,7411.0,7442.5,7230.0,7273.5,7256.5,131496,9624.88,14653, 48848, 37.15
187,AMBER,2025-11-21,7273.5,7278.0,7160.0,7185.0,7196.0,182669,13181.1,28644, 61585, 33.71
188,AMBER,2025-11-24,7156.0,7179.5,7002.0,7047.0,7043.5,204175,14466.1,24587, 87432, 42.82
189,AMBER,2025-11-25,7093.0,7250.0,7001.0,7140.0,7138.0,259487,18446.44,28119, 81648, 31.47
190,AMBER,2025-11-26,7140.0,7319.5,7100.0,7290.0,7302.0,172342,12456.5,22706, 53561, 31.08
191,AMBER,2025-11-27,7301.0,7302.0,7078.0,7106.5,7103.0,174995,12511.83,24898, 57276, 32.73
192,AMBER,2025-11-28,7140.0,7225.0,7034.5,7220.0,7181.0,186658,13248.38,24915, 53987, 28.92
193,AMBER,2025-12-01,7250.0,7250.0,7012.0,7070.0,7072.5,229585,16230.15,26367, 71799, 31.27
194,AMBER,2025-12-02,7080.0,7124.0,6963.0,7029.0,7041.5,186491,13137.21,24445, 75699, 40.59
195,AMBER,2025-12-03,7038.0,7073.5,6995.5,7016.0,7026.5,99635,7000.2,14366, 28499, 28.60
196,AMBER,2025-12-04,7026.5,7087.0,6720.0,6721.5,6750.0,330024,22610.11,36693, 148313, 44.94
197,AMBER,2025-12-05,6700.0,6748.0,6351.5,6571.0,6562.5,965176,62905.22,90989, 344782, 35.72
198,AMBUJACEM,2025-11-06,567.55,569.35,557.1,557.5,558.4,1388630,7800.77,28669, 672265, 48.41
199,AMBUJACEM,2025-11-07,558.5,563.95,550.55,558.75,558.8,1593499,8902.33,40348, 669088, 41.99
200,AMBUJACEM,2025-11-10,558.95,563.0,555.05,555.9,556.1,916236,5119.34,19926, 564952, 61.66
201,AMBUJACEM,2025-11-11,558.0,561.1,552.15,558.25,557.55,1177397,6559.85,20515, 571255, 48.52
202,AMBUJACEM,2025-11-12,560.0,570.05,557.15,563.0,562.55,1748539,9879.28,22933, 893337, 51.09
203,AMBUJACEM,2025-11-13,564.5,566.2,558.5,558.95,559.35,685786,3858.6,17007, 292222, 42.61
204,AMBUJACEM,2025-11-14,562.5,564.8,558.7,563.4,563.2,1082167,6088.71,19010, 633924, 58.58
205,AMBUJACEM,2025-11-17,564.7,565.4,559.25,560.7,560.3,618154,3470.33,15100, 335699, 54.31
206,AMBUJACEM,2025-11-18,568.0,568.0,556.75,558.0,557.8,904843,5060.53,22094, 460326, 50.87
207,AMBUJACEM,2025-11-19,557.4,561.0,554.5,555.4,555.3,847533,4717.48,18770, 536167, 63.26
208,AMBUJACEM,2025-11-20,562.0,562.0,555.0,556.4,555.75,1248817,6971.81,21678, 608475, 48.72
209,AMBUJACEM,2025-11-21,555.75,556.05,545.0,547.0,547.55,1961101,10762.33,27776, 1057368, 53.92
210,AMBUJACEM,2025-11-24,548.85,549.5,542.05,548.4,544.6,2247682,12259.29,32906, 1401739, 62.36
211,AMBUJACEM,2025-11-25,547.1,548.35,543.6,545.95,545.85,693469,3785.87,15817, 315866, 45.55
212,AMBUJACEM,2025-11-26,546.5,552.0,544.55,550.5,550.0,948636,5211.99,20775, 488784, 51.52
213,AMBUJACEM,2025-11-27,552.45,553.3,547.0,548.85,548.7,481061,2642.3,16948, 243388, 50.59
214,AMBUJACEM,2025-11-28,549.3,551.85,546.15,549.4,550.2,602009,3311.34,13804, 318931, 52.98
215,AMBUJACEM,2025-12-01,551.4,551.8,542.9,543.0,543.35,766104,4179.88,23811, 441091, 57.58
216,AMBUJACEM,2025-12-02,544.95,547.0,541.0,543.5,543.0,1754719,9538.4,27916, 1220597, 69.56
217,AMBUJACEM,2025-12-03,546.9,546.9,533.65,536.9,535.35,2219149,11911.64,35275, 1544152, 69.58
218,AMBUJACEM,2025-12-04,535.6,543.5,527.6,537.15,536.9,2474836,13283.06,33467, 1457614, 58.90
219,AMBUJACEM,2025-12-05,536.9,537.5,531.8,535.0,533.8,1243514,6646.21,26845, 811824, 65.28
220,ANGELONE,2025-11-06,2530.0,2559.8,2480.0,2484.0,2486.5,721587,18173.52,38386, 294377, 40.80
221,ANGELONE,2025-11-07,2480.0,2625.0,2446.0,2609.0,2616.4,1865591,47909.5,80860, 528031, 28.30
222,ANGELONE,2025-11-10,2622.0,2673.3,2600.0,2608.0,2606.4,1230066,32367.94,64624, 493934, 40.16
223,ANGELONE,2025-11-11,2606.4,2656.9,2602.0,2639.8,2641.4,750372,19763.45,41889, 282217, 37.61
224,ANGELONE,2025-11-12,2663.0,2710.0,2637.8,2680.0,2679.5,1783272,47763.79,57422, 702222, 39.38
225,ANGELONE,2025-11-13,2680.0,2768.3,2666.4,2710.7,2713.5,1167192,31824.75,54671, 339045, 29.05
226,ANGELONE,2025-11-14,2713.5,2757.0,2710.7,2745.0,2745.3,536041,14679.53,27765, 186996, 34.88
227,ANGELONE,2025-11-17,2759.0,2864.9,2755.1,2855.9,2847.4,1513166,42840.51,66987, 538213, 35.57
228,ANGELONE,2025-11-18,2839.0,2867.0,2785.0,2790.9,2793.4,744032,21022.3,38721, 205207, 27.58
229,ANGELONE,2025-11-19,2794.0,2850.0,2779.0,2809.0,2813.9,714090,20127.24,34481, 194477, 27.23
230,ANGELONE,2025-11-20,2813.9,2850.0,2793.3,2816.0,2814.3,700861,19774.65,35472, 202751, 28.93
231,ANGELONE,2025-11-21,2812.0,2819.0,2741.0,2746.0,2748.1,554218,15381.74,27060, 160179, 28.90
232,ANGELONE,2025-11-24,2753.0,2765.4,2673.9,2681.7,2678.5,487775,13208.07,31805, 181407, 37.19
233,ANGELONE,2025-11-25,2665.0,2706.9,2661.0,2700.8,2687.7,427865,11470.42,24141, 82415, 19.26
234,ANGELONE,2025-11-26,2694.0,2760.0,2682.5,2750.2,2749.5,456508,12508.25,22806, 113624, 24.89
235,ANGELONE,2025-11-27,2759.9,2770.0,2732.8,2760.0,2764.2,444280,12238.28,27580, 166300, 37.43
236,ANGELONE,2025-11-28,2763.9,2763.9,2676.0,2708.0,2703.8,733603,19830.63,36944, 274137, 37.37
237,ANGELONE,2025-12-01,2709.0,2776.0,2707.8,2755.8,2763.4,658606,18103.68,32840, 177169, 26.90
238,ANGELONE,2025-12-02,2752.7,2825.0,2746.9,2806.0,2814.2,1167875,32733.28,45198, 387899, 33.21
239,ANGELONE,2025-12-03,2775.0,2775.0,2644.1,2660.0,2670.2,2600046,69827.16,114599, 567506, 21.83
240,ANGELONE,2025-12-04,2660.3,2685.0,2618.0,2624.5,2625.0,1042860,27584.47,43596, 316168, 30.32
241,ANGELONE,2025-12-05,2622.1,2653.0,2600.1,2648.8,2641.7,511846,13452.69,31039, 86255, 16.85
242,APLAPOLLO,2025-11-06,1789.1,1811.0,1779.0,1783.2,1785.7,896721,16122.53,54160, 591673, 65.98
243,APLAPOLLO,2025-11-07,1780.0,1805.0,1777.6,1802.8,1800.5,679442,12166.33,32790, 441355, 64.96
244,APLAPOLLO,2025-11-10,1809.0,1810.0,1785.0,1795.0,1799.1,491863,8852.9,17479, 342628, 69.66
245,APLAPOLLO,2025-11-11,1799.1,1801.0,1787.7,1788.2,1791.0,317545,5696.8,23934, 229597, 72.30
246,APLAPOLLO,2025-11-12,1806.9,1806.9,1778.5,1796.9,1796.4,630889,11318.41,32609, 498469, 79.01
247,APLAPOLLO,2025-11-13,1798.4,1802.5,1760.8,1763.0,1765.4,528818,9441.18,31664, 347755, 65.76
248,APLAPOLLO,2025-11-14,1769.0,1777.8,1737.0,1766.1,1763.3,273177,4809.52,17423, 133852, 49.00
249,APLAPOLLO,2025-11-17,1763.3,1787.6,1763.3,1778.0,1777.7,226118,4023.45,16853, 138466, 61.24
250,APLAPOLLO,2025-11-18,1778.0,1782.8,1757.2,1765.0,1763.8,244549,4321.49,22024, 166755, 68.19
251,APLAPOLLO,2025-11-19,1754.0,1770.6,1717.0,1718.0,1720.9,541702,9419.13,32798, 341461, 63.03
252,APLAPOLLO,2025-11-20,1730.0,1746.1,1714.0,1723.8,1721.2,1063781,18352.61,31316, 750516, 70.55
253,APLAPOLLO,2025-11-21,1727.0,1732.7,1703.0,1727.8,1727.8,450086,7742.44,30324, 227203, 50.48
254,APLAPOLLO,2025-11-24,1732.7,1732.7,1707.2,1715.0,1716.2,838837,14403.36,30968, 585487, 69.80
255,APLAPOLLO,2025-11-25,1716.2,1726.0,1690.0,1690.1,1698.4,221281,3777.22,15933, 114219, 51.62
256,APLAPOLLO,2025-11-26,1699.9,1736.4,1692.9,1731.0,1732.8,219892,3791.29,13771, 100727, 45.81
257,APLAPOLLO,2025-11-27,1739.0,1743.0,1710.0,1727.0,1734.9,337720,5831.89,19194, 203978, 60.40
258,APLAPOLLO,2025-11-28,1736.0,1742.8,1709.3,1719.0,1718.9,275947,4746.81,18212, 154132, 55.86
259,APLAPOLLO,2025-12-01,1727.8,1738.1,1718.6,1737.7,1734.3,216161,3742.85,14809, 132424, 61.26
260,APLAPOLLO,2025-12-02,1725.0,1737.3,1712.0,1736.0,1734.6,298985,5159.68,25451, 200806, 67.16
261,APLAPOLLO,2025-12-03,1734.6,1757.4,1715.6,1757.4,1752.1,422097,7345.86,27738, 218522, 51.77
262,APLAPOLLO,2025-12-04,1760.0,1776.0,1752.7,1772.9,1772.9,668646,11795.26,36724, 452843, 67.73
263,APLAPOLLO,2025-12-05,1773.0,1781.3,1763.8,1769.0,1771.0,268661,4763.42,17402, 147182, 54.78
264,APOLLOHOSP,2025-11-06,7732.5,7850.5,7700.0,7783.0,7782.0,425649,33135.44,57490, 236326, 55.52
265,APOLLOHOSP,2025-11-07,7789.0,7891.0,7625.5,7642.0,7642.0,486385,37423.38,48343, 194149, 39.92
266,APOLLOHOSP,2025-11-10,7631.5,7652.5,7515.0,7534.0,7529.5,377719,28530.69,41774, 235831, 62.44
267,APOLLOHOSP,2025-11-11,7501.5,7569.0,7441.0,7520.0,7501.0,306736,22953.11,44404, 159677, 52.06
268,APOLLOHOSP,2025-11-12,7520.0,7539.0,7458.0,7502.0,7498.0,420561,31517.65,52272, 283334, 67.37
269,APOLLOHOSP,2025-11-13,7480.0,7509.0,7425.0,7444.0,7440.5,448567,33481.05,42685, 302063, 67.34
270,APOLLOHOSP,2025-11-14,7440.0,7467.0,7375.0,7419.0,7420.5,218565,16206.34,35983, 137990, 63.13
271,APOLLOHOSP,2025-11-17,7475.0,7504.5,7425.0,7485.0,7487.5,248470,18582.13,26805, 147457, 59.35
272,APOLLOHOSP,2025-11-18,7450.0,7474.0,7373.0,7376.0,7385.5,285148,21142.88,44060, 178497, 62.60
273,APOLLOHOSP,2025-11-19,7419.0,7482.0,7332.0,7450.0,7459.0,454714,33751.75,53603, 279261, 61.41
274,APOLLOHOSP,2025-11-20,7481.0,7491.0,7415.0,7440.0,7423.0,228411,17025.11,31786, 149556, 65.48
275,APOLLOHOSP,2025-11-21,7425.5,7435.0,7381.5,7393.0,7391.0,138622,10268.05,24132, 83221, 60.03
276,APOLLOHOSP,2025-11-24,7399.0,7421.0,7332.0,7340.0,7354.5,751685,55328.06,43132, 538595, 71.65
277,APOLLOHOSP,2025-11-25,7409.0,7409.5,7314.5,7316.0,7330.5,237415,17481.06,32912, 141636, 59.66
278,APOLLOHOSP,2025-11-26,7341.5,7402.0,7308.5,7393.5,7393.0,272489,20073.97,38893, 176364, 64.72
279,APOLLOHOSP,2025-11-27,7390.0,7396.0,7310.0,7330.0,7322.5,243681,17891.28,31873, 170782, 70.08
280,APOLLOHOSP,2025-11-28,7330.0,7359.0,7300.0,7337.5,7335.5,299937,21986.63,33391, 225856, 75.30
281,APOLLOHOSP,2025-12-01,7375.0,7381.5,7282.0,7285.0,7287.5,227568,16669.3,28987, 145165, 63.79
282,APOLLOHOSP,2025-12-02,7287.5,7299.0,7230.0,7245.5,7242.0,329723,23923.44,45357, 245799, 74.55
283,APOLLOHOSP,2025-12-03,7200.0,7257.0,7150.5,7180.0,7184.0,329160,23659.24,34359, 213505, 64.86
284,APOLLOHOSP,2025-12-04,7184.0,7227.5,7158.0,7192.0,7201.0,306183,22043.74,41785, 203146, 66.35
285,APOLLOHOSP,2025-12-05,7201.0,7219.5,7147.0,7195.5,7189.5,260117,18703.14,40512, 187488, 72.08
286,ASHOKLEY,2025-11-06,140.99,143.85,139.92,140.4,141.23,17435511,24788.79,87071, 7573526, 43.44
287,ASHOKLEY,2025-11-07,141.0,141.65,138.8,141.32,141.28,4888203,6872.77,45124, 1756708, 35.94
288,ASHOKLEY,2025-11-10,141.8,143.15,140.69,142.41,142.28,7609145,10812.37,44873, 3789930, 49.81
289,ASHOKLEY,2025-11-11,142.98,146.78,142.25,146.1,146.04,17177183,24885.2,79225, 8620809, 50.19
290,ASHOKLEY,2025-11-12,147.47,147.6,141.74,142.22,142.53,24925913,36001.43,107167, 8305463, 33.32
291,ASHOKLEY,2025-11-13,144.86,151.46,143.63,150.5,150.41,53618730,80008.25,210813, 13421996, 25.03
292,ASHOKLEY,2025-11-14,150.0,152.94,147.46,148.2,148.26,20695998,31038.09,98132, 9790179, 47.30
293,ASHOKLEY,2025-11-17,149.5,149.69,147.6,148.8,148.45,10767304,15998.63,65447, 5266382, 48.91
294,ASHOKLEY,2025-11-18,149.45,149.45,147.01,147.15,147.23,11015324,16285.45,51299, 6381158, 57.93
295,ASHOKLEY,2025-11-19,147.15,147.65,144.9,145.46,145.46,5986604,8727.22,46280, 2793865, 46.67
296,ASHOKLEY,2025-11-20,146.08,146.85,144.86,146.85,146.24,8625173,12585.16,69046, 4461188, 51.72
297,ASHOKLEY,2025-11-21,146.5,146.78,143.79,144.6,144.69,10000648,14475.12,62231, 4744304, 47.44
298,ASHOKLEY,2025-11-24,144.8,146.0,143.9,144.5,144.59,16912563,24488.59,70718, 11680112, 69.06
299,ASHOKLEY,2025-11-25,144.59,148.95,144.51,145.5,145.83,21768360,32019.75,187819, 9134076, 41.96
300,ASHOKLEY,2025-11-26,146.85,149.75,145.0,149.22,148.95,17859160,26345.03,79422, 10592523, 59.31
301,ASHOKLEY,2025-11-27,149.67,162.0,149.5,158.88,159.75,90218203,142037.18,344771, 27363815, 30.33
302,ASHOKLEY,2025-11-28,158.0,160.23,156.2,158.26,158.12,27495981,43490.78,101767, 8697835, 31.63
303,ASHOKLEY,2025-12-01,158.26,161.4,156.63,160.4,160.3,24989252,39808.22,176889, 9158956, 36.65
304,ASHOKLEY,2025-12-02,160.0,164.49,158.9,160.3,160.0,37354552,60578.61,162157, 15620283, 41.82
305,ASHOKLEY,2025-12-03,160.31,163.15,159.5,162.5,162.71,21310659,34490.3,154213, 9912105, 46.51
306,ASHOKLEY,2025-12-04,162.1,163.48,159.85,160.4,160.21,12196009,19684.89,111930, 5755633, 47.19
307,ASHOKLEY,2025-12-05,160.91,161.29,159.51,160.8,160.86,10982958,17624.78,67142, 5274937, 48.03
308,ASIANPAINT,2025-11-06,2560.1,2631.0,2560.1,2602.1,2602.9,4448622,115860.32,209979, 1938162, 43.57
309,ASIANPAINT,2025-11-07,2602.9,2618.9,2585.0,2612.0,2613.8,791663,20597.32,56147, 470942, 59.49
310,ASIANPAINT,2025-11-10,2613.8,2666.8,2611.1,2651.9,2650.4,1706880,45295.1,77760, 1101517, 64.53
311,ASIANPAINT,2025-11-11,2650.4,2664.9,2633.4,2660.0,2657.2,776404,20546.51,63951, 446793, 57.55
312,ASIANPAINT,2025-11-12,2660.0,2838.7,2642.1,2832.0,2769.8,2859196,78393.29,137014, 964304, 33.73
313,ASIANPAINT,2025-11-13,2858.9,2897.1,2840.0,2874.3,2879.4,5933630,170393.99,219878, 2148107, 36.20
314,ASIANPAINT,2025-11-14,2865.1,2909.9,2862.0,2902.0,2906.4,2494076,72302.42,125526, 1614682, 64.74
315,ASIANPAINT,2025-11-17,2906.4,2926.9,2880.0,2885.4,2887.9,1230683,35676.12,70388, 780201, 63.40
316,ASIANPAINT,2025-11-18,2886.0,2916.0,2862.1,2902.2,2906.0,1819066,52803.45,110891, 1290246, 70.93
317,ASIANPAINT,2025-11-19,2914.0,2916.0,2887.2,2892.0,2893.7,1387906,40286.71,64158, 951060, 68.52
318,ASIANPAINT,2025-11-20,2897.4,2906.1,2852.5,2860.0,2859.8,1062883,30485.22,75196, 734369, 69.09
319,ASIANPAINT,2025-11-21,2869.0,2895.6,2854.1,2876.0,2876.6,857340,24624.52,69368, 468744, 54.67
320,ASIANPAINT,2025-11-24,2876.0,2896.5,2864.5,2888.0,2879.2,5404326,155607.67,83082, 3659318, 67.71
321,ASIANPAINT,2025-11-25,2899.9,2908.5,2869.0,2878.0,2875.8,972417,28065.88,71298, 575139, 59.15
322,ASIANPAINT,2025-11-26,2880.0,2896.2,2857.6,2872.0,2874.0,570376,16408.09,54610, 256351, 44.94
323,ASIANPAINT,2025-11-27,2880.0,2914.5,2871.4,2875.7,2879.1,1158685,33472.04,88437, 556001, 47.99
324,ASIANPAINT,2025-11-28,2880.0,2889.9,2855.8,2872.6,2874.4,748446,21514.18,49967, 472714, 63.16
325,ASIANPAINT,2025-12-01,2877.7,2887.5,2848.0,2864.0,2867.6,499153,14286.38,50622, 316957, 63.50
326,ASIANPAINT,2025-12-02,2867.0,2962.0,2861.2,2958.0,2954.4,2102147,61515.86,106277, 837564, 39.84
327,ASIANPAINT,2025-12-03,2969.0,2969.2,2932.6,2950.0,2953.5,1252456,36918.48,76198, 616887, 49.25
328,ASIANPAINT,2025-12-04,2950.0,2985.7,2934.0,2955.0,2957.2,1466098,43492.71,82703, 878624, 59.93
329,ASIANPAINT,2025-12-05,2955.0,2973.5,2941.0,2961.6,2968.5,944978,27975.78,53579, 598380, 63.32
330,ASTRAL,2025-11-06,1482.5,1572.5,1482.5,1572.0,1566.1,5837826,90311.31,171975, 2109585, 36.14
331,ASTRAL,2025-11-07,1560.1,1579.0,1548.0,1557.3,1557.3,613713,9569.67,31043, 238657, 38.89
332,ASTRAL,2025-11-10,1568.4,1579.9,1554.9,1569.0,1568.4,505341,7938.74,30385, 268662, 53.16
333,ASTRAL,2025-11-11,1568.0,1575.8,1550.0,1557.1,1555.8,274619,4279.96,28430, 152294, 55.46
334,ASTRAL,2025-11-12,1560.0,1589.8,1557.2,1588.9,1585.2,677752,10706.2,40705, 307265, 45.34
335,ASTRAL,2025-11-13,1592.8,1593.5,1545.7,1554.0,1550.6,970265,15100.74,38000, 580141, 59.79
336,ASTRAL,2025-11-14,1548.0,1554.0,1507.5,1509.9,1514.0,657446,9997.21,54011, 265404, 40.37
337,ASTRAL,2025-11-17,1508.1,1508.1,1456.4,1465.9,1465.7,1764724,25899.22,63393, 1015055, 57.52
338,ASTRAL,2025-11-18,1473.5,1473.5,1436.1,1449.8,1449.8,1005948,14579.51,38437, 475986, 47.32
339,ASTRAL,2025-11-19,1451.0,1457.5,1436.4,1453.0,1448.2,931531,13452.27,29359, 552091, 59.27
340,ASTRAL,2025-11-20,1458.0,1464.8,1449.0,1463.3,1462.4,337761,4928.74,15106, 164027, 48.56
341,ASTRAL,2025-11-21,1462.1,1467.0,1444.9,1448.0,1452.6,454922,6614.4,15650, 238795, 52.49
342,ASTRAL,2025-11-24,1448.0,1514.9,1438.3,1486.0,1473.2,2705698,39733.01,36451, 1799904, 66.52
343,ASTRAL,2025-11-25,1475.1,1476.6,1444.8,1463.2,1465.5,1562164,22832.17,40867, 789194, 50.52
344,ASTRAL,2025-11-26,1465.0,1481.4,1457.7,1469.0,1466.0,650660,9552.54,17780, 377344, 57.99
345,ASTRAL,2025-11-27,1469.9,1479.1,1460.5,1467.0,1471.0,369425,5433.57,23519, 153477, 41.54
346,ASTRAL,2025-11-28,1470.1,1470.1,1436.6,1440.0,1440.8,527824,7646.29,21952, 231836, 43.92
347,ASTRAL,2025-12-01,1450.5,1450.5,1423.5,1430.0,1440.5,437147,6271.55,23658, 178404, 40.81
348,ASTRAL,2025-12-02,1433.0,1439.5,1413.4,1422.9,1419.7,636694,9072.4,24302, 384534, 60.40
349,ASTRAL,2025-12-03,1421.1,1426.3,1401.1,1410.0,1409.6,552547,7796.54,26755, 319038, 57.74
350,ASTRAL,2025-12-04,1404.6,1446.9,1404.6,1443.8,1440.7,783804,11235.19,35372, 441227, 56.29
351,ASTRAL,2025-12-05,1440.0,1465.9,1433.0,1458.0,1459.5,713691,10349.92,30342, 399424, 55.97
352,AUBANK,2025-11-06,880.9,892.65,875.4,881.0,881.0,3539271,31243.94,49814, 2501967, 70.69
353,AUBANK,2025-11-07,876.05,909.75,870.85,907.15,908.7,3232246,28956.31,63959, 1627223, 50.34
354,AUBANK,2025-11-10,907.15,922.9,905.7,912.15,914.6,2958937,27110.77,39724, 1977582, 66.83
355,AUBANK,2025-11-11,915.0,916.9,886.6,890.1,889.4,1570525,14042.68,45963, 850029, 54.12
356,AUBANK,2025-11-12,897.45,897.45,879.65,880.2,882.05,1230211,10869.35,26846, 700316, 56.93
357,AUBANK,2025-11-13,881.5,891.85,878.8,886.0,886.7,1162548,10302.58,43288, 592857, 51.00
358,AUBANK,2025-11-14,886.0,894.55,882.5,891.9,890.6,1668762,14853.43,27227, 1164044, 69.75
359,AUBANK,2025-11-17,895.0,919.4,892.15,914.0,912.7,2325495,21224.64,55454, 1044439, 44.91
360,AUBANK,2025-11-18,912.65,929.9,909.9,922.0,920.15,3097067,28558.78,56030, 1756753, 56.72
361,AUBANK,2025-11-19,924.75,928.0,910.8,924.0,925.65,3061415,28264.11,49449, 2280497, 74.49
362,AUBANK,2025-11-20,925.65,929.0,916.25,922.8,919.3,599130,5521.94,27243, 269836, 45.04
363,AUBANK,2025-11-21,918.0,924.9,908.6,916.0,915.35,1756372,16079.77,35245, 1080517, 61.52
364,AUBANK,2025-11-24,915.35,935.6,913.35,924.9,925.1,3235422,29987.94,60566, 2148532, 66.41
365,AUBANK,2025-11-25,925.0,946.25,925.0,945.0,944.05,2689417,25247.38,55772, 1472906, 54.77
366,AUBANK,2025-11-26,943.0,962.65,941.0,951.0,953.75,2849853,27199.83,89093, 1851412, 64.97
367,AUBANK,2025-11-27,953.75,955.0,938.8,944.9,947.15,1254643,11854.99,48229, 678140, 54.05
368,AUBANK,2025-11-28,949.0,956.3,943.6,952.95,955.25,1439552,13707.97,35089, 967606, 67.22
369,AUBANK,2025-12-01,955.4,962.7,947.8,951.2,950.5,1215469,11584.75,35986, 631133, 51.93
370,AUBANK,2025-12-02,949.95,966.9,948.55,951.4,953.05,1845042,17654.46,46247, 1124006, 60.92
371,AUBANK,2025-12-03,951.8,952.4,938.4,952.0,948.7,2138096,20190.53,36684, 1418321, 66.34
372,AUBANK,2025-12-04,949.0,954.0,943.65,949.0,948.75,651215,6174.19,39871, 379764, 58.32
373,AUBANK,2025-12-05,948.9,965.0,946.1,960.9,960.7,1640399,15725.07,48637, 973133, 59.32
374,AUROPHARMA,2025-11-06,1156.0,1157.8,1121.3,1135.0,1140.6,1443663,16467.82,43704, 470033, 32.56
375,AUROPHARMA,2025-11-07,1141.5,1143.8,1120.0,1122.5,1123.8,363582,4101.38,18573, 126529, 34.80
376,AUROPHARMA,2025-11-10,1126.1,1160.8,1123.8,1153.5,1154.8,1384229,15899.16,32487, 735250, 53.12
377,AUROPHARMA,2025-11-11,1158.0,1173.7,1153.5,1165.0,1168.2,1481205,17284.27,45519, 858022, 57.93
378,AUROPHARMA,2025-11-12,1170.0,1195.5,1160.9,1190.3,1183.6,2367201,27902.25,52958, 1170143, 49.43
379,AUROPHARMA,2025-11-13,1191.0,1222.9,1185.6,1209.1,1210.2,2637535,31931.34,65277, 1517566, 57.54
380,AUROPHARMA,2025-11-14,1210.2,1231.9,1202.9,1229.0,1222.5,2055973,25073.61,63152, 1044209, 50.79
381,AUROPHARMA,2025-11-17,1222.5,1241.1,1218.3,1240.0,1236.9,988088,12157.64,34356, 501778, 50.78
382,AUROPHARMA,2025-11-18,1236.9,1249.9,1234.1,1236.9,1239.3,1827771,22707.18,34110, 1151507, 63.00
383,AUROPHARMA,2025-11-19,1233.9,1244.3,1228.7,1232.7,1235.8,744634,9205.66,31119, 442370, 59.41
384,AUROPHARMA,2025-11-20,1236.1,1239.7,1203.8,1210.0,1207.7,768820,9360.54,33743, 366204, 47.63
385,AUROPHARMA,2025-11-21,1207.6,1218.8,1198.0,1203.4,1205.9,497336,6001.54,20264, 179279, 36.05
386,AUROPHARMA,2025-11-24,1205.9,1212.0,1189.6,1195.2,1194.0,1266777,15148.83,28841, 913512, 72.11
387,AUROPHARMA,2025-11-25,1192.0,1216.0,1190.6,1205.9,1208.0,792811,9587.39,30344, 402263, 50.74
388,AUROPHARMA,2025-11-26,1210.0,1237.3,1195.7,1235.5,1227.4,1126656,13698.66,41039, 686561, 60.94
389,AUROPHARMA,2025-11-27,1227.4,1239.0,1222.6,1236.1,1235.8,667410,8229.97,28974, 319998, 47.95
390,AUROPHARMA,2025-11-28,1238.0,1242.3,1216.0,1219.1,1226.7,556120,6848.83,24484, 264216, 47.51
391,AUROPHARMA,2025-12-01,1229.0,1229.0,1204.0,1213.2,1216.2,692441,8403.29,33323, 319838, 46.19
392,AUROPHARMA,2025-12-02,1216.0,1218.9,1207.4,1214.0,1215.2,507178,6156.11,26248, 307014, 60.53
393,AUROPHARMA,2025-12-03,1208.6,1214.0,1196.4,1209.1,1208.9,718893,8676.99,23154, 366159, 50.93
394,AUROPHARMA,2025-12-04,1215.4,1226.8,1209.1,1220.0,1223.1,740597,9030.58,29461, 374347, 50.55
395,AUROPHARMA,2025-12-05,1225.0,1226.4,1209.0,1217.9,1217.6,394525,4808.55,16210, 203730, 51.64
396,AXISBANK,2025-11-06,1225.0,1239.6,1225.0,1227.7,1228.5,3733721,45950.95,107587, 2466135, 66.05
397,AXISBANK,2025-11-07,1227.0,1228.8,1217.0,1224.1,1222.8,3461466,42382.45,115566, 2458890, 71.04
398,AXISBANK,2025-11-10,1222.0,1232.8,1215.5,1215.5,1217.0,4140568,50632.46,124190, 2971778, 71.77
399,AXISBANK,2025-11-11,1218.1,1225.0,1209.4,1222.5,1222.5,5615453,68474.4,126602, 3763155, 67.01
400,AXISBANK,2025-11-12,1227.9,1232.7,1216.5,1216.5,1221.6,6782513,83100.64,138864, 5235281, 77.19
401,AXISBANK,2025-11-13,1219.0,1234.8,1213.2,1228.3,1225.2,3345231,41018.29,132547, 2076362, 62.07
402,AXISBANK,2025-11-14,1224.0,1246.0,1222.0,1244.4,1241.6,5197740,64375.61,147652, 3538813, 68.08
403,AXISBANK,2025-11-17,1243.9,1261.0,1240.4,1250.0,1249.6,4088026,51205.63,90343, 2482103, 60.72
404,AXISBANK,2025-11-18,1250.0,1273.5,1247.6,1263.0,1265.4,10175969,128507.74,138951, 6855922, 67.37
405,AXISBANK,2025-11-19,1268.0,1273.0,1257.8,1270.1,1270.4,4101288,51967.32,94665, 2871330, 70.01
406,AXISBANK,2025-11-20,1275.0,1287.3,1262.6,1286.2,1285.2,4617594,59159.3,118655, 2509437, 54.35
407,AXISBANK,2025-11-21,1284.0,1284.5,1273.0,1275.2,1275.8,6363593,81398.81,134058, 4904717, 77.07
408,AXISBANK,2025-11-24,1279.2,1290.9,1266.6,1267.0,1269.0,10491953,133872.48,148851, 8084698, 77.06
409,AXISBANK,2025-11-25,1269.1,1276.7,1263.7,1267.1,1266.3,5290156,67182.25,140937, 3275572, 61.92
410,AXISBANK,2025-11-26,1271.9,1292.8,1269.3,1290.0,1290.2,4842021,62350.58,137016, 3286086, 67.87
411,AXISBANK,2025-11-27,1297.0,1304.0,1281.0,1286.1,1287.3,5924706,76437.61,142271, 3569242, 60.24
412,AXISBANK,2025-11-28,1287.3,1289.0,1275.0,1282.8,1279.7,3093636,39589.25,104579, 1571976, 50.81
413,AXISBANK,2025-12-01,1288.0,1289.0,1268.5,1276.0,1275.7,4098016,52299.81,113989, 2151300, 52.50
414,AXISBANK,2025-12-02,1270.7,1281.0,1255.1,1262.3,1258.0,8115347,102533.44,134040, 5654384, 69.68
415,AXISBANK,2025-12-03,1255.0,1272.9,1255.0,1269.4,1270.7,3582794,45346.06,104155, 2383391, 66.52
416,AXISBANK,2025-12-04,1270.7,1282.8,1269.4,1277.5,1280.0,3216108,41098.54,103670, 2043075, 63.53
417,AXISBANK,2025-12-05,1275.2,1285.0,1267.3,1281.8,1282.5,2728214,34872.24,80089, 1438838, 52.74
418,BAJAJ-AUTO,2025-11-06,8755.0,8820.5,8702.5,8713.0,8720.5,326774,28615.57,29306, 214963, 65.78
419,BAJAJ-AUTO,2025-11-07,8720.0,8749.5,8605.0,8717.0,8721.5,290120,25139.02,33020, 132534, 45.68
420,BAJAJ-AUTO,2025-11-10,8795.0,8838.0,8685.5,8770.0,8772.0,992874,86944.28,76738, 548730, 55.27
421,BAJAJ-AUTO,2025-11-11,8819.0,8945.0,8726.0,8900.0,8895.0,380748,33728.31,43702, 181210, 47.59
422,BAJAJ-AUTO,2025-11-12,8935.0,8935.0,8800.0,8845.0,8868.0,439922,38960.55,56234, 294042, 66.84
423,BAJAJ-AUTO,2025-11-13,8888.0,8895.5,8842.0,8863.0,8867.5,276001,24479.34,36267, 189243, 68.57
424,BAJAJ-AUTO,2025-11-14,8867.5,8867.5,8781.5,8845.0,8843.0,550371,48487.61,36677, 398440, 72.39
425,BAJAJ-AUTO,2025-11-17,8850.0,9025.0,8850.0,8949.0,8945.5,457995,41096.09,42009, 212353, 46.37
426,BAJAJ-AUTO,2025-11-18,8975.5,8999.0,8900.0,8915.0,8921.0,276172,24738.57,31372, 145766, 52.78
427,BAJAJ-AUTO,2025-11-19,8950.0,8975.0,8863.5,8872.0,8884.5,326292,29106.63,37851, 227800, 69.81
428,BAJAJ-AUTO,2025-11-20,8924.0,9005.0,8890.0,8984.0,8979.5,189991,17038.55,30674, 93660, 49.30
429,BAJAJ-AUTO,2025-11-21,8950.0,8957.5,8862.0,8890.0,8892.0,320271,28519.54,29418, 213960, 66.81
430,BAJAJ-AUTO,2025-11-24,8905.0,9049.0,8857.5,9015.0,9007.5,466198,41981.36,38641, 302443, 64.87
431,BAJAJ-AUTO,2025-11-25,9025.0,9145.0,9001.0,9045.0,9048.0,482151,43778.97,46940, 260086, 53.94
432,BAJAJ-AUTO,2025-11-26,9054.0,9180.0,9028.0,9156.5,9164.0,354143,32330.83,34541, 201606, 56.93
433,BAJAJ-AUTO,2025-11-27,9194.0,9254.5,8996.0,9040.5,9022.5,602295,54774.17,63377, 340244, 56.49
434,BAJAJ-AUTO,2025-11-28,9031.0,9106.0,8922.0,9080.0,9073.5,432445,38969.72,40693, 224492, 51.91
435,BAJAJ-AUTO,2025-12-01,9129.0,9189.5,9055.5,9090.0,9096.0,449503,40975.57,42829, 234229, 52.11
436,BAJAJ-AUTO,2025-12-02,9100.0,9142.0,8988.0,9072.0,9085.5,319833,28970.3,39477, 196885, 61.56
437,BAJAJ-AUTO,2025-12-03,9085.5,9105.0,8950.0,9007.5,9000.5,412081,37113.69,38248, 280104, 67.97
438,BAJAJ-AUTO,2025-12-04,9005.0,9095.0,8988.0,9080.5,9085.0,275604,24928.79,27382, 157152, 57.02
439,BAJAJ-AUTO,2025-12-05,9054.0,9130.0,9045.5,9110.0,9109.0,279893,25458.6,29831, 182105, 65.06
440,BAJAJFINSV,2025-11-06,2079.0,2080.4,2057.2,2065.9,2063.2,1175380,24269.17,65579, 685715, 58.34
441,BAJAJFINSV,2025-11-07,2060.0,2112.0,2042.8,2110.0,2102.1,839091,17471.19,53813, 384467, 45.82
442,BAJAJFINSV,2025-11-10,2114.7,2126.8,2096.3,2120.1,2118.3,985115,20828.68,50721, 511466, 51.92
443,BAJAJFINSV,2025-11-11,2085.0,2099.0,1952.4,1992.9,1989.4,4943745,98162.91,236777, 2096352, 42.40
444,BAJAJFINSV,2025-11-12,2009.5,2039.0,1995.0,2039.0,2035.5,2396251,48372.34,111268, 1108637, 46.27
445,BAJAJFINSV,2025-11-13,2045.0,2072.4,2032.3,2057.0,2056.2,1839900,37855.55,91044, 1193998, 64.89
446,BAJAJFINSV,2025-11-14,2050.0,2072.0,2044.2,2064.9,2065.8,1433249,29454.46,56977, 1016934, 70.95
447,BAJAJFINSV,2025-11-17,2065.8,2081.1,2055.0,2080.0,2079.6,817576,16937.73,38525, 464602, 56.83
448,BAJAJFINSV,2025-11-18,2073.0,2075.5,2047.0,2053.3,2050.2,734236,15092.0,37520, 442513, 60.27
449,BAJAJFINSV,2025-11-19,2059.4,2059.4,2035.0,2045.0,2050.2,704802,14407.25,48560, 430677, 61.11
450,BAJAJFINSV,2025-11-20,2064.7,2105.0,2042.9,2097.2,2095.6,1576354,32889.95,64693, 821512, 52.11
451,BAJAJFINSV,2025-11-21,2100.0,2100.0,2045.1,2056.9,2052.4,1019782,21067.57,44850, 583046, 57.17
452,BAJAJFINSV,2025-11-24,2064.0,2064.0,2025.8,2041.0,2030.8,1422874,29002.02,47071, 872240, 61.30
453,BAJAJFINSV,2025-11-25,2039.0,2051.5,2026.4,2032.1,2030.2,688300,14022.13,48755, 402766, 58.52
454,BAJAJFINSV,2025-11-26,2035.0,2088.5,2030.9,2082.0,2085.1,928388,19258.76,40766, 508870, 54.81
455,BAJAJFINSV,2025-11-27,2085.1,2118.0,2075.6,2105.0,2103.2,1125896,23712.28,54136, 449865, 39.96
456,BAJAJFINSV,2025-11-28,2110.0,2113.0,2086.5,2094.1,2094.0,590610,12382.29,36338, 368782, 62.44
457,BAJAJFINSV,2025-12-01,2102.5,2105.9,2075.0,2082.0,2081.8,533604,11132.47,45581, 268591, 50.34
458,BAJAJFINSV,2025-12-02,2070.1,2081.5,2059.5,2065.6,2065.9,682583,14118.35,55341, 425633, 62.36
459,BAJAJFINSV,2025-12-03,2065.9,2072.4,2035.0,2040.0,2046.0,785536,16061.42,53997, 436822, 55.61
460,BAJAJFINSV,2025-12-04,2046.0,2061.9,2034.0,2048.5,2049.2,758590,15541.82,49980, 457857, 60.36
461,BAJAJFINSV,2025-12-05,2050.0,2110.0,2045.8,2092.9,2096.5,1742156,36366.24,52459, 983066, 56.43
462,BAJFINANCE,2025-11-06,1037.0,1052.8,1035.0,1042.5,1041.9,5776277,60341.25,130577, 3301080, 57.15
463,BAJFINANCE,2025-11-07,1039.0,1076.9,1034.2,1069.6,1066.6,6940923,73579.79,142002, 3627155, 52.26
464,BAJFINANCE,2025-11-10,1066.6,1088.0,1062.9,1086.6,1085.0,5692236,61438.15,139418, 3029954, 53.23
465,BAJFINANCE,2025-11-11,1043.7,1043.7,997.0,1009.1,1005.2,23762890,239603.0,513536, 11893882, 50.05
466,BAJFINANCE,2025-11-12,1011.0,1018.4,1008.8,1011.0,1013.2,11131278,112852.97,187385, 7974380, 71.64
467,BAJFINANCE,2025-11-13,1012.5,1019.4,1003.5,1007.0,1005.4,8503994,85959.95,192819, 6008139, 70.65
468,BAJFINANCE,2025-11-14,1004.9,1019.9,1002.6,1016.1,1018.5,4381122,44396.64,200155, 2717321, 62.02
469,BAJFINANCE,2025-11-17,1021.0,1033.0,1017.0,1027.0,1026.8,6011603,61765.79,221125, 3919200, 65.19
470,BAJFINANCE,2025-11-18,1021.2,1024.1,1011.7,1014.4,1013.6,4562185,46310.21,103137, 2855581, 62.59
471,BAJFINANCE,2025-11-19,1009.0,1016.1,1004.6,1005.8,1005.6,5158832,52003.02,91630, 3628084, 70.33
472,BAJFINANCE,2025-11-20,1015.0,1031.7,1007.3,1028.7,1028.6,5459073,55853.63,111536, 3361242, 61.57
473,BAJFINANCE,2025-11-21,1020.0,1027.6,1001.5,1005.0,1004.1,6304584,63831.76,125148, 4550093, 72.17
474,BAJFINANCE,2025-11-24,1005.0,1009.3,990.0,994.0,994.0,9574900,95581.17,109365, 7434972, 77.65
475,BAJFINANCE,2025-11-25,995.0,996.9,984.5,985.0,986.2,6376983,63149.82,134254, 4535421, 71.12
476,BAJFINANCE,2025-11-26,986.2,1012.8,981.3,1011.0,1010.7,9772235,98072.8,139321, 6621753, 67.76
477,BAJFINANCE,2025-11-27,1015.6,1044.9,1010.9,1035.3,1033.8,12076038,125070.96,258662, 6510318, 53.91
478,BAJFINANCE,2025-11-28,1038.0,1043.5,1031.0,1038.0,1037.5,4983147,51680.02,109406, 3055740, 61.32
479,BAJFINANCE,2025-12-01,1041.9,1042.0,1018.8,1019.8,1021.1,6459837,66245.06,190993, 4248596, 65.77
480,BAJFINANCE,2025-12-02,1014.5,1036.0,1013.9,1025.3,1025.5,6706145,68697.6,135804, 3895609, 58.09
481,BAJFINANCE,2025-12-03,1021.0,1026.3,1014.2,1022.0,1021.4,5895670,60119.27,118342, 4139143, 70.21
482,BAJFINANCE,2025-12-04,1018.0,1032.3,1016.0,1027.1,1029.1,5404918,55439.08,124585, 3921850, 72.56
483,BAJFINANCE,2025-12-05,1028.9,1061.0,1026.5,1046.8,1048.0,13123572,137547.59,212153, 7339156, 55.92
484,BANDHANBNK,2025-11-06,156.89,156.89,151.36,153.01,152.93,12978521,19827.87,53660, 7320745, 56.41
485,BANDHANBNK,2025-11-07,152.93,155.18,151.76,153.95,153.71,16575533,25472.44,48747, 9092674, 54.86
486,BANDHANBNK,2025-11-10,154.39,155.27,152.25,152.38,152.5,7260687,11110.38,24490, 4770628, 65.70
487,BANDHANBNK,2025-11-11,152.8,153.5,149.32,151.19,150.94,6636127,9994.39,37864, 3328589, 50.16
488,BANDHANBNK,2025-11-12,151.09,156.3,151.09,155.95,155.85,8535481,13194.18,37901, 3375541, 39.55
489,BANDHANBNK,2025-11-13,155.5,156.07,154.0,154.3,154.13,3841132,5959.71,20169, 1516728, 39.49
490,BANDHANBNK,2025-11-14,154.3,155.26,153.4,155.0,154.59,4141559,6394.32,21481, 1839723, 44.42
491,BANDHANBNK,2025-11-17,154.99,157.75,154.55,155.0,154.78,5810479,9068.97,27604, 2174485, 37.42
492,BANDHANBNK,2025-11-18,155.1,155.52,152.9,153.9,153.16,3409847,5243.1,18704, 1341387, 39.34
493,BANDHANBNK,2025-11-19,153.9,153.9,152.1,152.95,152.88,3087236,4722.58,15788, 1401886, 45.41
494,BANDHANBNK,2025-11-20,153.0,153.59,151.03,151.29,151.22,3386488,5145.08,19902, 1248143, 36.86
495,BANDHANBNK,2025-11-21,151.17,151.25,148.52,149.1,149.11,7161555,10718.22,35059, 3596425, 50.22
496,BANDHANBNK,2025-11-24,149.1,150.9,148.1,150.0,149.91,7482792,11213.63,43634, 3770467, 50.39
497,BANDHANBNK,2025-11-25,150.0,150.31,148.57,150.3,149.63,4401144,6577.3,27486, 1904357, 43.27
498,BANDHANBNK,2025-11-26,150.0,152.5,149.72,151.17,151.18,4999472,7557.98,23696, 2369830, 47.40
499,BANDHANBNK,2025-11-27,152.0,152.22,149.25,149.5,149.64,4904968,7363.48,22911, 2199573, 44.84
500,BANDHANBNK,2025-11-28,150.8,152.21,149.81,150.31,150.36,4578914,6898.13,23105, 1086416, 23.73
501,BANDHANBNK,2025-12-01,151.11,151.2,149.38,150.2,150.05,6906158,10365.91,25027, 4585450, 66.40
502,BANDHANBNK,2025-12-02,150.01,152.4,149.21,149.95,149.78,16272094,24449.87,29013, 11490578, 70.62
503,BANDHANBNK,2025-12-03,150.0,150.19,145.83,146.8,146.78,6115298,8992.15,34000, 2574652, 42.10
504,BANDHANBNK,2025-12-04,146.78,147.75,145.68,145.85,146.12,3582527,5250.78,15858, 1656672, 46.24
505,BANDHANBNK,2025-12-05,146.5,146.64,139.5,140.15,140.08,14523533,20580.48,74767, 7241156, 49.86
506,BANKBARODA,2025-11-06,289.5,290.5,284.75,286.0,286.35,7681719,22084.74,63344, 3853366, 50.16
507,BANKBARODA,2025-11-07,284.0,290.7,283.1,289.2,289.05,6951797,19985.84,69099, 2879037, 41.41
508,BANKBARODA,2025-11-10,289.05,291.85,285.65,287.45,287.7,7071136,20351.88,46922, 3821854, 54.05
509,BANKBARODA,2025-11-11,287.45,288.9,280.95,285.0,285.85,9114319,25919.22,68434, 4943083, 54.23
510,BANKBARODA,2025-11-12,286.9,289.95,283.8,284.3,285.0,11257140,32152.09,60735, 6770410, 60.14
511,BANKBARODA,2025-11-13,284.8,287.2,282.25,283.6,283.25,6205108,17624.6,42745, 3161456, 50.95
512,BANKBARODA,2025-11-14,281.3,287.45,281.3,286.4,286.75,5767810,16462.01,48185, 2956249, 51.25
513,BANKBARODA,2025-11-17,289.0,292.4,287.65,288.15,287.95,9325390,27059.86,76952, 3640583, 39.04
514,BANKBARODA,2025-11-18,287.75,289.85,285.0,288.7,288.45,6702634,19315.22,59724, 4101037, 61.19
515,BANKBARODA,2025-11-19,287.85,293.8,287.0,293.55,293.3,11205111,32658.82,74178, 5988389, 53.44
516,BANKBARODA,2025-11-20,294.95,294.95,287.7,288.1,288.25,7321372,21291.53,52431, 3411761, 46.60
517,BANKBARODA,2025-11-21,287.0,287.95,283.3,284.15,284.15,7072694,20198.47,63572, 3414928, 48.28
518,BANKBARODA,2025-11-24,284.15,285.85,281.0,281.25,281.9,8839228,25022.46,57401, 5122065, 57.95
519,BANKBARODA,2025-11-25,281.75,287.9,280.7,287.0,287.25,7981354,22821.39,54510, 4899757, 61.39
520,BANKBARODA,2025-11-26,287.0,293.0,286.95,288.0,288.4,5874557,17024.43,45692, 2552342, 43.45
521,BANKBARODA,2025-11-27,289.25,289.9,286.1,288.4,287.9,5143734,14800.21,54772, 2320095, 45.11
522,BANKBARODA,2025-11-28,287.0,292.45,287.0,290.0,289.8,7906532,22954.2,56558, 4376127, 55.35
523,BANKBARODA,2025-12-01,290.0,297.75,290.0,296.3,295.55,13719693,40531.1,89417, 5976218, 43.56
524,BANKBARODA,2025-12-02,297.0,303.95,295.8,297.05,296.9,20755587,62359.22,127160, 9731204, 46.88
525,BANKBARODA,2025-12-03,296.0,297.65,285.2,287.5,287.0,13931844,40257.05,106540, 7492707, 53.78
526,BANKBARODA,2025-12-04,286.0,289.85,285.5,287.05,288.2,8269764,23802.29,52584, 4742476, 57.35
527,BANKBARODA,2025-12-05,287.1,294.0,286.55,292.0,292.6,7376690,21441.96,54416, 2820915, 38.24
528,BANKINDIA,2025-11-06,142.0,142.46,139.77,140.05,140.17,8872753,12471.29,38911, 4553562, 51.32
529,BANKINDIA,2025-11-07,140.0,144.88,138.55,144.65,144.58,15852911,22558.96,77551, 6832014, 43.10
530,BANKINDIA,2025-11-10,145.55,146.7,144.0,145.76,145.94,13305840,19379.12,44952, 5782970, 43.46
531,BANKINDIA,2025-11-11,145.94,146.37,142.0,145.56,145.51,12078028,17451.24,43908, 3953268, 32.73
532,BANKINDIA,2025-11-12,146.0,147.8,145.2,146.18,146.66,7678828,11259.29,36900, 3443019, 44.84
533,BANKINDIA,2025-11-13,146.8,147.14,144.12,144.29,144.62,6531155,9523.0,30829, 3041231, 46.56
534,BANKINDIA,2025-11-14,144.05,146.8,144.0,146.44,146.52,4683129,6834.46,31836, 2257681, 48.21
535,BANKINDIA,2025-11-17,147.25,150.05,146.75,147.7,147.35,11822101,17551.81,51913, 5004423, 42.33
536,BANKINDIA,2025-11-18,147.41,148.7,146.21,146.99,146.49,5679286,8363.65,43050, 2696820, 47.49
537,BANKINDIA,2025-11-19,146.5,148.77,145.32,148.6,148.59,6008229,8860.01,32765, 2914030, 48.50
538,BANKINDIA,2025-11-20,148.61,149.24,147.22,147.68,147.72,6792534,10080.14,27015, 3958930, 58.28
539,BANKINDIA,2025-11-21,147.5,148.26,144.76,145.5,145.46,6836506,9985.32,37768, 4010793, 58.67
540,BANKINDIA,2025-11-24,145.46,147.6,144.99,145.6,145.85,5975367,8766.69,27496, 2959312, 49.53
541,BANKINDIA,2025-11-25,145.5,147.6,145.11,147.1,147.21,5835383,8555.16,31786, 2716747, 46.56
542,BANKINDIA,2025-11-26,148.0,151.43,147.52,148.7,148.85,11556248,17298.44,55597, 4974320, 43.04
543,BANKINDIA,2025-11-27,149.36,149.69,145.85,147.89,147.64,7775331,11453.36,32432, 2722385, 35.01
544,BANKINDIA,2025-11-28,147.69,147.8,146.2,146.84,147.14,4416863,6495.75,26401, 1833801, 41.52
545,BANKINDIA,2025-12-01,147.5,149.04,146.35,147.35,147.24,6729070,9916.92,25698, 3065090, 45.55
546,BANKINDIA,2025-12-02,147.24,149.4,145.28,145.6,145.73,10708531,15783.94,55870, 4874315, 45.52
547,BANKINDIA,2025-12-03,146.09,146.09,139.08,140.29,140.3,9346948,13202.07,42823, 3413909, 36.52
548,BANKINDIA,2025-12-04,140.0,142.75,139.72,141.2,141.52,8328312,11771.75,49692, 4106719, 49.31
549,BANKINDIA,2025-12-05,141.5,143.78,140.76,143.0,143.11,4937787,7039.33,27275, 1706762, 34.57
550,BDL,2025-11-06,1483.0,1486.1,1424.1,1433.9,1438.1,1430679,20633.13,61169, 570747, 39.89
551,BDL,2025-11-07,1425.1,1455.0,1413.0,1446.0,1447.7,984121,14096.51,35549, 328726, 33.40
552,BDL,2025-11-10,1450.0,1521.5,1449.7,1512.5,1514.4,1989123,29891.94,61310, 443189, 22.28
553,BDL,2025-11-11,1513.0,1552.0,1512.1,1534.0,1533.4,1622623,24922.58,46058, 420723, 25.93
554,BDL,2025-11-12,1541.1,1555.0,1521.2,1528.0,1532.4,1038141,15975.49,36883, 320052, 30.83
555,BDL,2025-11-13,1530.0,1544.9,1510.0,1516.0,1517.9,953101,14548.16,33291, 311487, 32.68
556,BDL,2025-11-14,1601.0,1633.4,1583.2,1611.0,1613.8,8771309,141440.78,216631, 2653356, 30.25
557,BDL,2025-11-17,1620.1,1629.9,1582.3,1587.0,1589.5,1613157,25870.89,45652, 563288, 34.92
558,BDL,2025-11-18,1580.0,1587.0,1555.6,1556.8,1558.2,850306,13333.85,31016, 288278, 33.90
559,BDL,2025-11-19,1556.5,1559.5,1533.9,1537.0,1536.8,864822,13328.19,27384, 346526, 40.07
560,BDL,2025-11-20,1542.0,1583.0,1540.1,1556.2,1557.0,1803892,28186.96,53265, 513664, 28.48
561,BDL,2025-11-21,1555.0,1555.0,1504.4,1508.6,1512.7,968660,14779.14,34293, 405312, 41.84
562,BDL,2025-11-24,1498.0,1511.8,1472.1,1478.0,1477.0,1306842,19458.56,44452, 397009, 30.38
563,BDL,2025-11-25,1480.0,1492.3,1460.1,1462.0,1462.4,695115,10252.0,24789, 211666, 30.45
564,BDL,2025-11-26,1472.2,1493.1,1469.7,1487.0,1487.6,617077,9162.16,21441, 163831, 26.55
565,BDL,2025-11-27,1496.0,1508.0,1486.7,1503.1,1504.5,721854,10831.14,26765, 248120, 34.37
566,BDL,2025-11-28,1514.3,1519.2,1493.2,1513.0,1513.6,541716,8177.98,22187, 155966, 28.79
567,BDL,2025-12-01,1521.3,1539.2,1514.0,1526.7,1530.3,883914,13508.08,30289, 286649, 32.43
568,BDL,2025-12-02,1560.0,1560.0,1515.9,1520.7,1525.3,2303031,35365.53,60790, 517028, 22.45
569,BDL,2025-12-03,1520.7,1526.8,1470.0,1486.9,1483.0,1531544,22813.33,45174, 587959, 38.39
570,BDL,2025-12-04,1490.0,1539.0,1482.9,1537.9,1528.0,1496051,22619.64,43109, 459261, 30.70
571,BDL,2025-12-05,1537.0,1537.6,1497.1,1509.0,1512.5,1483241,22480.85,45397, 430685, 29.04
572,BEL,2025-11-06,411.0,415.0,407.45,408.8,408.8,12786294,52499.86,162710, 7493743, 58.61
573,BEL,2025-11-07,408.0,416.0,405.3,414.4,414.25,10141248,41703.42,112537, 5198138, 51.26
574,BEL,2025-11-10,415.95,420.4,414.0,416.9,416.85,9288444,38712.49,114887, 3814217, 41.06
575,BEL,2025-11-11,417.15,427.9,417.15,426.8,427.3,24889361,105658.79,207865, 11201541, 45.01
576,BEL,2025-11-12,428.15,429.4,421.8,423.4,424.75,15221773,64691.53,143443, 8420988, 55.32
577,BEL,2025-11-13,423.15,425.2,419.0,420.2,419.8,9091428,38323.41,105024, 4582681, 50.41
578,BEL,2025-11-14,418.8,428.7,418.7,426.5,426.85,14719899,62484.22,134592, 7537808, 51.21
579,BEL,2025-11-17,427.95,429.5,422.4,424.9,424.55,12996079,55226.93,122546, 7272168, 55.96
580,BEL,2025-11-18,424.55,429.45,420.3,421.6,420.9,13340937,56588.69,135329, 7187406, 53.87
581,BEL,2025-11-19,420.0,424.25,415.05,423.25,423.2,9661756,40627.83,97636, 5213716, 53.96
582,BEL,2025-11-20,425.0,427.2,422.2,423.5,423.0,10463382,44456.01,128348, 5898505, 56.37
583,BEL,2025-11-21,421.5,423.35,415.5,417.2,416.35,8395038,35117.36,141484, 4680594, 55.75
584,BEL,2025-11-24,414.0,415.35,401.0,402.9,403.8,23696864,96332.51,215856, 14424438, 60.87
585,BEL,2025-11-25,406.5,412.4,406.0,410.2,410.25,14107503,57796.96,165997, 7595468, 53.84
586,BEL,2025-11-26,410.25,416.5,408.5,415.3,415.3,8339381,34500.74,122160, 4304611, 51.62
587,BEL,2025-11-27,415.3,417.3,412.0,413.35,413.05,5251173,21758.16,102282, 2772428, 52.80
588,BEL,2025-11-28,414.0,415.25,408.65,411.55,411.75,6690232,27541.0,122600, 3591828, 53.69
589,BEL,2025-12-01,415.9,419.2,413.5,417.0,417.25,9650320,40186.81,152849, 5173999, 53.61
590,BEL,2025-12-02,418.05,418.65,411.0,413.1,413.05,11215451,46373.91,109600, 6569061, 58.57
591,BEL,2025-12-03,412.0,412.7,403.4,404.65,403.95,12294040,49884.11,132871, 7170112, 58.32
592,BEL,2025-12-04,405.8,409.5,401.75,409.0,407.15,10865110,44137.66,159810, 5421068, 49.89
593,BEL,2025-12-05,409.0,410.7,405.35,406.7,406.9,11774958,48004.66,105570, 7163579, 60.84
594,BHARATFORG,2025-11-06,1320.0,1331.6,1299.1,1316.0,1319.7,1108499,14608.02,49764, 577676, 52.11
595,BHARATFORG,2025-11-07,1315.0,1320.7,1301.4,1317.4,1317.1,457443,6001.77,29736, 159235, 34.81
596,BHARATFORG,2025-11-10,1318.3,1336.0,1306.8,1330.2,1328.4,723187,9574.68,28002, 294992, 40.79
597,BHARATFORG,2025-11-11,1333.8,1411.0,1303.7,1403.0,1402.1,4813720,65528.32,118871, 1003162, 20.84
598,BHARATFORG,2025-11-12,1410.0,1410.0,1378.6,1390.0,1389.2,1721977,23999.69,65254, 826633, 48.00
599,BHARATFORG,2025-11-13,1396.2,1410.9,1377.0,1387.5,1388.8,1046952,14594.09,36095, 438924, 41.92
600,BHARATFORG,2025-11-14,1377.0,1405.0,1368.0,1400.0,1396.7,1232599,17034.19,30967, 647913, 52.56
601,BHARATFORG,2025-11-17,1402.0,1402.0,1380.0,1388.7,1383.7,1511212,20967.11,27563, 1006197, 66.58
602,BHARATFORG,2025-11-18,1388.0,1404.0,1371.5,1398.9,1396.6,1361221,18825.38,36031, 793462, 58.29
603,BHARATFORG,2025-11-19,1398.9,1453.5,1396.7,1444.0,1446.2,2476584,35392.28,56625, 830989, 33.55
604,BHARATFORG,2025-11-20,1460.0,1460.2,1432.9,1436.5,1435.4,903044,13016.92,55231, 368947, 40.86
605,BHARATFORG,2025-11-21,1432.2,1435.9,1406.3,1410.0,1410.2,796865,11279.33,22068, 405786, 50.92
606,BHARATFORG,2025-11-24,1410.2,1430.1,1402.7,1413.0,1412.2,3019271,42696.75,46038, 2038510, 67.52
607,BHARATFORG,2025-11-25,1410.0,1422.7,1399.3,1409.7,1409.7,668177,9427.85,22893, 416659, 62.36
608,BHARATFORG,2025-11-26,1408.0,1436.0,1405.3,1434.4,1431.3,567619,8094.91,17873, 311299, 54.84
609,BHARATFORG,2025-11-27,1435.0,1445.2,1428.9,1432.8,1433.4,463627,6663.87,23874, 178816, 38.57
610,BHARATFORG,2025-11-28,1433.4,1438.3,1412.7,1436.5,1433.8,1148404,16346.09,23820, 784769, 68.34
611,BHARATFORG,2025-12-01,1438.0,1450.0,1424.9,1430.4,1433.0,495952,7126.65,26271, 204327, 41.20
612,BHARATFORG,2025-12-02,1428.7,1433.9,1409.2,1423.4,1421.4,1579879,22390.89,49790, 1061251, 67.17
613,BHARATFORG,2025-12-03,1415.0,1415.0,1385.0,1410.7,1406.7,1946889,27236.26,52409, 1175820, 60.39
614,BHARATFORG,2025-12-04,1405.0,1419.3,1389.7,1402.5,1394.3,805774,11303.34,32992, 416185, 51.65
615,BHARATFORG,2025-12-05,1394.4,1408.3,1385.7,1403.0,1406.0,483518,6766.36,28278, 219831, 45.46
616,BHARTIARTL,2025-11-06,2115.0,2123.3,2080.5,2095.0,2094.9,9546299,200760.42,327497, 6456053, 67.63
617,BHARTIARTL,2025-11-07,2048.0,2048.0,1995.6,2001.5,2001.2,70392750,1425949.15,260133, 57886728, 82.23
618,BHARTIARTL,2025-11-10,1995.0,2028.8,1992.2,2020.5,2019.8,7457061,150412.82,158704, 5484860, 73.55
619,BHARTIARTL,2025-11-11,2020.1,2056.9,2017.4,2044.5,2042.3,14825625,302896.52,314436, 11426289, 77.07
620,BHARTIARTL,2025-11-12,2060.0,2079.8,2054.9,2077.9,2073.8,8210277,169985.44,196315, 6173257, 75.19
621,BHARTIARTL,2025-11-13,2099.9,2107.0,2079.0,2093.0,2091.8,5958875,124751.14,167057, 3831879, 64.31
622,BHARTIARTL,2025-11-14,2090.0,2107.9,2081.9,2096.8,2100.7,6312655,131939.11,209996, 5068585, 80.29
623,BHARTIARTL,2025-11-17,2112.0,2122.0,2100.9,2111.3,2112.2,5998770,126763.22,138351, 3998847, 66.66
624,BHARTIARTL,2025-11-18,2122.0,2159.0,2110.3,2146.1,2149.2,10972556,235289.91,213187, 6330430, 57.69
625,BHARTIARTL,2025-11-19,2155.0,2166.2,2146.7,2160.0,2159.8,7419461,159716.23,151296, 5651009, 76.16
626,BHARTIARTL,2025-11-20,2153.1,2169.3,2149.9,2160.0,2158.3,7452899,160856.72,151163, 4520206, 60.65
627,BHARTIARTL,2025-11-21,2150.1,2174.5,2148.6,2165.0,2162.7,6720938,145349.06,141397, 4777465, 71.08
628,BHARTIARTL,2025-11-24,2162.1,2165.8,2140.4,2145.0,2152.1,9686848,208698.87,140722, 6920655, 71.44
629,BHARTIARTL,2025-11-25,2159.0,2170.7,2138.7,2156.6,2161.6,7102592,153402.17,172471, 3972745, 55.93
630,BHARTIARTL,2025-11-26,2104.0,2134.9,2097.5,2127.0,2126.8,43174047,907705.24,217044, 36720213, 85.05
631,BHARTIARTL,2025-11-27,2132.0,2136.9,2103.8,2118.0,2115.6,4444877,94081.58,154239, 2533106, 56.99
632,BHARTIARTL,2025-11-28,2118.0,2129.5,2096.4,2100.0,2101.6,6263457,131883.76,150812, 4547918, 72.61
633,BHARTIARTL,2025-12-01,2114.7,2119.0,2083.1,2090.5,2089.7,5058900,106027.5,232889, 3212482, 63.50
634,BHARTIARTL,2025-12-02,2089.8,2114.8,2087.1,2107.8,2104.0,6591396,138605.29,266344, 4435427, 67.29
635,BHARTIARTL,2025-12-03,2100.1,2109.9,2081.6,2087.0,2086.0,4357641,91007.7,206107, 3311787, 76.00
636,BHARTIARTL,2025-12-04,2094.8,2108.5,2074.1,2103.0,2103.8,4611819,96408.67,168962, 2910133, 63.10
637,BHARTIARTL,2025-12-05,2092.6,2111.9,2090.0,2109.8,2108.8,2938290,61743.38,109731, 1819746, 61.93
638,BHEL,2025-11-06,266.7,266.9,259.5,260.0,260.05,5823324,15280.0,66879, 2587620, 44.44
639,BHEL,2025-11-07,258.0,265.8,255.3,264.3,263.85,10052522,26368.04,89528, 4095468, 40.74
640,BHEL,2025-11-10,264.95,274.8,264.2,272.5,273.35,18151146,48981.94,117847, 7745125, 42.67
641,BHEL,2025-11-11,274.0,287.75,271.7,285.2,285.8,37222053,105061.62,236017, 15639858, 42.02
642,BHEL,2025-11-12,285.5,290.9,282.75,286.7,287.05,15184051,43613.59,208738, 6410500, 42.22
643,BHEL,2025-11-13,286.0,289.5,280.2,281.2,281.5,16076468,45733.59,99827, 8754826, 54.46
644,BHEL,2025-11-14,281.5,284.5,279.8,282.05,281.6,11786151,33313.04,69461, 6591620, 55.93
645,BHEL,2025-11-17,281.6,286.85,280.6,285.5,285.5,7910619,22528.48,77394, 3549365, 44.87
646,BHEL,2025-11-18,284.95,290.2,282.9,289.2,289.1,11332882,32572.23,86599, 4683781, 41.33
647,BHEL,2025-11-19,290.4,292.4,286.75,289.1,289.2,14533784,42010.01,73379, 6493712, 44.68
648,BHEL,2025-11-20,289.5,290.8,284.45,285.9,285.25,8839796,25396.61,63835, 4641282, 52.50
649,BHEL,2025-11-21,285.0,285.25,281.3,282.5,282.5,6158231,17428.28,58064, 2928217, 47.55
650,BHEL,2025-11-24,282.2,284.6,275.75,277.55,277.9,9586847,26815.07,67809, 4981146, 51.96
651,BHEL,2025-11-25,277.0,285.35,276.7,282.8,282.9,7350075,20744.62,63916, 2650237, 36.06
652,BHEL,2025-11-26,282.8,290.25,282.15,290.0,289.7,11134915,32046.41,118003, 5045041, 45.31
653,BHEL,2025-11-27,289.7,295.25,288.9,290.5,290.85,10234788,29890.16,64428, 3701967, 36.17
654,BHEL,2025-11-28,290.25,293.15,290.1,290.2,290.85,7279931,21198.56,75868, 3351019, 46.03
655,BHEL,2025-12-01,291.1,295.25,290.25,290.65,291.0,9651733,28217.26,74226, 4572682, 47.38
656,BHEL,2025-12-02,290.9,291.6,284.8,286.5,285.5,6242631,18001.04,43859, 2962437, 47.45
657,BHEL,2025-12-03,286.0,287.7,276.05,278.65,278.55,6343542,17764.27,52207, 2640097, 41.62
658,BHEL,2025-12-04,279.0,279.55,274.4,275.85,275.75,8033107,22187.67,45897, 4237891, 52.76
659,BHEL,2025-12-05,275.85,279.5,273.1,277.75,277.75,4629680,12795.31,41807, 1452289, 31.37
660,BIOCON,2025-11-06,380.2,386.8,380.2,385.0,385.2,4037698,15513.99,55329, 1923474, 47.64
661,BIOCON,2025-11-07,384.0,384.45,376.15,380.0,380.4,2407710,9169.25,32443, 888026, 36.88
662,BIOCON,2025-11-10,378.0,384.3,376.35,381.25,382.15,1642994,6264.51,34408, 672141, 40.91
663,BIOCON,2025-11-11,384.0,388.5,381.25,387.0,385.1,2492054,9620.5,38837, 907622, 36.42
664,BIOCON,2025-11-12,387.5,408.8,381.2,405.2,405.9,16384325,65206.09,116972, 5994917, 36.59
665,BIOCON,2025-11-13,407.15,423.1,405.75,416.5,417.0,12453552,51979.96,109514, 3747089, 30.09
666,BIOCON,2025-11-14,414.75,419.95,408.0,411.5,411.15,3320956,13757.92,38821, 1336432, 40.24
667,BIOCON,2025-11-17,412.5,423.15,409.6,422.85,420.95,3740504,15651.29,50634, 1699383, 45.43
668,BIOCON,2025-11-18,422.5,424.95,416.5,421.6,421.6,7436143,31315.11,57527, 3880081, 52.18
669,BIOCON,2025-11-19,424.0,424.45,408.45,409.8,410.1,3249725,13423.16,58562, 1351343, 41.58
670,BIOCON,2025-11-20,407.9,407.9,391.3,395.25,395.15,8463319,33495.78,86001, 3347306, 39.55
671,BIOCON,2025-11-21,395.45,401.9,395.0,397.35,396.85,3348385,13357.47,42007, 1121728, 33.50
672,BIOCON,2025-11-24,397.95,401.9,392.45,392.95,395.25,1994127,7914.23,42537, 985480, 49.42
673,BIOCON,2025-11-25,395.0,396.6,391.65,391.8,393.25,1628532,6424.11,24512, 990797, 60.84
674,BIOCON,2025-11-26,394.15,400.0,392.5,398.5,398.45,1595568,6339.54,40290, 861915, 54.02
675,BIOCON,2025-11-27,397.95,404.0,396.7,399.55,399.65,1913627,7651.95,39754, 884358, 46.21
676,BIOCON,2025-11-28,400.1,401.8,396.4,398.6,398.35,2397734,9564.78,30932, 1418305, 59.15
677,BIOCON,2025-12-01,398.35,401.0,392.65,394.0,394.5,1957799,7755.06,31265, 931800, 47.59
678,BIOCON,2025-12-02,394.5,401.7,392.65,401.0,399.0,2851443,11331.44,47041, 1462869, 51.30
679,BIOCON,2025-12-03,402.0,412.5,400.05,410.5,410.0,10962895,44742.95,176119, 4879817, 44.51
680,BIOCON,2025-12-04,410.0,411.75,384.2,387.95,388.35,12104103,47384.48,137717, 4332309, 35.79
681,BIOCON,2025-12-05,389.3,394.0,386.3,392.05,392.65,4217316,16460.54,42240, 2301065, 54.56
682,BLUESTARCO,2025-11-06,1934.0,2021.4,1776.0,1792.0,1785.5,2860574,53503.04,132086, 920287, 32.17
683,BLUESTARCO,2025-11-07,1790.0,1790.0,1712.1,1756.0,1752.7,917742,15972.57,62054, 300392, 32.73
684,BLUESTARCO,2025-11-10,1757.6,1781.0,1706.5,1775.0,1771.6,315959,5533.97,23196, 102267, 32.37
685,BLUESTARCO,2025-11-11,1770.0,1784.0,1740.0,1781.5,1780.1,240014,4237.87,25427, 130694, 54.45
686,BLUESTARCO,2025-11-12,1780.0,1802.9,1772.0,1795.0,1798.0,225467,4029.87,13431, 120295, 53.35
687,BLUESTARCO,2025-11-13,1797.0,1807.0,1780.2,1787.7,1787.7,317336,5703.17,15875, 201775, 63.58
688,BLUESTARCO,2025-11-14,1785.0,1802.3,1762.5,1768.4,1768.4,401542,7163.86,20310, 223027, 55.54
689,BLUESTARCO,2025-11-17,1768.3,1797.9,1765.0,1787.1,1788.9,143839,2566.31,17842, 80278, 55.81
690,BLUESTARCO,2025-11-18,1789.0,1789.0,1749.5,1778.3,1777.5,361223,6409.61,19676, 226397, 62.68
691,BLUESTARCO,2025-11-19,1775.0,1798.0,1760.5,1795.0,1795.0,186454,3321.06,13725, 78634, 42.17
692,BLUESTARCO,2025-11-20,1785.3,1809.0,1778.0,1797.0,1794.6,229864,4123.85,17695, 128817, 56.04
693,BLUESTARCO,2025-11-21,1794.6,1794.6,1764.0,1778.0,1776.3,313227,5558.91,15461, 188394, 60.15
694,BLUESTARCO,2025-11-24,1780.0,1790.0,1766.0,1790.0,1785.3,196437,3501.17,12257, 123503, 62.87
695,BLUESTARCO,2025-11-25,1794.8,1794.8,1723.0,1744.1,1746.7,535031,9404.83,31006, 281037, 52.53
696,BLUESTARCO,2025-11-26,1760.5,1780.0,1750.0,1774.0,1775.9,299463,5302.58,30730, 189264, 63.20
697,BLUESTARCO,2025-11-27,1776.0,1779.9,1740.6,1758.5,1758.2,553260,9730.78,26433, 349414, 63.16
698,BLUESTARCO,2025-11-28,1760.0,1769.1,1751.2,1766.0,1765.4,150617,2655.88,12977, 88820, 58.97
699,BLUESTARCO,2025-12-01,1766.0,1778.0,1752.0,1772.9,1769.4,207241,3658.25,17775, 120325, 58.06
700,BLUESTARCO,2025-12-02,1778.1,1792.8,1741.1,1742.5,1745.4,292489,5170.46,25474, 121554, 41.56
701,BLUESTARCO,2025-12-03,1745.5,1760.6,1726.0,1752.7,1754.5,245153,4287.18,15354, 121998, 49.76
702,BLUESTARCO,2025-12-04,1748.0,1761.0,1735.0,1755.0,1752.4,219135,3836.62,13824, 116705, 53.26
703,BLUESTARCO,2025-12-05,1740.0,1753.4,1723.2,1734.3,1734.4,290940,5051.79,18004, 125561, 43.16
704,BOSCHLTD,2025-11-06,37950.0,37950.0,36845.0,37100.0,37020.0,28881,10712.89,12795, 13190, 45.67
705,BOSCHLTD,2025-11-07,36985.0,37100.0,36610.0,36800.0,36810.0,13122,4825.05,7261, 5493, 41.86
706,BOSCHLTD,2025-11-10,37000.0,37495.0,36715.0,37200.0,37280.0,17223,6402.08,7099, 6629, 38.49
707,BOSCHLTD,2025-11-11,37280.0,37365.0,36500.0,36600.0,36680.0,36836,13585.17,15860, 11141, 30.24
708,BOSCHLTD,2025-11-12,36610.0,37345.0,35750.0,37160.0,37255.0,53670,19624.96,19986, 23541, 43.86
709,BOSCHLTD,2025-11-13,37150.0,37650.0,36945.0,37120.0,37385.0,24679,9215.59,10744, 10391, 42.10
710,BOSCHLTD,2025-11-14,37235.0,37285.0,36655.0,36895.0,36955.0,23119,8532.32,9583, 10804, 46.73
711,BOSCHLTD,2025-11-17,37000.0,37585.0,36915.0,37355.0,37450.0,24671,9211.19,9078, 13081, 53.02
712,BOSCHLTD,2025-11-18,37450.0,37470.0,36720.0,37065.0,37045.0,17257,6382.52,7096, 8013, 46.43
713,BOSCHLTD,2025-11-19,37065.0,37185.0,36600.0,36850.0,36870.0,18670,6874.69,7493, 8427, 45.14
714,BOSCHLTD,2025-11-20,36970.0,37195.0,36805.0,37055.0,37050.0,18123,6714.16,5989, 11695, 64.53
715,BOSCHLTD,2025-11-21,37140.0,37140.0,36420.0,36495.0,36500.0,12455,4568.32,6769, 5874, 47.16
716,BOSCHLTD,2025-11-24,36500.0,36685.0,36080.0,36220.0,36200.0,30421,11019.97,11938, 18662, 61.35
717,BOSCHLTD,2025-11-25,36400.0,36400.0,35680.0,35750.0,35770.0,14140,5077.03,7373, 5922, 41.88
718,BOSCHLTD,2025-11-26,35925.0,36590.0,35805.0,36295.0,36485.0,14212,5156.38,6625, 7099, 49.95
719,BOSCHLTD,2025-11-27,36700.0,36700.0,36050.0,36300.0,36320.0,12118,4392.07,6460, 6117, 50.48
720,BOSCHLTD,2025-11-28,36205.0,36455.0,36070.0,36075.0,36110.0,14473,5239.97,6115, 9518, 65.76
721,BOSCHLTD,2025-12-01,36280.0,36485.0,36160.0,36410.0,36335.0,16521,5999.93,6294, 9300, 56.29
722,BOSCHLTD,2025-12-02,36360.0,36900.0,36345.0,36700.0,36660.0,26398,9682.98,10245, 16630, 63.00
723,BOSCHLTD,2025-12-03,36850.0,36850.0,36160.0,36600.0,36580.0,22910,8362.82,6918, 16199, 70.71
724,BOSCHLTD,2025-12-04,36580.0,37250.0,36570.0,36900.0,36845.0,38002,14033.14,15522, 24669, 64.92
725,BOSCHLTD,2025-12-05,36985.0,37035.0,36595.0,36850.0,36920.0,9244,3408.81,4003, 3976, 43.01
726,BPCL,2025-11-06,380.0,380.0,367.25,368.5,367.95,11803637,43836.52,140792, 7218769, 61.16
727,BPCL,2025-11-07,360.0,367.85,359.75,367.0,367.15,11711108,42697.63,126650, 7142192, 60.99
728,BPCL,2025-11-10,366.3,369.8,363.65,365.1,365.15,6934285,25404.59,69034, 4158817, 59.97
729,BPCL,2025-11-11,365.0,374.85,360.05,373.8,374.15,10689646,39526.2,95827, 6210421, 58.10
730,BPCL,2025-11-12,375.2,379.1,373.6,374.95,375.45,9316462,35029.14,89349, 5988929, 64.28
731,BPCL,2025-11-13,377.1,378.75,372.1,374.05,374.95,9719258,36421.12,59007, 5970471, 61.43
732,BPCL,2025-11-14,374.0,379.75,369.45,371.5,371.15,6848609,25525.97,88345, 4200539, 61.33
733,BPCL,2025-11-17,372.6,381.55,372.0,374.35,374.25,9063998,34167.81,80628, 4695195, 51.80
734,BPCL,2025-11-18,375.85,376.9,370.65,371.2,371.85,7729409,28812.03,59373, 5164972, 66.82
735,BPCL,2025-11-19,371.85,372.9,364.85,364.95,365.65,7056032,25974.86,88688, 4798302, 68.00
736,BPCL,2025-11-20,367.0,368.8,363.3,365.85,365.05,9025414,33048.08,102521, 6465261, 71.63
737,BPCL,2025-11-21,365.05,367.85,363.4,365.6,364.55,7177944,26215.32,89430, 4521843, 63.00
738,BPCL,2025-11-24,364.55,367.25,357.8,361.8,359.65,13807356,49808.87,65465, 9513279, 68.90
739,BPCL,2025-11-25,358.95,358.95,353.7,355.75,355.85,4113590,14621.12,65601, 2196049, 53.39
740,BPCL,2025-11-26,356.8,368.0,356.1,367.7,367.65,7651793,27946.53,98963, 4406162, 57.58
741,BPCL,2025-11-27,368.95,368.95,361.5,364.8,364.7,5180488,18862.72,81024, 3240850, 62.56
742,BPCL,2025-11-28,365.8,367.0,358.6,359.2,359.1,3459790,12466.53,51534, 2069215, 59.81
743,BPCL,2025-12-01,361.5,361.5,352.4,353.8,354.0,4470807,15895.82,72368, 2635096, 58.94
744,BPCL,2025-12-02,355.75,361.15,354.25,358.9,358.75,9468149,33900.04,100699, 6132091, 64.77
745,BPCL,2025-12-03,359.0,361.0,355.8,358.45,358.4,6169622,22074.82,52252, 3914490, 63.45
746,BPCL,2025-12-04,360.0,361.6,353.5,355.2,356.0,5798181,20638.55,67920, 3610504, 62.27
747,BPCL,2025-12-05,356.0,361.6,353.3,360.5,360.3,3479044,12479.72,54260, 1883005, 54.12
748,BRITANNIA,2025-11-06,6186.0,6191.5,5993.5,6016.0,6013.5,1038063,62978.34,87601, 482777, 46.51
749,BRITANNIA,2025-11-07,5970.0,6169.5,5913.5,6155.0,6157.5,715809,43670.8,62317, 398280, 55.64
750,BRITANNIA,2025-11-10,6190.0,6261.5,6121.5,6135.0,6133.5,395489,24451.58,50146, 220086, 55.65
751,BRITANNIA,2025-11-11,5950.0,5965.0,5723.0,5955.0,5950.5,2154927,125976.78,152836, 1179828, 54.75
752,BRITANNIA,2025-11-12,5950.5,5970.0,5841.0,5892.5,5880.0,609987,35979.87,57672, 381665, 62.57
753,BRITANNIA,2025-11-13,5902.0,5918.0,5835.5,5851.5,5851.5,361321,21187.75,46069, 217671, 60.24
754,BRITANNIA,2025-11-14,5851.0,5851.0,5750.0,5806.0,5803.5,415356,24088.93,37909, 255984, 61.63
755,BRITANNIA,2025-11-17,5803.5,5850.0,5782.0,5830.0,5830.5,332821,19383.12,36482, 229484, 68.95
756,BRITANNIA,2025-11-18,5818.0,5862.0,5805.5,5852.0,5840.0,262201,15294.89,27546, 145765, 55.59
757,BRITANNIA,2025-11-19,5850.0,5882.5,5804.5,5859.5,5874.5,280409,16421.25,38878, 198093, 70.64
758,BRITANNIA,2025-11-20,5882.0,5900.0,5763.5,5820.0,5819.0,641980,37498.68,40872, 493251, 76.83
759,BRITANNIA,2025-11-21,5816.0,5855.0,5764.5,5815.0,5813.0,320317,18612.62,28547, 204051, 63.70
760,BRITANNIA,2025-11-24,5815.0,5849.0,5785.0,5810.0,5815.5,696665,40483.85,43988, 523052, 75.08
761,BRITANNIA,2025-11-25,5815.5,5878.0,5790.0,5852.5,5867.0,309271,18034.68,28899, 231497, 74.85
762,BRITANNIA,2025-11-26,5865.0,5904.5,5843.0,5868.0,5880.5,157291,9250.38,22596, 85483, 54.35
763,BRITANNIA,2025-11-27,5890.5,5900.0,5815.5,5816.0,5826.5,156675,9161.23,29740, 106832, 68.19
764,BRITANNIA,2025-11-28,5826.5,5852.0,5795.0,5840.5,5846.0,220417,12845.5,27571, 167782, 76.12
765,BRITANNIA,2025-12-01,5825.0,5856.0,5800.0,5815.0,5813.5,199275,11623.08,34303, 139066, 69.79
766,BRITANNIA,2025-12-02,5792.0,5894.0,5792.0,5888.0,5875.5,290994,16991.38,28312, 197247, 67.78
767,BRITANNIA,2025-12-03,5908.0,5908.0,5812.0,5840.0,5824.5,308053,18019.07,26843, 218338, 70.88
768,BRITANNIA,2025-12-04,5840.0,5882.5,5824.5,5873.0,5876.5,239085,14017.0,24091, 174577, 73.02
769,BRITANNIA,2025-12-05,5855.0,5974.0,5838.5,5966.0,5961.0,244408,14458.0,34115, 159437, 65.23
770,BSE,2025-11-06,2495.0,2495.7,2429.9,2458.0,2455.5,2859627,70177.57,135625, 1146926, 40.11
771,BSE,2025-11-07,2450.0,2718.7,2443.2,2666.9,2678.3,20297200,531219.16,574722, 6418090, 31.62
772,BSE,2025-11-10,2690.0,2705.0,2617.4,2627.0,2625.3,6140807,162904.11,211231, 1673126, 27.25
773,BSE,2025-11-11,2638.4,2664.8,2602.5,2643.1,2644.2,4346693,114427.21,144065, 1283614, 29.53
774,BSE,2025-11-12,2770.0,2818.0,2732.1,2770.2,2775.4,15966772,444946.39,495996, 4109080, 25.74
775,BSE,2025-11-13,2788.4,2833.0,2748.0,2770.0,2760.2,5273807,147097.96,183670, 1554607, 29.48
776,BSE,2025-11-14,2741.0,2834.0,2740.3,2825.5,2827.6,5787981,162414.82,187495, 1890376, 32.66
777,BSE,2025-11-17,2836.5,2836.5,2795.5,2808.8,2811.9,3818270,107399.16,127566, 1262894, 33.08
778,BSE,2025-11-18,2811.6,2872.5,2787.9,2826.3,2834.1,5402562,153828.82,186003, 1553346, 28.75
779,BSE,2025-11-19,2832.0,2914.6,2825.0,2898.0,2898.3,6111316,175974.01,239250, 2198874, 35.98
780,BSE,2025-11-20,2923.9,2960.0,2887.5,2897.0,2895.5,6301559,184481.5,188887, 1784781, 28.32
781,BSE,2025-11-21,2894.0,2915.0,2850.0,2855.0,2858.3,3734399,107652.97,117250, 1084625, 29.04
782,BSE,2025-11-24,2865.0,2879.0,2798.0,2805.0,2802.2,3100243,87642.08,102882, 1273131, 41.07
783,BSE,2025-11-25,2802.0,2854.8,2795.0,2835.1,2840.6,2951872,83487.03,101488, 836923, 28.35
784,BSE,2025-11-26,2840.6,2906.8,2828.8,2887.0,2886.7,3135392,90332.85,113177, 803844, 25.64
785,BSE,2025-11-27,2896.0,2936.7,2878.0,2929.0,2929.1,3823914,111373.25,115070, 1090358, 28.51
786,BSE,2025-11-28,2940.0,2942.3,2896.1,2900.0,2902.4,2525089,73512.29,92716, 788298, 31.22
787,BSE,2025-12-01,2919.0,2951.0,2875.5,2892.0,2886.6,3185450,92929.07,149733, 909384, 28.55
788,BSE,2025-12-02,2885.0,2892.0,2833.0,2843.4,2843.2,2453858,70091.4,109211, 947317, 38.61
789,BSE,2025-12-03,2840.0,2849.0,2734.9,2759.1,2751.1,3311445,92253.64,127324, 1016049, 30.68
790,BSE,2025-12-04,2753.2,2798.0,2743.0,2761.2,2765.0,2898317,80322.37,104196, 575382, 19.85
791,BSE,2025-12-05,2765.0,2822.9,2742.7,2815.0,2815.9,3138758,87551.18,119969, 694894, 22.14
792,CAMS,2025-11-06,3801.1,3809.0,3722.2,3742.9,3739.8,277136,10385.41,28038, 143143, 51.65
793,CAMS,2025-11-07,3719.8,3819.0,3667.6,3801.0,3795.3,336099,12585.12,31041, 94242, 28.04
794,CAMS,2025-11-10,3803.0,3854.0,3788.6,3818.0,3817.4,240658,9194.66,21655, 98193, 40.80
795,CAMS,2025-11-11,3817.0,3845.0,3779.0,3834.6,3838.4,189736,7238.44,19400, 58548, 30.86
796,CAMS,2025-11-12,3852.5,4019.8,3850.0,3962.0,3964.0,825692,32751.72,53537, 284730, 34.48
797,CAMS,2025-11-13,3954.5,3970.0,3914.9,3940.0,3944.0,214742,8470.42,20262, 92861, 43.24
798,CAMS,2025-11-14,3911.2,3988.0,3906.9,3934.0,3938.0,218668,8650.0,20472, 64389, 29.45
799,CAMS,2025-11-17,3940.0,4003.9,3929.1,3962.4,3964.3,192395,7648.3,18475, 66314, 34.47
800,CAMS,2025-11-18,3958.0,3966.7,3918.8,3951.5,3945.8,170901,6735.05,15900, 79248, 46.37
801,CAMS,2025-11-19,3959.0,3968.7,3915.6,3935.0,3929.0,159483,6280.82,15824, 63145, 39.59
802,CAMS,2025-11-20,3949.0,4065.0,3924.0,4014.0,4014.5,711449,28603.9,47586, 263314, 37.01
803,CAMS,2025-11-21,4014.5,4014.6,3938.2,3946.0,3948.1,338051,13434.0,28066, 174748, 51.69
804,CAMS,2025-11-24,3960.0,3968.4,3891.0,3906.8,3906.8,328873,12931.53,36918, 181990, 55.34
805,CAMS,2025-11-25,3900.0,3948.0,3847.6,3894.0,3894.4,297282,11547.95,26181, 123586, 41.57
806,CAMS,2025-11-26,3911.0,3970.0,3902.5,3933.2,3933.8,312422,12305.62,26952, 152171, 48.71
807,CAMS,2025-11-27,3957.8,3963.0,3880.0,3890.9,3894.4,183418,7173.69,20772, 87438, 47.67
808,CAMS,2025-11-28,3905.9,3914.9,3862.3,3875.4,3870.3,282178,10932.27,22308, 188198, 66.69
809,CAMS,2025-12-01,3893.3,3978.0,3876.0,3904.7,3908.1,495134,19481.93,41827, 215162, 43.46
810,CAMS,2025-12-02,3908.1,3911.4,3825.0,3847.0,3850.8,329233,12682.59,36059, 156287, 47.47
811,CAMS,2025-12-03,3855.0,3899.0,3810.0,3859.7,3859.6,276151,10648.16,26478, 99968, 36.20
812,CAMS,2025-12-04,3859.6,3969.0,3859.6,3960.3,3956.7,643528,25325.76,44830, 321803, 50.01
813,CAMS,2025-12-05,791.4,795.0,758.7,777.0,775.7,3467783,26765.36,97375, 1085162, 31.29
814,CANBK,2025-11-06,140.25,140.75,138.84,139.1,139.24,22293737,31146.97,96477, 10960510, 49.16
815,CANBK,2025-11-07,138.7,141.41,136.57,140.8,140.67,27498022,38357.94,93014, 9368713, 34.07
816,CANBK,2025-11-10,141.25,142.6,139.9,140.9,141.04,28309612,39930.27,92262, 15680163, 55.39
817,CANBK,2025-11-11,140.6,141.39,137.95,140.75,140.87,21813910,30515.66,85107, 11416560, 52.34
818,CANBK,2025-11-12,141.7,144.54,141.37,143.0,143.57,39711769,56974.54,137612, 22118648, 55.70
819,CANBK,2025-11-13,143.5,145.0,143.0,143.4,143.45,27528003,39584.15,104513, 17921529, 65.10
820,CANBK,2025-11-14,143.88,146.38,143.36,146.19,146.07,26463777,38472.69,94722, 13294733, 50.24
821,CANBK,2025-11-17,146.6,150.32,146.27,149.0,149.12,44625403,66595.78,230384, 24154990, 54.13
822,CANBK,2025-11-18,149.48,150.69,148.41,149.09,149.0,29594222,44210.62,132749, 16171956, 54.65
823,CANBK,2025-11-19,149.2,150.88,147.71,150.4,150.38,26500324,39612.9,120822, 12503090, 47.18
824,CANBK,2025-11-20,151.59,151.8,147.71,147.95,147.94,19144061,28620.57,75506, 9817607, 51.28
825,CANBK,2025-11-21,147.31,148.15,144.96,145.99,145.77,22283701,32582.23,96367, 11093371, 49.78
826,CANBK,2025-11-24,146.0,148.59,145.84,146.2,146.67,35398447,52083.49,83656, 21370107, 60.37
827,CANBK,2025-11-25,146.66,149.38,145.3,148.7,148.69,24048863,35497.41,110149, 12783160, 53.15
828,CANBK,2025-11-26,149.69,152.5,148.92,150.26,150.16,30511761,46084.69,124699, 15407893, 50.50
829,CANBK,2025-11-27,150.9,152.0,149.85,151.9,151.76,20130369,30414.39,98218, 7985916, 39.67
830,CANBK,2025-11-28,151.99,152.34,150.83,151.5,151.58,19414509,29443.62,77405, 10344231, 53.28
831,CANBK,2025-12-01,152.0,153.68,149.6,150.6,150.5,17845829,27000.84,93204, 6684028, 37.45
832,CANBK,2025-12-02,150.88,154.21,150.6,152.18,152.03,42353933,64839.51,141600, 20972461, 49.52
833,CANBK,2025-12-03,152.8,152.95,145.03,146.3,146.08,43621493,64453.31,154968, 20678431, 47.40
834,CANBK,2025-12-04,146.08,148.79,145.81,147.5,147.39,23552476,34681.91,107785, 11244268, 47.74
835,CANBK,2025-12-05,147.69,149.45,146.69,148.5,148.64,23212483,34440.92,102244, 8080838, 34.81
836,CDSL,2025-11-06,1529.9,1538.5,1517.0,1532.0,1532.9,1409286,21530.23,59558, 526721, 37.38
837,CDSL,2025-11-07,1525.0,1612.0,1508.0,1577.8,1578.8,3992633,62652.2,103776, 989505, 24.78
838,CDSL,2025-11-10,1580.4,1607.2,1580.4,1587.0,1589.8,1566128,24985.05,46901, 556286, 35.52
839,CDSL,2025-11-11,1590.0,1606.4,1576.0,1600.9,1600.9,1310637,20906.49,38815, 506888, 38.67
840,CDSL,2025-11-12,1616.0,1659.9,1610.0,1654.0,1655.3,4718903,77461.71,109444, 2085715, 44.20
841,CDSL,2025-11-13,1659.5,1665.0,1621.0,1624.7,1626.3,2358185,38849.26,73674, 848243, 35.97
842,CDSL,2025-11-14,1626.0,1648.8,1616.0,1627.0,1625.8,1521310,24826.72,43765, 512249, 33.67
843,CDSL,2025-11-17,1629.8,1640.0,1621.0,1631.8,1631.5,1219735,19888.79,35033, 378889, 31.06
844,CDSL,2025-11-18,1633.0,1633.4,1601.0,1603.0,1605.7,1562523,25223.31,44811, 604629, 38.70
845,CDSL,2025-11-19,1605.0,1631.9,1589.1,1620.6,1622.8,1551858,25061.6,42265, 388097, 25.01
846,CDSL,2025-11-20,1627.0,1673.7,1625.0,1643.0,1640.1,4399462,72855.15,103702, 1264478, 28.74
847,CDSL,2025-11-21,1636.0,1639.5,1608.0,1610.0,1610.2,1455188,23655.62,46838, 603032, 41.44
848,CDSL,2025-11-24,1611.0,1626.0,1582.5,1585.6,1587.6,1225592,19642.76,42495, 466583, 38.07
849,CDSL,2025-11-25,1587.0,1597.2,1570.3,1575.8,1574.1,1245972,19713.94,40512, 408581, 32.79
850,CDSL,2025-11-26,1580.0,1625.8,1577.8,1619.5,1619.9,1900973,30697.79,47664, 611959, 32.19
851,CDSL,2025-11-27,1625.0,1632.3,1605.5,1625.0,1624.6,1440230,23341.34,43626, 493085, 34.24
852,CDSL,2025-11-28,1628.9,1629.7,1611.0,1617.0,1617.2,736163,11909.49,28515, 241166, 32.76
853,CDSL,2025-12-01,1620.0,1638.9,1596.5,1601.7,1604.5,1240350,20057.7,42873, 505787, 40.78
854,CDSL,2025-12-02,1600.0,1607.0,1579.0,1591.0,1592.1,1046619,16675.04,41260, 425178, 40.62
855,CDSL,2025-12-03,1590.0,1591.7,1544.1,1554.8,1550.5,1568685,24483.23,59968, 700573, 44.66
856,CDSL,2025-12-04,1549.0,1559.5,1531.0,1536.0,1536.3,1554894,23977.54,72815, 603536, 38.82
857,CDSL,2025-12-05,1535.0,1554.6,1527.9,1554.0,1550.6,1187921,18325.63,43690, 358823, 30.21
858,CGPOWER,2025-11-06,746.0,749.45,730.0,730.3,732.7,2225547,16392.99,71192, 1357068, 60.98
859,CGPOWER,2025-11-07,728.0,736.55,720.05,734.8,733.25,1200551,8773.54,33920, 567362, 47.26
860,CGPOWER,2025-11-10,733.2,740.0,727.5,738.7,738.15,1538280,11285.13,43298, 777273, 50.53
861,CGPOWER,2025-11-11,738.15,738.65,729.1,732.0,732.95,1544794,11328.06,44696, 902686, 58.43
862,CGPOWER,2025-11-12,733.85,742.0,728.0,739.9,739.85,2116161,15526.46,34923, 1208156, 57.09
863,CGPOWER,2025-11-13,739.0,749.45,735.0,746.0,745.2,2218794,16546.15,57023, 1467610, 66.14
864,CGPOWER,2025-11-14,740.3,751.65,738.95,744.0,743.5,1635386,12180.83,42160, 759983, 46.47
865,CGPOWER,2025-11-17,743.5,753.6,739.65,749.45,749.75,2198843,16432.73,38532, 1289948, 58.66
866,CGPOWER,2025-11-18,749.45,749.9,732.3,732.95,733.75,1861651,13784.47,54886, 1256825, 67.51
867,CGPOWER,2025-11-19,730.0,734.0,718.4,722.3,724.1,2048601,14817.48,60578, 1323740, 64.62
868,CGPOWER,2025-11-20,723.0,726.5,718.2,722.05,721.25,2473529,17849.26,43700, 1529883, 61.85
869,CGPOWER,2025-11-21,721.0,725.0,707.5,709.55,710.2,1696270,12129.7,66805, 852092, 50.23
870,CGPOWER,2025-11-24,709.55,709.55,680.0,681.2,683.0,5107691,35219.89,114091, 3270728, 64.04
871,CGPOWER,2025-11-25,683.0,685.75,677.8,682.4,682.55,6555328,44677.86,107440, 4618869, 70.46
872,CGPOWER,2025-11-26,681.0,695.0,677.6,687.25,688.4,3691086,25420.12,58563, 2493604, 67.56
873,CGPOWER,2025-11-27,690.95,691.15,676.55,679.3,679.25,2013261,13700.04,69329, 1157454, 57.49
874,CGPOWER,2025-11-28,679.25,679.25,669.1,671.25,672.9,1799878,12121.97,85017, 1047169, 58.18
875,CGPOWER,2025-12-01,672.9,677.65,667.85,668.8,669.75,1353139,9103.62,52785, 853492, 63.07
876,CGPOWER,2025-12-02,668.0,671.3,658.2,659.0,659.7,2550266,16898.57,65462, 1745598, 68.45
877,CGPOWER,2025-12-03,659.7,671.0,656.6,665.1,664.2,3642142,24149.54,60345, 2282970, 62.68
878,CGPOWER,2025-12-04,664.2,667.55,659.4,661.6,662.35,1865431,12382.53,44255, 1217345, 65.26
879,CGPOWER,2025-12-05,661.3,664.2,653.9,664.0,661.35,2092532,13787.8,38690, 1176461, 56.22
880,CHOLAFIN,2025-11-06,1744.1,1751.2,1653.4,1675.0,1683.4,2300974,39072.12,118019, 988124, 42.94
881,CHOLAFIN,2025-11-07,1665.5,1715.0,1644.6,1699.8,1703.9,2353603,39734.89,109251, 1133381, 48.16
882,CHOLAFIN,2025-11-10,1716.8,1759.0,1691.9,1754.9,1754.4,1647003,28669.39,55900, 801801, 48.68
883,CHOLAFIN,2025-11-11,1749.4,1750.0,1711.0,1740.2,1741.8,1659318,28760.31,46059, 1137729, 68.57
884,CHOLAFIN,2025-11-12,1743.7,1757.0,1710.7,1716.0,1718.8,1343153,23244.03,78683, 822060, 61.20
885,CHOLAFIN,2025-11-13,1702.5,1719.5,1701.2,1712.7,1710.6,831622,14235.77,39621, 516318, 62.09
886,CHOLAFIN,2025-11-14,1710.6,1726.9,1705.1,1712.0,1714.6,912397,15636.06,28158, 566733, 62.11
887,CHOLAFIN,2025-11-17,1724.0,1724.0,1695.8,1695.9,1699.7,888281,15143.43,51791, 559301, 62.96
888,CHOLAFIN,2025-11-18,1709.0,1709.0,1678.6,1702.6,1695.3,1069184,18121.38,38947, 659500, 61.68
889,CHOLAFIN,2025-11-19,1699.6,1699.6,1670.0,1677.5,1678.1,1108061,18600.74,100338, 639573, 57.72
890,CHOLAFIN,2025-11-20,1687.3,1709.0,1670.2,1708.0,1703.2,880665,14931.36,48422, 477935, 54.27
891,CHOLAFIN,2025-11-21,1682.3,1705.4,1655.0,1656.0,1659.7,1888141,31516.9,71662, 1092734, 57.87
892,CHOLAFIN,2025-11-24,1658.9,1698.7,1647.2,1651.0,1651.7,2099027,35008.24,61457, 1415958, 67.46
893,CHOLAFIN,2025-11-25,1651.7,1689.5,1651.7,1687.8,1685.4,1092627,18344.31,43010, 576214, 52.74
894,CHOLAFIN,2025-11-26,1688.0,1725.8,1686.0,1713.1,1712.9,908178,15534.57,38297, 486660, 53.59
895,CHOLAFIN,2025-11-27,1712.9,1749.8,1710.6,1730.5,1724.6,1544531,26701.25,51458, 858725, 55.60
896,CHOLAFIN,2025-11-28,1722.0,1749.8,1714.2,1736.1,1736.0,963424,16747.0,39599, 603046, 62.59
897,CHOLAFIN,2025-12-01,1748.0,1749.0,1717.4,1723.5,1724.9,1110164,19183.97,55773, 715505, 64.45
898,CHOLAFIN,2025-12-02,1715.0,1739.5,1704.5,1714.9,1711.6,638234,10957.46,47282, 399178, 62.54
899,CHOLAFIN,2025-12-03,1701.0,1710.9,1662.3,1673.0,1668.9,898959,15069.97,42776, 521027, 57.96
900,CHOLAFIN,2025-12-04,1666.0,1678.8,1651.0,1676.9,1675.7,1291711,21511.64,67865, 817147, 63.26
901,CHOLAFIN,2025-12-05,1675.7,1734.8,1671.0,1732.0,1730.4,1344984,23039.58,71042, 579989, 43.12
902,CIPLA,2025-11-06,1510.8,1512.9,1498.0,1502.9,1501.5,1596245,24010.36,112463, 992382, 62.17
903,CIPLA,2025-11-07,1500.0,1510.0,1491.6,1509.8,1505.7,1037508,15591.39,44111, 648672, 62.52
904,CIPLA,2025-11-10,1510.0,1516.7,1503.9,1507.9,1511.5,1143959,17282.18,47003, 728881, 63.72
905,CIPLA,2025-11-11,1511.3,1517.5,1506.1,1514.9,1514.9,850772,12877.82,40922, 495350, 58.22
906,CIPLA,2025-11-12,1514.9,1528.1,1514.1,1521.9,1519.3,1179131,17923.79,40964, 720033, 61.06
907,CIPLA,2025-11-13,1520.0,1534.9,1515.4,1528.1,1525.8,1217362,18565.48,49370, 696125, 57.18
908,CIPLA,2025-11-14,1526.9,1534.4,1522.0,1532.0,1532.1,810970,12405.85,40666, 492709, 60.76
909,CIPLA,2025-11-17,1537.5,1538.4,1526.5,1536.4,1535.6,912322,13995.74,35841, 576337, 63.17
910,CIPLA,2025-11-18,1530.0,1535.0,1512.1,1516.0,1514.5,747913,11380.9,41356, 451804, 60.41
911,CIPLA,2025-11-19,1511.4,1529.6,1505.4,1526.0,1526.8,1171078,17804.28,42158, 792524, 67.67
912,CIPLA,2025-11-20,1526.9,1534.8,1519.4,1528.3,1529.2,896750,13710.27,43167, 526494, 58.71
913,CIPLA,2025-11-21,1521.1,1527.0,1507.7,1509.5,1511.8,1126820,17118.56,38517, 787239, 69.86
914,CIPLA,2025-11-24,1515.0,1524.8,1500.0,1505.1,1504.0,2801854,42267.24,56727, 2197200, 78.42
915,CIPLA,2025-11-25,1500.2,1522.7,1500.2,1504.6,1507.5,908386,13747.24,83775, 485281, 53.42
916,CIPLA,2025-11-26,1505.0,1525.5,1505.0,1525.0,1523.8,1087736,16504.16,47341, 773204, 71.08
917,CIPLA,2025-11-27,1523.8,1531.5,1520.1,1526.4,1525.2,810411,12365.71,40324, 485945, 59.96
918,CIPLA,2025-11-28,1525.2,1535.8,1520.6,1530.0,1531.3,991042,15150.31,32391, 673188, 67.93
919,CIPLA,2025-12-01,1532.0,1536.3,1517.5,1523.0,1523.1,1010599,15422.96,38404, 571097, 56.51
920,CIPLA,2025-12-02,1520.0,1531.5,1513.2,1519.3,1516.6,1760512,26767.58,49440, 1137930, 64.64
921,CIPLA,2025-12-03,1516.7,1522.8,1495.1,1508.1,1508.0,1034323,15586.86,36069, 541634, 52.37
922,CIPLA,2025-12-04,1503.1,1525.7,1503.1,1518.0,1521.0,726473,11007.8,41915, 396322, 54.55
923,CIPLA,2025-12-05,1525.0,1528.0,1513.6,1520.1,1520.8,813485,12373.23,25645, 537804, 66.11
924,COALINDIA,2025-11-06,378.7,378.7,372.35,373.0,373.15,6648689,24905.84,78102, 4367239, 65.69
925,COALINDIA,2025-11-07,372.0,376.75,371.5,376.0,376.0,4650451,17431.09,74507, 2929779, 63.00
926,COALINDIA,2025-11-10,376.1,382.4,376.1,381.55,381.35,4451727,16939.77,60748, 2498373, 56.12
927,COALINDIA,2025-11-11,381.45,383.0,378.6,382.9,382.8,3299015,12578.09,50160, 1787914, 54.20
928,COALINDIA,2025-11-12,384.25,387.6,382.7,386.3,386.5,4326520,16687.76,53275, 2679630, 61.93
929,COALINDIA,2025-11-13,386.5,387.4,382.75,383.3,383.2,3480764,13410.32,56023, 1977473, 56.81
930,COALINDIA,2025-11-14,383.2,387.35,382.3,386.75,386.95,3760163,14496.41,59065, 2143712, 57.01
931,COALINDIA,2025-11-17,387.0,389.2,386.15,388.0,387.85,3847261,14923.32,45046, 2207491, 57.38
932,COALINDIA,2025-11-18,387.85,387.85,382.95,383.65,383.95,4462641,17205.14,45573, 2793800, 62.60
933,COALINDIA,2025-11-19,383.1,383.85,378.45,379.3,379.05,5332643,20278.87,54515, 3525410, 66.11
934,COALINDIA,2025-11-20,381.0,381.25,377.55,379.9,379.65,3971851,15084.5,47530, 2216291, 55.80
935,COALINDIA,2025-11-21,378.0,380.35,377.55,378.5,378.2,3088629,11701.87,41609, 1734052, 56.14
936,COALINDIA,2025-11-24,378.15,378.2,372.0,373.25,372.55,5543493,20745.73,75961, 3240294, 58.45
937,COALINDIA,2025-11-25,372.6,373.4,369.6,370.0,370.05,4902920,18207.61,78054, 3155302, 64.36
938,COALINDIA,2025-11-26,371.85,377.7,371.3,377.5,377.35,4102285,15422.6,56208, 2588001, 63.09
939,COALINDIA,2025-11-27,377.35,378.7,376.1,378.25,378.05,3330267,12568.42,61870, 2167295, 65.08
940,COALINDIA,2025-11-28,379.0,379.2,374.9,376.25,376.15,4689402,17672.11,77965, 2886548, 61.55
941,COALINDIA,2025-12-01,376.9,380.0,375.8,379.85,379.65,4217206,15952.72,62208, 2766527, 65.60
942,COALINDIA,2025-12-02,379.5,379.9,376.75,379.1,378.95,3695491,13989.79,47164, 2043458, 55.30
943,COALINDIA,2025-12-03,378.95,379.3,372.2,375.25,375.25,4650434,17407.95,62340, 2748228, 59.10
944,COALINDIA,2025-12-04,375.0,379.75,373.8,379.0,379.05,3135061,11826.3,49724, 1910074, 60.93
945,COALINDIA,2025-12-05,378.9,380.65,376.5,379.95,379.95,3154258,11970.84,36336, 2054141, 65.12
946,COFORGE,2025-11-06,1751.0,1777.0,1748.6,1760.0,1763.9,1453706,25664.58,55887, 998095, 68.66
947,COFORGE,2025-11-07,1750.0,1751.5,1715.0,1740.4,1740.2,1410909,24523.98,54942, 859517, 60.92
948,COFORGE,2025-11-10,1740.4,1772.2,1723.3,1756.1,1757.6,1401690,24606.52,57946, 688855, 49.14
949,COFORGE,2025-11-11,1768.8,1800.0,1757.8,1797.8,1797.1,2162659,38524.62,60724, 1242820, 57.47
950,COFORGE,2025-11-12,1808.0,1832.0,1801.0,1823.8,1827.7,1138331,20737.0,56122, 553520, 48.63
951,COFORGE,2025-11-13,1830.0,1830.0,1798.4,1806.3,1810.2,1550251,28183.66,64327, 1011083, 65.22
952,COFORGE,2025-11-14,1801.0,1805.0,1756.0,1802.0,1799.6,1575511,28088.16,60281, 849329, 53.91
953,COFORGE,2025-11-17,1806.1,1815.1,1791.5,1801.9,1801.1,518247,9340.14,26247, 271465, 52.38
954,COFORGE,2025-11-18,1790.0,1795.0,1771.5,1775.0,1784.3,785781,14009.68,45198, 441209, 56.15
955,COFORGE,2025-11-19,1783.4,1865.7,1775.8,1863.0,1858.2,2324817,42699.97,89203, 1062575, 45.71
956,COFORGE,2025-11-20,1878.0,1888.0,1840.5,1849.0,1846.1,1733072,32205.9,56111, 742100, 42.82
957,COFORGE,2025-11-21,1836.9,1849.9,1791.1,1794.9,1797.5,1342531,24228.7,82463, 629341, 46.88
958,COFORGE,2025-11-24,1802.0,1835.0,1800.0,1809.9,1808.2,1409000,25570.06,54254, 759046, 53.87
959,COFORGE,2025-11-25,1815.0,1834.2,1793.2,1830.0,1831.7,1612174,29219.58,62978, 968635, 60.08
960,COFORGE,2025-11-26,1845.7,1873.0,1830.2,1871.0,1871.1,902345,16767.5,40340, 393994, 43.66
961,COFORGE,2025-11-27,1878.0,1915.0,1872.0,1907.0,1910.2,1702344,32343.78,74632, 712492, 41.85
962,COFORGE,2025-11-28,1916.0,1932.4,1901.0,1910.7,1908.7,1344163,25737.71,50075, 685202, 50.98
963,COFORGE,2025-12-01,1919.0,1936.0,1898.0,1902.0,1902.6,957784,18364.91,54720, 496577, 51.85
964,COFORGE,2025-12-02,1908.0,1927.2,1902.0,1915.0,1913.9,789262,15102.69,30772, 475331, 60.22
965,COFORGE,2025-12-03,1922.0,1934.0,1895.1,1917.8,1912.5,1033164,19771.96,52821, 405430, 39.24
966,COFORGE,2025-12-04,1922.0,1986.0,1917.8,1966.7,1966.2,3120396,61201.37,122166, 1317429, 42.22
967,COFORGE,2025-12-05,1970.0,1988.2,1957.0,1973.0,1977.9,1822538,36036.97,49298, 928815, 50.96
968,COLPAL,2025-11-06,2175.9,2190.8,2166.6,2171.0,2173.6,411132,8951.01,28322, 246781, 60.02
969,COLPAL,2025-11-07,2177.9,2177.9,2155.1,2166.0,2167.2,226568,4903.4,16674, 125034, 55.19
970,COLPAL,2025-11-10,2167.8,2181.8,2161.4,2171.2,2171.2,184755,4014.8,12551, 114795, 62.13
971,COLPAL,2025-11-11,2170.0,2187.9,2151.2,2184.0,2182.1,166130,3600.27,15833, 77991, 46.95
972,COLPAL,2025-11-12,2189.0,2196.0,2175.1,2180.0,2177.4,179841,3927.89,19217, 83979, 46.70
973,COLPAL,2025-11-13,2179.0,2186.0,2166.2,2176.1,2174.0,202651,4409.54,18111, 120546, 59.48
974,COLPAL,2025-11-14,2174.0,2178.6,2165.0,2175.4,2172.7,96584,2096.64,10846, 49600, 51.35
975,COLPAL,2025-11-17,2172.9,2194.6,2172.9,2185.7,2186.6,135290,2958.54,12286, 72609, 53.67
976,COLPAL,2025-11-18,2184.1,2189.5,2167.2,2172.0,2180.7,253424,5522.34,16021, 167048, 65.92
977,COLPAL,2025-11-19,2186.8,2188.4,2167.7,2182.0,2183.4,260816,5683.1,19092, 159800, 61.27
978,COLPAL,2025-11-20,2187.9,2210.0,2175.3,2180.0,2179.7,387157,8491.15,24093, 200101, 51.68
979,COLPAL,2025-11-21,2180.0,2195.0,2167.4,2179.0,2180.6,289673,6321.46,22200, 180984, 62.48
980,COLPAL,2025-11-24,2180.6,2205.0,2147.8,2150.3,2156.7,1732504,37399.08,40202, 1177081, 67.94
981,COLPAL,2025-11-25,2156.6,2170.9,2148.3,2165.0,2167.7,334902,7236.18,20156, 189828, 56.68
982,COLPAL,2025-11-26,2167.7,2189.0,2160.6,2181.0,2185.0,457001,9950.79,19518, 278522, 60.95
983,COLPAL,2025-11-27,2185.0,2197.6,2160.4,2166.9,2171.3,264052,5741.19,25747, 132074, 50.02
984,COLPAL,2025-11-28,2171.3,2175.2,2162.2,2167.0,2168.6,120973,2622.16,12151, 70777, 58.51
985,COLPAL,2025-12-01,2161.5,2167.0,2148.0,2150.0,2152.9,363407,7831.93,28687, 195977, 53.93
986,COLPAL,2025-12-02,2136.0,2160.8,2136.0,2156.0,2158.2,296042,6376.99,17510, 199368, 67.34
987,COLPAL,2025-12-03,2156.0,2158.8,2098.4,2099.1,2101.9,561527,11883.97,31904, 311375, 55.45
988,COLPAL,2025-12-04,2101.9,2140.8,2096.2,2136.5,2138.1,529258,11233.63,28812, 371735, 70.24
989,COLPAL,2025-12-05,2125.5,2167.0,2125.5,2162.5,2164.4,401612,8638.25,25637, 260316, 64.82
990,CONCOR,2025-11-06,541.8,541.8,518.0,519.5,519.35,4558191,23783.23,64196, 3362985, 73.78
991,CONCOR,2025-11-07,519.55,523.5,515.8,521.9,521.7,1513467,7876.56,21161, 951209, 62.85
992,CONCOR,2025-11-10,525.9,526.55,520.35,521.5,521.35,1023573,5359.8,34589, 591656, 57.80
993,CONCOR,2025-11-11,522.1,524.1,515.85,522.0,522.9,3241835,16902.56,44934, 2538178, 78.29
994,CONCOR,2025-11-12,530.0,538.5,524.7,531.0,530.45,4975992,26444.25,41866, 2942708, 59.14
995,CONCOR,2025-11-13,534.05,534.85,522.8,524.0,523.9,861847,4545.22,19334, 433678, 50.32
996,CONCOR,2025-11-14,525.0,525.0,516.55,519.0,518.85,1470642,7638.58,47392, 939185, 63.86
997,CONCOR,2025-11-17,518.85,521.95,517.1,518.4,518.15,1443272,7500.55,24760, 913080, 63.26
998,CONCOR,2025-11-18,518.15,526.0,512.0,524.0,522.6,3630058,18836.1,60700, 2345719, 64.62
999,CONCOR,2025-11-19,525.4,528.4,516.0,517.0,517.55,1589480,8283.87,34234, 822114, 51.72
1000,CONCOR,2025-11-20,519.9,519.9,513.4,516.55,515.4,3145380,16252.25,50003, 2392445, 76.06
1001,CONCOR,2025-11-21,515.35,519.35,510.0,511.5,511.2,3148760,16216.66,37515, 2062643, 65.51
1002,CONCOR,2025-11-24,511.45,519.45,507.45,517.75,514.95,36866483,189763.89,104371, 24648833, 66.86
1003,CONCOR,2025-11-25,513.5,518.45,510.5,512.5,512.5,1781603,9138.86,27435, 1021022, 57.31
1004,CONCOR,2025-11-26,513.5,523.9,512.7,518.4,518.6,1680398,8731.28,31336, 748013, 44.51
1005,CONCOR,2025-11-27,518.65,520.45,513.0,514.4,514.05,846809,4363.07,16891, 433961, 51.25
1006,CONCOR,2025-11-28,515.0,515.9,510.3,510.95,511.25,599724,3074.04,14003, 352103, 58.71
1007,CONCOR,2025-12-01,513.1,513.8,504.3,505.4,505.8,1280746,6503.76,30417, 743554, 58.06
1008,CONCOR,2025-12-02,504.3,506.8,502.45,504.25,503.4,2726576,13745.45,27100, 1953167, 71.63
1009,CONCOR,2025-12-03,504.0,508.95,500.4,508.0,506.5,1477035,7443.25,29257, 890014, 60.26
1010,CONCOR,2025-12-04,506.5,515.1,506.45,511.65,512.7,1718268,8796.83,22718, 1050881, 61.16
1011,CONCOR,2025-12-05,510.5,514.35,507.1,510.55,511.05,2120474,10835.58,25771, 1501823, 70.82
1012,CROMPTON,2025-11-06,283.5,284.35,276.4,277.55,278.55,2344095,6576.35,32280, 1197949, 51.10
1013,CROMPTON,2025-11-07,273.0,279.8,269.1,277.5,277.15,6292556,17266.56,51267, 2952262, 46.92
1014,CROMPTON,2025-11-10,277.15,286.35,276.05,280.35,280.3,5652838,15919.65,33503, 3254811, 57.58
1015,CROMPTON,2025-11-11,280.4,280.95,273.65,279.8,279.1,2263086,6269.09,28520, 1044710, 46.16
1016,CROMPTON,2025-11-12,280.15,282.65,278.3,281.5,281.3,4617350,12944.1,35443, 3211639, 69.56
1017,CROMPTON,2025-11-13,282.65,282.7,276.35,277.9,278.6,2083208,5837.28,17226, 1116412, 53.59
1018,CROMPTON,2025-11-14,278.45,279.6,274.35,276.55,276.15,3368751,9293.64,26154, 2097028, 62.25
1019,CROMPTON,2025-11-17,276.15,278.2,273.65,274.9,274.35,1786175,4919.79,17246, 985658, 55.18
1020,CROMPTON,2025-11-18,274.45,277.9,271.15,273.5,273.1,2176991,5949.79,22874, 1098759, 50.47
1021,CROMPTON,2025-11-19,273.75,275.25,272.8,274.6,274.3,2675917,7330.63,30263, 1672501, 62.50
1022,CROMPTON,2025-11-20,275.95,275.95,268.9,269.6,270.0,2348660,6373.84,25966, 1289492, 54.90
1023,CROMPTON,2025-11-21,269.95,271.25,265.95,267.35,267.35,1797104,4828.88,23251, 704100, 39.18
1024,CROMPTON,2025-11-24,267.95,269.85,265.0,265.35,265.4,1795957,4788.69,47094, 1157109, 64.43
1025,CROMPTON,2025-11-25,265.0,265.55,262.15,265.05,265.05,2618236,6911.9,31931, 1127115, 43.05
1026,CROMPTON,2025-11-26,265.95,271.85,264.4,268.75,268.35,2945617,7915.96,30640, 1613090, 54.76
1027,CROMPTON,2025-11-27,269.05,269.25,266.15,266.9,266.65,1488268,3977.3,27990, 638233, 42.88
1028,CROMPTON,2025-11-28,266.75,267.8,264.6,265.6,265.35,1077848,2863.39,21687, 537133, 49.83
1029,CROMPTON,2025-12-01,266.0,267.15,261.6,262.9,262.45,2493309,6567.8,27444, 1265059, 50.74
1030,CROMPTON,2025-12-02,263.75,264.7,260.25,261.05,260.9,1457185,3820.67,28911, 629688, 43.21
1031,CROMPTON,2025-12-03,260.9,261.8,255.25,257.4,255.85,4895978,12558.16,76652, 3064830, 62.60
1032,CROMPTON,2025-12-04,255.1,261.8,255.1,258.25,258.9,1906296,4953.37,23203, 729446, 38.27
1033,CROMPTON,2025-12-05,260.05,263.35,257.5,260.2,260.1,2322140,6053.87,27694, 1100458, 47.39
1034,CUMMINSIND,2025-11-06,4309.1,4364.8,4244.2,4314.6,4316.1,693125,29859.5,78695, 373331, 53.86
1035,CUMMINSIND,2025-11-07,4399.9,4495.0,4251.0,4290.0,4291.8,1894670,82647.3,133944, 589833, 31.13
1036,CUMMINSIND,2025-11-10,4300.1,4375.0,4256.7,4342.5,4349.2,754664,32525.85,66517, 460911, 61.07
1037,CUMMINSIND,2025-11-11,4349.1,4420.0,4290.9,4413.7,4414.2,395014,17228.69,57112, 197696, 50.05
1038,CUMMINSIND,2025-11-12,4420.0,4423.9,4370.0,4385.0,4395.4,617858,27159.7,52060, 434372, 70.30
1039,CUMMINSIND,2025-11-13,4367.5,4450.0,4350.0,4350.1,4366.2,405072,17836.79,50989, 223113, 55.08
1040,CUMMINSIND,2025-11-14,4363.3,4363.3,4263.0,4297.2,4283.2,484468,20844.68,44711, 324871, 67.06
1041,CUMMINSIND,2025-11-17,4289.9,4389.8,4287.9,4379.0,4381.2,525370,22815.84,40676, 319000, 60.72
1042,CUMMINSIND,2025-11-18,4381.7,4386.0,4245.0,4250.0,4252.4,463826,19858.36,39066, 305710, 65.91
1043,CUMMINSIND,2025-11-19,4260.0,4266.7,4183.3,4265.8,4261.3,445363,18828.64,52003, 191399, 42.98
1044,CUMMINSIND,2025-11-20,4290.0,4394.7,4278.0,4385.0,4375.7,941176,40992.06,83481, 480130, 51.01
1045,CUMMINSIND,2025-11-21,4375.7,4384.9,4315.6,4340.0,4333.8,408438,17720.87,38721, 281685, 68.97
1046,CUMMINSIND,2025-11-24,4349.8,4389.9,4278.9,4295.7,4299.0,1095485,47473.62,76073, 816458, 74.53
1047,CUMMINSIND,2025-11-25,4300.0,4336.5,4286.8,4303.0,4311.3,311670,13443.43,36595, 182845, 58.67
1048,CUMMINSIND,2025-11-26,4325.5,4420.0,4311.5,4405.0,4408.2,393579,17312.54,50679, 240981, 61.23
1049,CUMMINSIND,2025-11-27,4418.0,4463.8,4358.0,4436.9,4449.4,797775,35331.52,49065, 487104, 61.06
1050,CUMMINSIND,2025-11-28,4450.0,4518.6,4401.1,4470.0,4479.3,764869,34272.24,48261, 467964, 61.18
1051,CUMMINSIND,2025-12-01,4490.0,4553.2,4480.1,4533.2,4544.2,421940,19072.89,34103, 248722, 58.95
1052,CUMMINSIND,2025-12-02,4544.2,4574.0,4500.0,4504.3,4514.5,448981,20366.26,55840, 286536, 63.82
1053,CUMMINSIND,2025-12-03,4515.0,4527.0,4450.3,4515.0,4514.1,410207,18418.57,43492, 262107, 63.90
1054,CUMMINSIND,2025-12-04,4525.0,4552.5,4430.0,4453.9,4459.3,339985,15287.71,44728, 209271, 61.55
1055,CUMMINSIND,2025-12-05,4459.3,4491.3,4437.7,4457.7,4468.9,560759,25037.39,55912, 410130, 73.14
1056,CYIENT,2025-11-06,1158.9,1161.6,1139.2,1142.1,1142.2,257304,2953.04,18358, 145584, 56.58
1057,CYIENT,2025-11-07,1141.6,1144.4,1096.9,1116.0,1112.7,1638795,18148.76,47315, 936250, 57.13
1058,CYIENT,2025-11-10,1112.7,1150.0,1112.7,1143.0,1143.2,269774,3067.17,20939, 80710, 29.92
1059,CYIENT,2025-11-11,1143.2,1161.1,1128.4,1157.9,1158.5,234881,2689.95,15010, 88591, 37.72
1060,CYIENT,2025-11-12,1157.3,1176.5,1154.1,1166.5,1167.0,189671,2213.75,13612, 83686, 44.12
1061,CYIENT,2025-11-13,1167.0,1181.6,1150.9,1152.0,1153.8,265566,3101.61,16814, 129265, 48.68
1062,CYIENT,2025-11-14,1153.8,1153.8,1125.0,1133.2,1131.6,196466,2231.47,12382, 77843, 39.62
1063,CYIENT,2025-11-17,1135.0,1138.5,1120.6,1133.1,1134.2,217107,2456.93,16471, 88146, 40.60
1064,CYIENT,2025-11-18,1139.8,1140.1,1116.0,1127.9,1127.9,282931,3184.79,18375, 163257, 57.70
1065,CYIENT,2025-11-19,1130.0,1156.4,1122.0,1154.9,1152.6,359019,4119.09,20001, 127331, 35.47
1066,CYIENT,2025-11-20,1162.0,1163.0,1145.0,1148.0,1148.9,231252,2670.4,15671, 104535, 45.20
1067,CYIENT,2025-11-21,1148.0,1148.0,1118.0,1120.0,1120.2,175464,1979.91,13964, 82539, 47.04
1068,CYIENT,2025-11-24,1119.6,1134.9,1113.4,1117.0,1118.1,295259,3316.01,16245, 143993, 48.77
1069,CYIENT,2025-11-25,1118.7,1122.7,1101.1,1103.7,1103.6,298545,3312.03,17738, 140104, 46.93
1070,CYIENT,2025-11-26,1109.4,1120.7,1103.6,1118.0,1118.4,311613,3474.07,14194, 149877, 48.10
1071,CYIENT,2025-11-27,1121.6,1124.7,1109.0,1116.0,1113.3,200347,2233.12,13472, 76710, 38.29
1072,CYIENT,2025-11-28,1107.9,1127.0,1106.2,1123.0,1123.6,278398,3119.16,15356, 150561, 54.08
1073,CYIENT,2025-12-01,1130.0,1167.5,1120.0,1165.0,1163.3,667205,7664.75,23240, 367559, 55.09
1074,CYIENT,2025-12-02,1165.9,1182.0,1156.0,1180.0,1178.8,552741,6475.8,21024, 253357, 45.84
1075,CYIENT,2025-12-03,1180.0,1194.5,1166.2,1182.3,1180.6,360596,4256.41,21111, 155315, 43.07
1076,CYIENT,2025-12-04,1180.6,1193.0,1170.5,1180.2,1177.2,234386,2771.45,14376, 92509, 39.47
1077,CYIENT,2025-12-05,1182.5,1188.0,1160.6,1168.5,1169.2,374403,4405.37,18760, 173246, 46.27
1078,DABUR,2025-11-06,517.05,524.5,511.05,523.15,523.7,3911239,20355.33,53915, 1554102, 39.73
1079,DABUR,2025-11-07,522.0,522.0,512.5,519.0,518.65,1754801,9088.72,26184, 676922, 38.58
1080,DABUR,2025-11-10,520.0,521.0,512.8,515.85,515.45,1005698,5193.51,19994, 486964, 48.42
1081,DABUR,2025-11-11,515.7,521.65,512.65,519.0,519.95,1478112,7657.14,28983, 727532, 49.22
1082,DABUR,2025-11-12,519.95,524.9,516.05,521.75,522.3,2517903,13129.1,48364, 1298869, 51.59
1083,DABUR,2025-11-13,522.0,528.6,517.0,521.75,522.2,1859578,9719.96,29290, 908388, 48.85
1084,DABUR,2025-11-14,522.0,527.0,517.55,524.7,525.0,1789377,9369.78,27303, 970114, 54.22
1085,DABUR,2025-11-17,529.0,529.9,523.35,524.0,524.25,1856462,9755.32,38346, 1134870, 61.13
1086,DABUR,2025-11-18,524.2,524.25,512.5,519.55,520.85,1958068,10171.38,29800, 861209, 43.98
1087,DABUR,2025-11-19,520.85,523.55,516.6,518.0,517.55,2419687,12616.43,25570, 1599347, 66.10
1088,DABUR,2025-11-20,519.05,527.0,516.7,523.8,525.05,2956054,15474.78,51236, 1973234, 66.75
1089,DABUR,2025-11-21,525.05,525.05,514.3,516.0,515.65,2659623,13780.79,26607, 1638536, 61.61
1090,DABUR,2025-11-24,516.95,517.85,511.4,512.15,512.4,5926288,30436.94,35371, 3848053, 64.93
1091,DABUR,2025-11-25,511.4,515.45,509.0,514.1,514.4,2050235,10515.24,21109, 1293623, 63.10
1092,DABUR,2025-11-26,514.15,520.05,513.85,517.9,517.2,914828,4734.79,15212, 518131, 56.64
1093,DABUR,2025-11-27,517.25,520.5,514.75,520.25,519.15,1262843,6540.89,17857, 760904, 60.25
1094,DABUR,2025-11-28,520.45,520.45,513.45,518.6,517.4,999605,5158.71,13101, 630493, 63.07
1095,DABUR,2025-12-01,517.45,519.35,514.15,515.0,515.25,1619957,8359.73,27102, 948859, 58.57
1096,DABUR,2025-12-02,513.1,517.85,507.0,507.0,507.95,2434279,12432.99,35732, 1607478, 66.04
1097,DABUR,2025-12-03,505.15,509.05,500.8,504.8,506.0,1388012,7020.9,21739, 832995, 60.01
1098,DABUR,2025-12-04,505.15,510.25,502.55,507.65,508.1,1371715,6967.72,24282, 736206, 53.67
1099,DABUR,2025-12-05,503.25,510.8,502.35,510.5,510.1,1205977,6122.11,20672, 639015, 52.99
1100,DALBHARAT,2025-11-06,2041.9,2067.9,2040.1,2053.0,2048.8,196404,4031.18,16175, 126521, 64.42
1101,DALBHARAT,2025-11-07,2057.2,2057.2,2029.1,2042.5,2037.5,88271,1801.79,8684, 44817, 50.77
1102,DALBHARAT,2025-11-10,2036.1,2066.8,2036.1,2055.0,2055.7,102563,2110.64,11344, 58620, 57.16
1103,DALBHARAT,2025-11-11,2055.6,2064.6,2031.0,2044.6,2044.8,107488,2198.23,19514, 42075, 39.14
1104,DALBHARAT,2025-11-12,2049.0,2049.0,2020.9,2040.0,2036.2,105979,2154.1,8268, 65412, 61.72
1105,DALBHARAT,2025-11-13,2049.0,2068.4,2032.3,2048.0,2047.8,146668,3012.76,19706, 78628, 53.61
1106,DALBHARAT,2025-11-14,2045.0,2055.0,2016.6,2031.6,2032.6,86736,1767.1,9330, 35362, 40.77
1107,DALBHARAT,2025-11-17,2032.6,2044.7,2010.4,2021.0,2014.6,118127,2389.09,9550, 80644, 68.27
1108,DALBHARAT,2025-11-18,2029.6,2029.6,1983.2,1994.7,1991.0,222000,4437.28,12517, 153267, 69.04
1109,DALBHARAT,2025-11-19,1991.0,2035.1,1982.0,2020.0,2021.3,208367,4190.31,17477, 116688, 56.00
1110,DALBHARAT,2025-11-20,2020.0,2022.1,2001.4,2018.2,2012.1,133521,2683.92,16209, 83814, 62.77
1111,DALBHARAT,2025-11-21,2012.1,2019.4,1991.4,2001.3,2009.2,144157,2892.77,16174, 81737, 56.70
1112,DALBHARAT,2025-11-24,2001.1,2028.0,1986.0,2020.1,2022.8,309688,6242.69,17905, 180317, 58.23
1113,DALBHARAT,2025-11-25,2013.0,2040.0,2010.0,2012.0,2019.9,435358,8776.77,18381, 348789, 80.12
1114,DALBHARAT,2025-11-26,2002.3,2057.0,2002.3,2035.0,2026.6,140880,2853.37,7867, 86380, 61.31
1115,DALBHARAT,2025-11-27,2030.0,2030.2,1997.0,2014.2,2019.2,276084,5549.29,16562, 181583, 65.77
1116,DALBHARAT,2025-11-28,2011.0,2025.3,2000.6,2010.0,2009.4,182273,3671.52,14137, 129341, 70.96
1117,DALBHARAT,2025-12-01,2010.7,2021.7,1998.2,2010.0,2009.4,122187,2454.77,11187, 64860, 53.08
1118,DALBHARAT,2025-12-02,2015.0,2016.5,1979.1,1985.3,1986.8,137485,2740.94,16059, 70781, 51.48
1119,DALBHARAT,2025-12-03,1990.0,1999.0,1963.7,1975.5,1983.5,144072,2855.01,18371, 60407, 41.93
1120,DALBHARAT,2025-12-04,1983.5,2002.5,1971.8,1982.2,1990.3,131741,2621.58,19937, 67449, 51.20
1121,DALBHARAT,2025-12-05,1981.0,2002.4,1975.2,1995.0,1989.0,124708,2482.77,16845, 61449, 49.27
1122,DELHIVERY,2025-11-06,470.0,470.0,436.4,436.4,442.6,20671252,93158.31,145554, 10389952, 50.26
1123,DELHIVERY,2025-11-07,434.9,443.25,428.0,431.55,429.55,6553523,28491.12,69211, 2705540, 41.28
1124,DELHIVERY,2025-11-10,429.95,430.75,423.05,428.1,427.6,3333571,14237.48,37450, 1919793, 57.59
1125,DELHIVERY,2025-11-11,430.1,434.9,424.45,430.65,430.1,4395363,18880.97,29932, 2734149, 62.21
1126,DELHIVERY,2025-11-12,431.0,434.45,422.3,432.0,431.4,4033398,17329.3,32215, 2142879, 53.13
1127,DELHIVERY,2025-11-13,432.0,441.9,427.0,434.6,434.05,3731700,16261.05,38649, 1705071, 45.69
1128,DELHIVERY,2025-11-14,434.05,439.85,433.1,437.4,436.4,1449477,6325.92,17447, 673057, 46.43
1129,DELHIVERY,2025-11-17,437.15,443.45,436.6,440.2,440.1,1277411,5631.45,18841, 595489, 46.62
1130,DELHIVERY,2025-11-18,439.95,440.1,427.4,436.3,435.85,2184154,9475.11,26994, 1094222, 50.10
1131,DELHIVERY,2025-11-19,435.5,442.8,433.3,436.0,436.0,1730332,7581.37,21533, 892130, 51.56
1132,DELHIVERY,2025-11-20,436.0,437.3,425.0,428.0,426.0,1284089,5508.16,18630, 691745, 53.87
1133,DELHIVERY,2025-11-21,425.0,425.9,415.65,417.9,418.4,2415231,10138.4,26205, 1266955, 52.46
1134,DELHIVERY,2025-11-24,418.0,418.3,404.35,406.0,405.85,6662176,27161.46,51097, 4637602, 69.61
1135,DELHIVERY,2025-11-25,404.05,414.45,403.2,414.0,410.65,3134101,12800.7,34476, 1857405, 59.26
1136,DELHIVERY,2025-11-26,411.25,420.5,410.9,419.0,419.4,1423515,5953.36,16957, 537542, 37.76
1137,DELHIVERY,2025-11-27,419.45,426.9,415.95,424.8,425.25,1455614,6134.38,30250, 698459, 47.98
1138,DELHIVERY,2025-11-28,425.7,428.35,420.9,426.0,426.2,1761233,7491.15,16902, 1152485, 65.44
1139,DELHIVERY,2025-12-01,426.35,433.75,416.65,418.95,417.6,1770983,7532.6,33397, 836838, 47.25
1140,DELHIVERY,2025-12-02,416.95,417.95,407.6,408.65,409.1,2601047,10706.96,29298, 1203602, 46.27
1141,DELHIVERY,2025-12-03,409.85,410.4,399.55,401.0,401.95,1786771,7197.48,19772, 951642, 53.26
1142,DELHIVERY,2025-12-04,400.0,403.7,397.35,403.0,401.6,1276192,5116.41,26507, 734491, 57.55
1143,DELHIVERY,2025-12-05,401.4,408.25,398.25,405.65,404.6,2152693,8694.24,26511, 1290123, 59.93
1144,DIVISLAB,2025-11-06,6792.5,6904.5,6764.0,6875.0,6883.5,721954,49391.61,56418, 370340, 51.30
1145,DIVISLAB,2025-11-07,6874.5,6892.0,6601.5,6607.0,6656.5,855609,57601.62,82443, 203500, 23.78
1146,DIVISLAB,2025-11-10,6700.0,6748.0,6636.5,6706.0,6691.5,418569,27987.06,41074, 202378, 48.35
1147,DIVISLAB,2025-11-11,6711.0,6725.0,6489.0,6528.0,6539.5,388972,25472.22,50860, 177491, 45.63
1148,DIVISLAB,2025-11-12,6570.5,6574.5,6481.0,6520.0,6520.0,476290,31039.73,41433, 305093, 64.06
1149,DIVISLAB,2025-11-13,6525.5,6645.0,6473.0,6600.0,6593.5,397401,26038.37,41142, 192572, 48.46
1150,DIVISLAB,2025-11-14,6584.0,6632.0,6481.0,6520.0,6511.5,147365,9664.76,19437, 63029, 42.77
1151,DIVISLAB,2025-11-17,6528.0,6559.0,6476.0,6546.0,6518.5,242726,15814.03,30400, 127088, 52.36
1152,DIVISLAB,2025-11-18,6485.0,6552.0,6456.0,6470.5,6473.5,162830,10576.56,18380, 62467, 38.36
1153,DIVISLAB,2025-11-19,6510.0,6512.0,6434.0,6443.0,6454.0,128134,8279.65,22887, 51684, 40.34
1154,DIVISLAB,2025-11-20,6495.0,6497.5,6433.0,6470.0,6462.5,114162,7373.78,21848, 48966, 42.89
1155,DIVISLAB,2025-11-21,6462.0,6462.0,6355.5,6360.0,6373.0,130843,8373.8,18316, 63575, 48.59
1156,DIVISLAB,2025-11-24,6364.0,6382.5,6322.0,6375.0,6359.0,393803,25021.19,38604, 267957, 68.04
1157,DIVISLAB,2025-11-25,6355.0,6443.0,6341.0,6410.0,6412.0,179873,11507.99,23201, 74044, 41.16
1158,DIVISLAB,2025-11-26,6417.5,6530.0,6411.5,6525.0,6510.0,126970,8242.15,15917, 62772, 49.44
1159,DIVISLAB,2025-11-27,6514.5,6542.0,6451.0,6498.0,6490.5,95681,6210.33,17187, 37138, 38.81
1160,DIVISLAB,2025-11-28,6500.0,6568.0,6434.5,6461.5,6477.0,250130,16175.17,27940, 146570, 58.60
1161,DIVISLAB,2025-12-01,6500.5,6524.5,6404.5,6419.5,6422.5,100192,6460.5,17137, 52471, 52.37
1162,DIVISLAB,2025-12-02,6400.5,6453.5,6370.5,6401.5,6417.5,151910,9739.09,22149, 91844, 60.46
1163,DIVISLAB,2025-12-03,6419.5,6467.5,6342.5,6460.0,6455.0,278865,17928.36,36952, 188866, 67.73
1164,DIVISLAB,2025-12-04,6455.0,6492.5,6413.0,6413.0,6469.0,200558,12975.39,19816, 141873, 70.74
1165,DIVISLAB,2025-12-05,6467.0,6486.5,6394.5,6486.0,6473.5,148911,9600.53,22857, 75978, 51.02
1166,DIXON,2025-11-06,15257.0,15324.0,15050.0,15090.0,15079.0,229915,34820.06,58751, 134146, 58.35
1167,DIXON,2025-11-07,15000.0,15061.0,14671.0,14850.0,14849.0,302050,44900.07,59937, 129467, 42.86
1168,DIXON,2025-11-10,14875.0,15006.0,14710.0,14915.0,14867.0,252744,37557.68,45000, 134698, 53.29
1169,DIXON,2025-11-11,14910.0,15153.0,14760.0,15125.0,15094.0,183854,27473.61,31267, 67175, 36.54
1170,DIXON,2025-11-12,15155.0,15369.0,15054.0,15300.0,15307.0,260843,39683.27,49439, 122373, 46.91
1171,DIXON,2025-11-13,15383.0,15579.0,15227.0,15330.0,15323.0,244819,37789.04,46970, 84492, 34.51
1172,DIXON,2025-11-14,15299.0,15570.0,15232.0,15440.0,15419.0,254561,39305.12,35954, 122621, 48.17
1173,DIXON,2025-11-17,15520.0,15698.0,15353.0,15697.0,15641.0,232740,36263.42,45056, 102996, 44.25
1174,DIXON,2025-11-18,15700.0,15771.0,15501.0,15707.0,15697.0,190994,29932.88,35537, 83184, 43.55
1175,DIXON,2025-11-19,15697.0,15775.0,15366.0,15430.0,15540.0,178897,27993.98,35429, 93719, 52.39
1176,DIXON,2025-11-20,15600.0,15600.0,15264.0,15300.0,15313.0,204503,31474.18,38974, 104358, 51.03
1177,DIXON,2025-11-21,15310.0,15310.0,14921.0,14949.0,14965.0,207477,31228.9,44312, 99670, 48.04
1178,DIXON,2025-11-24,14965.0,14990.0,14599.0,14640.0,14669.0,266515,39314.97,45862, 167492, 62.85
1179,DIXON,2025-11-25,14662.0,14797.0,14380.0,14398.0,14401.0,257302,37416.51,54904, 115684, 44.96
1180,DIXON,2025-11-26,14473.0,14877.0,14374.0,14800.0,14825.0,286601,42207.66,49499, 110471, 38.55
1181,DIXON,2025-11-27,14860.0,14890.0,14535.0,14629.0,14643.0,151098,22204.59,30508, 55431, 36.69
1182,DIXON,2025-11-28,14668.0,14708.0,14511.0,14618.0,14601.0,137276,20042.16,30623, 59858, 43.60
1183,DIXON,2025-12-01,14739.0,14739.0,14485.0,14554.0,14566.0,233233,33981.27,44177, 145125, 62.22
1184,DIXON,2025-12-02,14554.0,14620.0,14458.0,14490.0,14494.0,149204,21671.14,30260, 73137, 49.02
1185,DIXON,2025-12-03,14494.0,14500.0,13980.0,14045.0,14018.0,348161,49194.5,65718, 179901, 51.67
1186,DIXON,2025-12-04,14080.0,14105.0,13675.0,13686.0,13707.0,259494,35899.46,49510, 101973, 39.30
1187,DIXON,2025-12-05,13699.0,13894.0,13500.0,13781.0,13749.0,243937,33399.95,47613, 72474, 29.71
1188,DLF,2025-11-06,770.0,773.5,756.5,758.9,758.35,2753925,21011.56,58889, 1381838, 50.18
1189,DLF,2025-11-07,753.6,761.65,745.0,758.5,759.45,1968749,14838.37,36466, 826438, 41.98
1190,DLF,2025-11-10,759.45,768.25,756.5,760.0,760.0,1418071,10789.42,27627, 619639, 43.70
1191,DLF,2025-11-11,762.5,766.3,752.45,765.75,765.25,1497577,11397.78,28496, 807629, 53.93
1192,DLF,2025-11-12,767.4,771.15,760.0,762.0,761.2,2364484,18077.4,58045, 1403087, 59.34
1193,DLF,2025-11-13,763.0,773.9,762.8,766.1,764.8,2212671,16973.72,39857, 1034476, 46.75
1194,DLF,2025-11-14,766.0,767.4,757.4,764.9,764.85,1171600,8926.27,25793, 330922, 28.25
1195,DLF,2025-11-17,768.0,772.8,764.95,769.0,768.5,1312234,10081.84,22172, 737260, 56.18
1196,DLF,2025-11-18,769.85,769.85,748.3,748.95,750.35,1247505,9421.31,33483, 621845, 49.85
1197,DLF,2025-11-19,750.35,750.85,738.6,743.5,743.65,2600689,19340.52,40231, 1330213, 51.15
1198,DLF,2025-11-20,743.65,745.9,738.6,741.95,741.1,1529401,11356.69,30575, 906448, 59.27
1199,DLF,2025-11-21,739.8,739.85,721.2,722.65,725.35,3588983,26237.95,47597, 2285284, 63.67
1200,DLF,2025-11-24,725.35,727.3,715.3,718.2,717.7,4800336,34557.57,66845, 3569474, 74.36
1201,DLF,2025-11-25,718.2,726.05,715.25,721.0,721.3,2298762,16581.42,39619, 1335064, 58.08
1202,DLF,2025-11-26,724.3,733.9,720.25,731.0,730.75,1965769,14350.96,38603, 1100194, 55.97
1203,DLF,2025-11-27,732.0,734.0,723.5,725.4,725.4,1086614,7898.98,20208, 521392, 47.98
1204,DLF,2025-11-28,724.0,730.2,721.7,724.6,723.6,1444662,10472.03,25534, 903982, 62.57
1205,DLF,2025-12-01,727.1,728.9,709.7,712.0,712.5,2400147,17197.77,50962, 1417776, 59.07
1206,DLF,2025-12-02,712.5,716.7,709.35,714.95,712.2,2424169,17275.78,33930, 1693713, 69.87
1207,DLF,2025-12-03,714.45,715.65,705.95,708.0,708.0,1396559,9901.44,31113, 603195, 43.19
1208,DLF,2025-12-04,706.6,713.85,705.15,711.0,709.35,2869711,20373.11,36910, 1805267, 62.91
1209,DLF,2025-12-05,708.0,725.25,707.15,720.4,719.75,2301587,16564.05,39331, 709191, 30.81
1210,DMART,2025-11-06,4182.4,4191.4,4071.9,4089.0,4082.2,487314,20023.93,51155, 317824, 65.22
1211,DMART,2025-11-07,4082.2,4082.2,3984.6,4015.9,4011.0,1195522,47957.51,63430, 818380, 68.45
1212,DMART,2025-11-10,4011.0,4067.0,4011.0,4035.0,4019.0,290454,11726.09,28641, 158087, 54.43
1213,DMART,2025-11-11,4025.0,4077.4,4020.0,4075.0,4072.2,272277,11036.37,26158, 159379, 58.54
1214,DMART,2025-11-12,4112.6,4112.6,4047.3,4054.0,4058.0,381769,15514.66,33814, 259353, 67.93
1215,DMART,2025-11-13,4058.0,4090.0,4040.4,4060.0,4062.5,252053,10261.15,35009, 160142, 63.54
1216,DMART,2025-11-14,4060.0,4069.2,4020.0,4053.0,4053.7,305911,12370.06,27992, 198445, 64.87
1217,DMART,2025-11-17,4059.9,4086.0,4032.0,4039.0,4036.2,186267,7533.92,19082, 110104, 59.11
1218,DMART,2025-11-18,4036.2,4042.2,3991.6,3995.0,3997.2,311407,12471.97,32195, 195349, 62.73
1219,DMART,2025-11-19,4010.0,4039.0,3997.1,4035.0,4026.5,378207,15209.03,29847, 265485, 70.20
1220,DMART,2025-11-20,4045.0,4099.7,4037.1,4085.0,4085.0,387479,15801.67,35220, 182169, 47.01
1221,DMART,2025-11-21,4085.0,4098.9,4030.5,4040.3,4038.0,330945,13426.26,37700, 179935, 54.37
1222,DMART,2025-11-24,4046.9,4048.5,3975.2,3985.0,3987.5,724604,28926.14,47327, 485791, 67.04
1223,DMART,2025-11-25,3997.9,4015.4,3960.0,3989.5,3988.6,446861,17825.53,50367, 304481, 68.14
1224,DMART,2025-11-26,3999.9,4029.9,3980.0,4015.0,4019.1,360542,14477.55,40002, 270982, 75.16
1225,DMART,2025-11-27,4029.0,4038.0,3986.0,4014.9,4007.1,237041,9502.57,40312, 148821, 62.78
1226,DMART,2025-11-28,4005.0,4044.8,3992.2,3995.9,3996.5,211068,8468.0,20570, 133570, 63.28
1227,DMART,2025-12-01,3997.0,4009.5,3946.0,3960.5,3963.3,256602,10184.25,34105, 153363, 59.77
1228,DMART,2025-12-02,3968.0,3975.2,3935.0,3963.8,3961.8,292968,11579.11,43464, 198313, 67.69
1229,DMART,2025-12-03,3961.8,3969.2,3883.0,3905.5,3909.7,359508,14041.51,47808, 227870, 63.38
1230,DMART,2025-12-04,3910.3,3935.0,3897.3,3915.7,3913.3,200117,7836.86,30582, 122063, 61.00
1231,DMART,2025-12-05,3913.3,3956.4,3904.3,3955.2,3952.1,184255,7259.46,27821, 116208, 63.07
1232,DRREDDY,2025-11-06,1202.0,1213.9,1193.2,1204.0,1205.2,1560897,18786.06,50644, 780133, 49.98
1233,DRREDDY,2025-11-07,1208.0,1211.9,1198.0,1207.0,1205.4,1076140,12977.78,38875, 568901, 52.86
1234,DRREDDY,2025-11-10,1199.4,1209.5,1195.0,1198.5,1198.7,3483082,41805.11,58773, 2817427, 80.89
1235,DRREDDY,2025-11-11,1203.6,1214.8,1198.6,1213.0,1211.5,1048552,12685.52,44626, 554227, 52.86
1236,DRREDDY,2025-11-12,1220.1,1235.0,1215.0,1230.4,1229.6,1222295,15012.29,47552, 699590, 57.24
1237,DRREDDY,2025-11-13,1235.8,1242.4,1227.3,1234.4,1234.9,1426984,17620.55,42363, 714171, 50.05
1238,DRREDDY,2025-11-14,1235.2,1249.0,1231.8,1246.9,1246.0,827643,10294.58,40378, 471270, 56.94
1239,DRREDDY,2025-11-17,1253.0,1253.0,1240.5,1244.0,1244.4,1423044,17719.17,34875, 957937, 67.32
1240,DRREDDY,2025-11-18,1244.5,1247.0,1232.7,1242.0,1243.8,971685,12063.35,32621, 577318, 59.41
1241,DRREDDY,2025-11-19,1248.7,1252.7,1237.0,1250.2,1250.2,830105,10335.07,34835, 481149, 57.96
1242,DRREDDY,2025-11-20,1255.0,1255.0,1237.7,1247.4,1248.6,854999,10661.9,26099, 404657, 47.33
1243,DRREDDY,2025-11-21,1244.8,1250.7,1237.1,1243.5,1243.9,941902,11727.24,32694, 552897, 58.70
1244,DRREDDY,2025-11-24,1248.0,1262.4,1219.0,1224.0,1226.2,7611988,93594.43,71954, 5844768, 76.78
1245,DRREDDY,2025-11-25,1236.3,1251.2,1230.3,1236.0,1236.1,1983817,24635.81,65188, 863558, 43.53
1246,DRREDDY,2025-11-26,1236.1,1251.0,1234.6,1247.0,1248.0,809816,10086.26,45161, 545851, 67.40
1247,DRREDDY,2025-11-27,1248.0,1256.0,1241.0,1249.7,1249.3,1060956,13231.02,57615, 688410, 64.89
1248,DRREDDY,2025-11-28,1250.0,1260.3,1245.0,1257.4,1258.8,809748,10161.38,32018, 574588, 70.96
1249,DRREDDY,2025-12-01,1263.9,1268.8,1248.4,1259.8,1260.1,1457856,18358.8,46024, 913078, 62.63
1250,DRREDDY,2025-12-02,1260.5,1278.3,1260.5,1276.5,1275.2,2361183,30029.49,59459, 1439008, 60.94
1251,DRREDDY,2025-12-03,1283.6,1293.0,1269.2,1280.0,1280.7,4969448,63668.1,77814, 3091832, 62.22
1252,DRREDDY,2025-12-04,1280.6,1284.2,1266.5,1278.5,1277.6,1971130,25119.01,59268, 1286595, 65.27
1253,DRREDDY,2025-12-05,1277.6,1282.8,1271.6,1276.0,1275.2,1036082,13237.03,24429, 614640, 59.32
1254,EICHERMOT,2025-11-06,6945.0,6975.0,6793.5,6810.0,6806.5,435650,29895.74,58833, 293655, 67.41
1255,EICHERMOT,2025-11-07,6806.5,6897.0,6720.5,6885.0,6886.0,465149,31566.57,57430, 282694, 60.77
1256,EICHERMOT,2025-11-10,6870.0,6915.5,6800.5,6894.5,6866.5,514365,35234.94,53710, 323308, 62.86
1257,EICHERMOT,2025-11-11,6871.5,6890.0,6754.0,6873.0,6873.0,409676,27915.7,40020, 234421, 57.22
1258,EICHERMOT,2025-11-12,6906.5,6925.0,6838.5,6879.0,6879.0,300606,20670.6,47141, 163859, 54.51
1259,EICHERMOT,2025-11-13,6875.0,6946.5,6758.5,6796.5,6855.0,842032,57879.89,64247, 482219, 57.27
1260,EICHERMOT,2025-11-14,6799.0,6850.0,6670.0,6699.5,6695.0,739163,49756.23,68163, 323207, 43.73
1261,EICHERMOT,2025-11-17,6730.0,6809.0,6675.0,6809.0,6799.0,789635,53474.42,52111, 536217, 67.91
1262,EICHERMOT,2025-11-18,6835.0,6854.0,6754.0,6785.0,6814.5,517129,35197.88,47443, 326722, 63.18
1263,EICHERMOT,2025-11-19,6800.0,6911.5,6760.0,6898.0,6896.5,416170,28532.41,52852, 284943, 68.47
1264,EICHERMOT,2025-11-20,6906.0,7138.0,6886.5,7125.0,7125.5,857232,60614.9,88980, 397360, 46.35
1265,EICHERMOT,2025-11-21,7125.5,7205.0,7088.5,7139.0,7134.5,654156,46868.16,58940, 227754, 34.82
1266,EICHERMOT,2025-11-24,7151.5,7284.5,7135.0,7250.0,7258.5,1229296,89158.04,96086, 772211, 62.82
1267,EICHERMOT,2025-11-25,7258.5,7274.5,7180.0,7200.0,7218.5,521990,37673.95,47510, 358446, 68.67
1268,EICHERMOT,2025-11-26,7258.0,7273.0,7180.0,7180.0,7198.5,313545,22664.62,70506, 190897, 60.88
1269,EICHERMOT,2025-11-27,7210.0,7210.5,6981.0,7004.0,6999.0,480102,33833.44,55566, 228102, 47.51
1270,EICHERMOT,2025-11-28,6999.0,7065.0,6956.0,7045.0,7053.5,449709,31647.07,40389, 250046, 55.60
1271,EICHERMOT,2025-12-01,7061.5,7250.0,7025.0,7135.0,7125.5,974710,69564.44,75066, 449362, 46.10
1272,EICHERMOT,2025-12-02,7125.0,7196.0,7091.5,7105.0,7112.5,448174,31942.15,79713, 267179, 59.62
1273,EICHERMOT,2025-12-03,7090.0,7105.0,7042.0,7063.5,7081.5,333674,23588.98,49934, 221515, 66.39
1274,EICHERMOT,2025-12-04,7098.0,7167.5,7066.5,7092.5,7100.0,364672,25918.27,58488, 228872, 62.76
1275,EICHERMOT,2025-12-05,7120.0,7218.0,7070.5,7205.0,7208.0,501035,35925.91,50190, 291923, 58.26
1276,ETERNAL,2025-11-06,308.5,311.65,303.55,305.3,305.65,44725332,137470.12,280633, 27559951, 61.62
1277,ETERNAL,2025-11-07,305.95,309.1,301.45,305.9,306.1,26911856,82347.79,163466, 13831648, 51.40
1278,ETERNAL,2025-11-10,304.25,308.55,300.8,301.8,301.45,33919179,102970.73,230802, 24280544, 71.58
1279,ETERNAL,2025-11-11,302.95,307.75,300.15,306.2,305.8,35824473,109031.54,197568, 22324825, 62.32
1280,ETERNAL,2025-11-12,308.0,312.95,307.35,308.55,308.8,43774443,135782.24,182989, 26703385, 61.00
1281,ETERNAL,2025-11-13,308.65,309.35,296.6,297.4,297.75,63585986,191501.82,239937, 39982055, 62.88
1282,ETERNAL,2025-11-14,295.0,305.25,294.75,304.15,303.75,37378739,112524.2,182042, 23318618, 62.38
1283,ETERNAL,2025-11-17,303.1,309.85,300.55,309.6,309.55,26632684,81583.8,160650, 13558960, 50.91
1284,ETERNAL,2025-11-18,312.0,313.0,304.5,304.5,306.15,24986347,77161.23,162604, 13121054, 52.51
1285,ETERNAL,2025-11-19,305.0,308.1,302.6,306.75,306.6,15532632,47588.7,123197, 8890505, 57.24
1286,ETERNAL,2025-11-20,308.5,308.65,304.6,307.05,306.9,13522453,41519.65,157411, 8135474, 60.16
1287,ETERNAL,2025-11-21,304.95,305.95,301.0,302.0,301.95,13729185,41668.7,126741, 8675226, 63.19
1288,ETERNAL,2025-11-24,296.5,304.25,295.6,300.7,301.0,42517973,127943.49,221877, 27147867, 63.85
1289,ETERNAL,2025-11-25,303.0,305.95,300.5,302.4,302.3,19304127,58387.58,168430, 12605738, 65.30
1290,ETERNAL,2025-11-26,300.3,307.15,300.3,306.8,306.85,14488702,44269.15,168605, 7824771, 54.01
1291,ETERNAL,2025-11-27,308.0,308.7,300.55,302.2,302.75,22604916,68487.4,153474, 13427109, 59.40
1292,ETERNAL,2025-11-28,303.0,304.8,299.65,300.5,300.1,17678706,53393.27,138131, 12235137, 69.21
1293,ETERNAL,2025-12-01,302.3,305.45,300.25,302.2,301.5,17929620,54159.65,184663, 11468489, 63.96
1294,ETERNAL,2025-12-02,300.6,301.8,297.0,300.6,300.55,23517461,70449.55,152979, 15275461, 64.95
1295,ETERNAL,2025-12-03,300.6,302.95,296.0,298.5,297.75,18546982,55414.62,125499, 10110238, 54.51
1296,ETERNAL,2025-12-04,297.6,298.75,292.55,296.55,295.75,31947997,94285.84,183511, 21229113, 66.45
1297,ETERNAL,2025-12-05,295.0,299.7,291.15,291.75,292.4,17762375,52349.45,130523, 10575901, 59.54
1298,EXIDEIND,2025-11-06,379.65,382.65,375.45,379.6,379.85,1515399,5752.47,28746, 704398, 46.48
1299,EXIDEIND,2025-11-07,377.85,379.95,374.75,377.1,377.35,1541187,5816.44,36443, 805094, 52.24
1300,EXIDEIND,2025-11-10,377.45,381.0,377.0,378.85,379.1,1153922,4372.87,17962, 549504, 47.62
1301,EXIDEIND,2025-11-11,379.0,380.3,375.85,377.5,377.0,1315238,4968.92,19052, 605806, 46.06
1302,EXIDEIND,2025-11-12,378.2,382.9,378.0,378.6,380.4,1335467,5088.54,17381, 656510, 49.16
1303,EXIDEIND,2025-11-13,380.4,381.9,378.4,379.6,379.7,1497531,5693.8,20106, 824963, 55.09
1304,EXIDEIND,2025-11-14,378.55,382.4,378.0,381.4,381.0,1724815,6559.84,20077, 791278, 45.88
1305,EXIDEIND,2025-11-17,377.0,386.8,377.0,382.4,382.7,3658302,14004.87,39003, 1322358, 36.15
1306,EXIDEIND,2025-11-18,382.2,383.45,378.95,381.9,381.5,1771009,6749.47,26018, 891058, 50.31
1307,EXIDEIND,2025-11-19,381.5,383.0,379.4,380.55,380.9,1350329,5151.64,18386, 529756, 39.23
1308,EXIDEIND,2025-11-20,380.9,383.25,380.5,381.1,380.8,1277581,4878.78,24894, 678478, 53.11
1309,EXIDEIND,2025-11-21,379.5,380.4,374.4,374.6,375.35,1679144,6325.03,22480, 973484, 57.98
1310,EXIDEIND,2025-11-24,374.0,375.2,361.85,363.0,363.45,2308560,8487.0,32864, 1493892, 64.71
1311,EXIDEIND,2025-11-25,363.0,366.15,361.0,361.4,361.85,1827850,6646.17,32744, 924608, 50.58
1312,EXIDEIND,2025-11-26,362.0,366.15,360.1,366.0,365.15,2430013,8869.38,21396, 1809325, 74.46
1313,EXIDEIND,2025-11-27,368.0,369.35,364.0,368.0,368.35,1519975,5574.29,16280, 719553, 47.34
1314,EXIDEIND,2025-11-28,370.0,376.0,368.0,374.95,374.8,1779891,6649.75,27336, 651442, 36.60
1315,EXIDEIND,2025-12-01,375.6,381.0,374.8,379.7,380.15,1972475,7452.32,27413, 981882, 49.78
1316,EXIDEIND,2025-12-02,380.2,381.0,376.2,378.3,378.45,1257595,4764.33,20890, 540324, 42.96
1317,EXIDEIND,2025-12-03,377.5,378.6,370.3,374.0,372.65,2341225,8746.2,29102, 1416092, 60.49
1318,EXIDEIND,2025-12-04,371.7,381.75,371.7,380.65,380.35,2191657,8300.61,25253, 939933, 42.89
1319,EXIDEIND,2025-12-05,380.3,380.75,375.9,380.0,380.15,921587,3494.1,12305, 447420, 48.55
1320,FEDERALBNK,2025-11-06,237.98,238.34,235.05,235.1,235.83,4895857,11563.86,53832, 3004112, 61.36
1321,FEDERALBNK,2025-11-07,235.0,238.0,232.42,237.5,237.26,7026019,16582.63,69621, 3911058, 55.67
1322,FEDERALBNK,2025-11-10,237.25,238.89,236.56,238.0,238.46,7513078,17876.09,51487, 4988483, 66.40
1323,FEDERALBNK,2025-11-11,238.44,238.58,235.09,235.8,235.89,7025378,16588.86,50606, 5145274, 73.24
1324,FEDERALBNK,2025-11-12,236.0,239.91,233.48,238.55,238.94,8593960,20392.41,54378, 5392442, 62.75
1325,FEDERALBNK,2025-11-13,238.53,238.66,235.01,235.53,235.79,3764303,8902.76,26948, 2215351, 58.85
1326,FEDERALBNK,2025-11-14,235.4,237.19,235.08,236.22,236.26,3078306,7271.14,33101, 1680833, 54.60
1327,FEDERALBNK,2025-11-17,237.11,239.99,235.27,239.63,239.06,6245112,14880.15,52801, 3662377, 58.64
1328,FEDERALBNK,2025-11-18,239.44,246.75,239.0,244.61,244.51,24152192,58870.27,134932, 11789053, 48.81
1329,FEDERALBNK,2025-11-19,245.3,248.5,244.82,245.99,246.02,15310593,37782.95,96755, 8932162, 58.34
1330,FEDERALBNK,2025-11-20,246.51,246.88,243.85,245.0,244.93,4639649,11361.89,29306, 2705033, 58.30
1331,FEDERALBNK,2025-11-21,244.19,247.6,244.0,244.35,245.06,7135057,17571.93,58789, 3878313, 54.36
1332,FEDERALBNK,2025-11-24,245.08,251.22,244.46,247.5,248.17,16439268,40980.77,104644, 10521447, 64.00
1333,FEDERALBNK,2025-11-25,248.4,256.9,247.5,256.0,255.99,15576893,39589.08,169908, 6201411, 39.81
1334,FEDERALBNK,2025-11-26,255.5,258.8,253.74,256.0,256.37,10148728,26034.88,52799, 5298329, 52.21
1335,FEDERALBNK,2025-11-27,256.0,256.9,253.3,255.35,254.87,4560033,11612.27,73582, 1767868, 38.77
1336,FEDERALBNK,2025-11-28,255.35,258.24,253.86,257.7,257.92,5507931,14126.56,66128, 2862614, 51.97
1337,FEDERALBNK,2025-12-01,259.7,259.7,255.8,257.0,256.6,5687469,14628.59,51844, 2825839, 49.69
1338,FEDERALBNK,2025-12-02,256.6,262.0,256.6,259.3,258.45,8694935,22535.89,71215, 4344799, 49.97
1339,FEDERALBNK,2025-12-03,259.0,259.85,255.85,258.65,258.25,5218904,13440.24,41670, 3155560, 60.46
1340,FEDERALBNK,2025-12-04,259.0,261.2,257.05,258.0,258.65,5356973,13860.93,49762, 2804770, 52.36
1341,FEDERALBNK,2025-12-05,259.0,260.25,256.95,259.1,259.2,5002265,12939.08,35759, 2699522, 53.97
1342,FORTIS,2025-11-06,1025.0,1029.9,995.1,1007.5,1009.9,2298960,23185.42,70903, 1264147, 54.99
1343,FORTIS,2025-11-07,1007.0,1022.5,1000.8,1020.2,1020.0,1719538,17412.0,44457, 1010731, 58.78
1344,FORTIS,2025-11-10,1020.0,1020.3,984.5,992.7,992.7,4626269,46129.65,108521, 2685876, 58.06
1345,FORTIS,2025-11-11,999.0,999.0,980.0,983.9,986.9,3524034,34771.15,65663, 2280074, 64.70
1346,FORTIS,2025-11-12,1004.1,1007.5,949.6,968.1,969.4,6846735,66413.56,139754, 2944235, 43.00
1347,FORTIS,2025-11-13,971.0,977.9,948.4,952.0,953.0,3239284,31116.03,91944, 1871016, 57.76
1348,FORTIS,2025-11-14,950.0,951.0,930.3,937.8,937.7,3268449,30627.99,96773, 2089514, 63.93
1349,FORTIS,2025-11-17,943.0,953.2,931.2,946.4,944.1,3466951,32692.46,79113, 2043261, 58.94
1350,FORTIS,2025-11-18,946.4,946.4,922.0,928.1,928.1,2325318,21625.95,71068, 1290988, 55.52
1351,FORTIS,2025-11-19,932.0,935.5,912.5,924.0,922.9,3031991,27958.89,126525, 1955913, 64.51
1352,FORTIS,2025-11-20,925.0,940.5,921.0,936.9,935.4,2621786,24528.34,71529, 1628084, 62.10
1353,FORTIS,2025-11-21,937.7,938.0,914.4,923.0,921.0,2145127,19801.64,94409, 1295768, 60.41
1354,FORTIS,2025-11-24,926.5,932.8,915.7,916.2,922.2,59357806,547644.28,177236, 35423665, 59.68
1355,FORTIS,2025-11-25,920.0,929.0,915.6,919.0,920.4,2226236,20545.84,39774, 1358698, 61.03
1356,FORTIS,2025-11-26,925.7,935.4,921.0,932.8,932.9,1562116,14534.41,24260, 1002688, 64.19
1357,FORTIS,2025-11-27,932.9,935.0,916.2,921.5,922.1,1594941,14715.35,40836, 895952, 56.17
1358,FORTIS,2025-11-28,929.0,929.0,906.7,920.0,919.1,2836398,25951.43,59813, 1852046, 65.30
1359,FORTIS,2025-12-01,919.1,921.8,899.65,905.0,904.85,2757915,25083.76,84366, 1927378, 69.89
1360,FORTIS,2025-12-02,904.2,918.4,893.55,916.0,915.75,3998767,36252.13,91055, 2802373, 70.08
1361,FORTIS,2025-12-03,916.05,920.85,895.15,896.6,898.25,2120959,19158.89,62335, 1417988, 66.86
1362,FORTIS,2025-12-04,895.0,900.65,884.5,887.0,888.55,2075176,18470.13,86375, 1434646, 69.13
1363,FORTIS,2025-12-05,890.0,896.4,882.0,885.0,888.55,1895397,16850.53,79800, 1228541, 64.82
1364,GAIL,2025-11-06,182.8,182.8,178.65,178.9,178.98,8609714,15466.34,62026, 5019763, 58.30
1365,GAIL,2025-11-07,178.3,181.43,177.16,180.8,180.47,5863620,10531.21,31646, 3268743, 55.75
1366,GAIL,2025-11-10,179.6,182.25,179.6,181.4,181.52,6801002,12328.54,39435, 4545742, 66.84
1367,GAIL,2025-11-11,181.4,182.69,179.76,182.33,182.34,4352265,7903.63,38410, 2380417, 54.69
1368,GAIL,2025-11-12,182.51,183.44,181.75,182.4,182.45,9245014,16872.47,48188, 6722723, 72.72
1369,GAIL,2025-11-13,182.45,185.37,182.18,183.8,183.67,8521444,15673.58,66109, 5324334, 62.48
1370,GAIL,2025-11-14,183.0,184.03,182.07,183.8,183.41,5496277,10054.4,41520, 3520427, 64.05
1371,GAIL,2025-11-17,182.9,185.63,182.55,185.19,185.3,6749568,12472.05,53599, 4107561, 60.86
1372,GAIL,2025-11-18,186.49,186.49,183.01,184.4,184.31,6258414,11526.38,32863, 3720129, 59.44
1373,GAIL,2025-11-19,184.4,184.88,183.3,184.05,184.05,3032584,5585.42,28124, 1998027, 65.89
1374,GAIL,2025-11-20,184.18,185.17,183.02,184.5,184.31,6809330,12551.86,50326, 4519511, 66.37
1375,GAIL,2025-11-21,184.0,184.78,181.69,183.01,182.99,8936258,16352.83,64004, 5673271, 63.49
1376,GAIL,2025-11-24,182.11,183.61,180.01,180.52,181.09,13399523,24313.06,46209, 9736627, 72.66
1377,GAIL,2025-11-25,181.09,182.15,179.5,179.8,180.22,5775748,10437.99,38830, 3469519, 60.07
1378,GAIL,2025-11-26,180.1,185.58,180.0,185.1,185.16,7831961,14447.7,35237, 4666951, 59.59
1379,GAIL,2025-11-27,185.2,186.87,183.12,184.1,183.8,3082841,5679.62,37622, 1381326, 44.81
1380,GAIL,2025-11-28,172.22,176.4,171.8,176.28,176.09,60244650,104947.46,290742, 20999799, 34.86
1381,GAIL,2025-12-01,177.0,177.43,174.84,175.0,175.41,14586098,25627.47,89472, 6989663, 47.92
1382,GAIL,2025-12-02,175.21,176.66,174.5,175.05,175.0,6840703,11988.57,63735, 4720287, 69.00
1383,GAIL,2025-12-03,175.05,175.5,169.7,170.5,170.27,19784622,33766.98,95997, 14249268, 72.02
1384,GAIL,2025-12-04,170.99,171.87,169.75,170.85,170.63,7624463,13005.0,64977, 4302780, 56.43
1385,GAIL,2025-12-05,171.0,171.6,169.53,169.99,169.98,5577375,9492.56,40422, 3120698, 55.95
1386,GLENMARK,2025-11-06,1859.9,1859.9,1805.0,1808.3,1810.4,356061,6481.93,20820, 194745, 54.69
1387,GLENMARK,2025-11-07,1801.4,1829.4,1801.4,1822.4,1811.5,553200,10035.76,25257, 347800, 62.87
1388,GLENMARK,2025-11-10,1820.6,1849.3,1810.4,1838.1,1829.9,582091,10677.35,26336, 336012, 57.72
1389,GLENMARK,2025-11-11,1840.0,1846.9,1813.0,1814.0,1817.3,388962,7093.29,18835, 209305, 53.81
1390,GLENMARK,2025-11-12,1817.0,1861.0,1807.0,1850.0,1847.8,1811699,33415.47,47763, 1292728, 71.35
1391,GLENMARK,2025-11-13,1862.1,1918.9,1845.9,1888.9,1880.6,1708579,32391.93,92256, 769149, 45.02
1392,GLENMARK,2025-11-14,1890.0,1931.9,1855.0,1895.0,1895.6,1808669,34390.43,64892, 821557, 45.42
1393,GLENMARK,2025-11-17,1855.1,1924.9,1810.0,1867.3,1868.9,6171268,115457.3,223635, 2477751, 40.15
1394,GLENMARK,2025-11-18,1880.0,1882.0,1818.0,1835.0,1842.8,2126546,39086.52,71656, 961124, 45.20
1395,GLENMARK,2025-11-19,1835.5,1866.5,1832.1,1841.0,1840.8,548782,10146.73,38184, 192627, 35.10
1396,GLENMARK,2025-11-20,1845.0,1894.8,1842.1,1884.9,1878.0,1275173,23754.99,46482, 297608, 23.34
1397,GLENMARK,2025-11-21,1878.4,1908.0,1838.0,1843.2,1844.2,943929,17681.64,44107, 278388, 29.49
1398,GLENMARK,2025-11-24,1844.2,1861.5,1825.1,1836.2,1842.4,1430032,26389.91,39203, 777057, 54.34
1399,GLENMARK,2025-11-25,1842.0,1893.6,1837.0,1870.5,1881.5,1017631,19096.58,49524, 395615, 38.88
1400,GLENMARK,2025-11-26,1880.0,1927.4,1875.6,1919.0,1921.3,833315,15910.94,40872, 368289, 44.20
1401,GLENMARK,2025-11-27,1924.7,1958.0,1922.3,1942.0,1944.0,1272760,24739.66,53445, 369267, 29.01
1402,GLENMARK,2025-11-28,1949.5,1958.0,1937.8,1948.8,1946.2,687641,13404.34,29922, 362857, 52.77
1403,GLENMARK,2025-12-01,1950.0,1965.9,1923.1,1946.0,1941.7,456233,8872.09,28810, 171050, 37.49
1404,GLENMARK,2025-12-02,1951.8,1984.0,1942.7,1980.0,1978.6,1261494,24859.77,58966, 595634, 47.22
1405,GLENMARK,2025-12-03,1987.9,1992.9,1954.9,1965.0,1965.9,1004563,19811.34,53453, 441558, 43.96
1406,GLENMARK,2025-12-04,1960.1,1984.9,1960.1,1975.6,1973.8,414550,8182.27,37346, 200154, 48.28
1407,GLENMARK,2025-12-05,1964.0,1988.0,1957.0,1958.0,1968.2,420804,8303.87,42873, 185070, 43.98
1408,GMRAIRPORT,2025-11-06,94.1,96.43,94.1,94.38,94.45,11103563,10580.12,31180, 5379460, 48.45
1409,GMRAIRPORT,2025-11-07,94.3,96.3,94.0,95.7,95.66,17206733,16421.08,39187, 9330810, 54.23
1410,GMRAIRPORT,2025-11-10,95.11,96.72,95.11,95.45,95.65,10726731,10286.57,28008, 5760857, 53.71
1411,GMRAIRPORT,2025-11-11,95.5,95.8,94.45,95.64,95.49,6227895,5938.21,24105, 3951047, 63.44
1412,GMRAIRPORT,2025-11-12,95.99,96.27,94.64,95.25,95.5,10526450,10043.69,33030, 5819352, 55.28
1413,GMRAIRPORT,2025-11-13,95.25,96.2,95.09,95.46,95.49,10602571,10135.73,25720, 6944479, 65.50
1414,GMRAIRPORT,2025-11-14,97.65,99.19,94.65,95.55,95.67,28366853,27409.5,69734, 7780786, 27.43
1415,GMRAIRPORT,2025-11-17,97.46,98.08,96.42,97.49,97.68,16152779,15744.11,43443, 5653252, 35.00
1416,GMRAIRPORT,2025-11-18,97.66,104.85,97.5,104.0,103.72,103946808,106393.95,210276, 36474750, 35.09
1417,GMRAIRPORT,2025-11-19,104.2,104.7,102.52,102.8,102.92,24782245,25663.39,72148, 8757865, 35.34
1418,GMRAIRPORT,2025-11-20,102.92,104.44,102.6,103.03,103.27,22471259,23261.5,60295, 13004917, 57.87
1419,GMRAIRPORT,2025-11-21,103.25,105.49,102.55,103.94,104.05,36366106,38025.15,86897, 18415598, 50.64
1420,GMRAIRPORT,2025-11-24,104.68,104.7,102.89,103.21,103.76,30916627,32070.99,81595, 19793710, 64.02
1421,GMRAIRPORT,2025-11-25,103.49,105.99,103.32,104.57,104.21,27430965,28794.62,72479, 14270197, 52.02
1422,GMRAIRPORT,2025-11-26,104.98,107.07,104.61,106.8,106.76,27688034,29430.84,77608, 13613241, 49.17
1423,GMRAIRPORT,2025-11-27,107.2,107.21,106.23,106.73,106.69,13820784,14753.35,46052, 7960652, 57.60
1424,GMRAIRPORT,2025-11-28,106.2,109.07,106.0,108.4,108.35,25821928,27936.63,65109, 12145975, 47.04
1425,GMRAIRPORT,2025-12-01,108.9,109.6,106.83,107.67,107.64,40681263,44052.36,96131, 26208148, 64.42
1426,GMRAIRPORT,2025-12-02,107.2,110.36,106.43,106.68,106.63,57495746,62050.91,109867, 41220887, 71.69
1427,GMRAIRPORT,2025-12-03,107.39,107.91,104.9,105.36,105.35,36117634,38291.14,94439, 20939067, 57.97
1428,GMRAIRPORT,2025-12-04,105.0,105.84,102.84,102.99,103.06,23135574,24078.85,58054, 17179063, 74.25
1429,GMRAIRPORT,2025-12-05,102.56,103.97,101.0,103.8,103.51,30961152,31691.66,81021, 17847468, 57.64
1430,GODREJCP,2025-11-06,1164.9,1164.9,1134.3,1143.5,1146.0,2222520,25423.16,63462, 1515854, 68.20
1431,GODREJCP,2025-11-07,1135.6,1139.4,1118.3,1125.3,1121.8,1985895,22426.24,23943, 1467688, 73.91
1432,GODREJCP,2025-11-10,1120.2,1139.5,1113.4,1127.0,1126.7,1046353,11808.33,26071, 625993, 59.83
1433,GODREJCP,2025-11-11,1130.9,1144.8,1122.0,1144.8,1138.4,1406507,15937.38,32343, 932967, 66.33
1434,GODREJCP,2025-11-12,1144.0,1144.4,1126.4,1139.0,1135.9,901827,10241.46,32692, 562714, 62.40
1435,GODREJCP,2025-11-13,1135.0,1142.4,1127.0,1135.0,1133.4,1850071,20968.83,29382, 1235713, 66.79
1436,GODREJCP,2025-11-14,1133.0,1152.0,1127.7,1146.3,1146.5,2094535,23834.67,31077, 1683287, 80.37
1437,GODREJCP,2025-11-17,1149.0,1162.4,1146.8,1149.7,1152.3,789222,9122.77,24187, 476470, 60.37
1438,GODREJCP,2025-11-18,1151.7,1154.0,1135.1,1140.0,1142.1,1655215,18927.22,19407, 1324984, 80.05
1439,GODREJCP,2025-11-19,1139.9,1149.0,1132.6,1140.0,1139.9,1671330,19050.64,29190, 1257516, 75.24
1440,GODREJCP,2025-11-20,1141.3,1142.0,1125.7,1127.5,1127.3,1175797,13331.48,21783, 849624, 72.26
1441,GODREJCP,2025-11-21,1120.0,1129.9,1114.0,1121.1,1125.2,4264238,47772.61,36829, 3573491, 83.80
1442,GODREJCP,2025-11-24,1130.0,1134.8,1108.3,1108.3,1111.4,1732808,19388.2,30196, 1231826, 71.09
1443,GODREJCP,2025-11-25,1111.4,1149.0,1107.3,1139.5,1144.5,3033523,34180.3,34310, 2080100, 68.57
1444,GODREJCP,2025-11-26,1147.0,1167.5,1142.1,1155.0,1154.2,1448380,16667.57,41214, 862158, 59.53
1445,GODREJCP,2025-11-27,1149.0,1166.9,1139.1,1148.8,1144.6,1138374,13091.71,34394, 787409, 69.17
1446,GODREJCP,2025-11-28,1144.6,1158.0,1140.6,1145.0,1145.6,1513316,17361.32,36217, 1122034, 74.14
1447,GODREJCP,2025-12-01,1145.0,1145.9,1122.7,1129.0,1129.4,766007,8651.47,29648, 480892, 62.78
1448,GODREJCP,2025-12-02,1134.9,1140.7,1123.7,1137.0,1132.1,678672,7693.31,21617, 454449, 66.96
1449,GODREJCP,2025-12-03,1139.0,1139.0,1117.6,1119.7,1120.7,429245,4821.38,16034, 260662, 60.73
1450,GODREJCP,2025-12-04,1120.6,1138.5,1115.5,1132.1,1132.6,455483,5134.98,17670, 216219, 47.47
1451,GODREJCP,2025-12-05,1132.0,1139.1,1122.3,1136.9,1136.0,339262,3837.46,17787, 198869, 58.62
1452,GODREJPROP,2025-11-06,2300.0,2312.7,2186.6,2193.5,2193.7,1250187,28003.35,78719, 307783, 24.62
1453,GODREJPROP,2025-11-07,2193.6,2196.1,2136.4,2139.0,2142.7,591444,12770.58,35004, 242252, 40.96
1454,GODREJPROP,2025-11-10,2140.0,2182.0,2131.1,2166.7,2167.7,276221,5968.91,20390, 96544, 34.95
1455,GODREJPROP,2025-11-11,2171.0,2184.7,2136.0,2161.1,2158.5,326579,7039.46,20108, 164974, 50.52
1456,GODREJPROP,2025-11-12,2169.4,2210.0,2167.8,2185.0,2193.8,341974,7494.92,20675, 98015, 28.66
1457,GODREJPROP,2025-11-13,2193.8,2233.4,2187.1,2205.8,2206.1,556709,12328.54,42342, 226661, 40.71
1458,GODREJPROP,2025-11-14,2205.8,2218.5,2176.0,2202.0,2195.8,272597,5983.68,20938, 82011, 30.09
1459,GODREJPROP,2025-11-17,2214.8,2218.0,2177.1,2185.7,2184.6,320144,7008.87,26110, 185892, 58.07
1460,GODREJPROP,2025-11-18,2181.6,2184.6,2146.0,2150.0,2150.8,324330,7002.36,23032, 139418, 42.99
1461,GODREJPROP,2025-11-19,2145.0,2149.7,2111.0,2125.5,2130.4,368577,7851.56,28568, 111252, 30.18
1462,GODREJPROP,2025-11-20,2144.0,2152.8,2113.0,2125.0,2123.8,361185,7682.55,16793, 143298, 39.67
1463,GODREJPROP,2025-11-21,2132.9,2141.3,2080.0,2085.0,2090.9,597759,12569.12,35409, 242379, 40.55
1464,GODREJPROP,2025-11-24,2090.9,2097.3,2036.0,2041.9,2046.4,741236,15228.03,46911, 330971, 44.65
1465,GODREJPROP,2025-11-25,2046.4,2099.9,2026.0,2092.0,2094.0,471585,9791.21,29059, 158453, 33.60
1466,GODREJPROP,2025-11-26,2085.0,2118.7,2080.6,2110.0,2114.4,427311,8998.47,28028, 212418, 49.71
1467,GODREJPROP,2025-11-27,2114.4,2119.8,2086.7,2100.0,2096.3,287748,6055.92,27458, 126181, 43.85
1468,GODREJPROP,2025-11-28,2106.2,2129.0,2095.0,2107.0,2114.6,293364,6191.13,18139, 88464, 30.16
1469,GODREJPROP,2025-12-01,2123.0,2127.9,2074.9,2087.5,2096.5,310613,6530.38,25568, 112880, 36.34
1470,GODREJPROP,2025-12-02,2087.5,2109.7,2081.5,2097.6,2097.7,392005,8215.4,33212, 232541, 59.32
1471,GODREJPROP,2025-12-03,2091.0,2097.7,2057.7,2069.0,2067.8,290444,6012.9,26193, 138016, 47.52
1472,GODREJPROP,2025-12-04,2078.8,2103.0,2056.0,2083.3,2079.6,361891,7535.0,24781, 200891, 55.51
1473,GODREJPROP,2025-12-05,2080.0,2117.0,2062.8,2082.6,2082.4,494250,10330.15,30260, 200927, 40.65
1474,GRASIM,2025-11-06,2797.1,2800.0,2692.0,2697.0,2700.1,1986853,54288.16,105144, 842914, 42.42
1475,GRASIM,2025-11-07,2700.0,2738.0,2675.7,2724.0,2724.6,1101889,29960.95,41211, 669893, 60.79
1476,GRASIM,2025-11-10,2738.0,2789.0,2728.7,2762.0,2762.9,489522,13529.52,35248, 238154, 48.65
1477,GRASIM,2025-11-11,2775.0,2780.1,2737.5,2771.2,2775.8,399693,11042.27,26596, 215819, 54.00
1478,GRASIM,2025-11-12,2788.4,2793.7,2755.0,2758.3,2767.4,531304,14764.44,27673, 280954, 52.88
1479,GRASIM,2025-11-13,2766.6,2785.0,2746.2,2782.0,2777.8,687031,19081.03,26511, 455289, 66.27
1480,GRASIM,2025-11-14,2777.2,2790.0,2761.0,2778.6,2783.4,510972,14205.86,41627, 347606, 68.03
1481,GRASIM,2025-11-17,2790.0,2799.0,2771.1,2798.9,2790.3,459047,12801.64,22856, 318644, 69.41
1482,GRASIM,2025-11-18,2788.0,2790.3,2750.0,2755.0,2762.0,437943,12130.92,23885, 279611, 63.85
1483,GRASIM,2025-11-19,2770.0,2774.0,2739.1,2743.0,2744.7,468941,12907.86,36742, 260392, 55.53
1484,GRASIM,2025-11-20,2760.0,2764.3,2745.0,2750.0,2748.6,519341,14309.68,37712, 331350, 63.80
1485,GRASIM,2025-11-21,2750.0,2756.9,2723.0,2723.0,2734.8,471626,12916.93,30734, 301096, 63.84
1486,GRASIM,2025-11-24,2734.9,2740.3,2679.4,2680.0,2688.7,917195,24746.74,53452, 623821, 68.01
1487,GRASIM,2025-11-25,2688.1,2712.0,2680.0,2683.1,2686.8,558631,15034.92,38370, 374365, 67.01
1488,GRASIM,2025-11-26,2686.8,2746.6,2686.8,2739.0,2744.0,444974,12148.29,42362, 267283, 60.07
1489,GRASIM,2025-11-27,2748.0,2748.5,2712.0,2737.2,2740.0,399328,10903.98,35198, 232268, 58.16
1490,GRASIM,2025-11-28,2747.2,2748.0,2727.5,2739.0,2739.4,297155,8136.11,27178, 192924, 64.92
1491,GRASIM,2025-12-01,2750.0,2753.1,2700.0,2727.0,2731.5,288096,7868.78,29223, 160945, 55.87
1492,GRASIM,2025-12-02,2717.1,2741.1,2717.1,2734.5,2735.0,388195,10604.8,51349, 227390, 58.58
1493,GRASIM,2025-12-03,2744.0,2744.0,2707.2,2717.6,2720.3,435124,11858.04,32902, 231809, 53.27
1494,GRASIM,2025-12-04,2720.3,2742.5,2710.0,2725.7,2730.4,276879,7553.89,27899, 169033, 61.05
1495,GRASIM,2025-12-05,2730.5,2750.4,2716.9,2747.0,2747.0,173909,4767.71,18211, 101399, 58.31
1496,HAL,2025-11-06,4650.0,4686.6,4575.0,4590.0,4593.6,768664,35543.85,62925, 444609, 57.84
1497,HAL,2025-11-07,4580.0,4636.5,4526.0,4632.0,4626.6,536730,24607.69,41381, 180272, 33.59
1498,HAL,2025-11-10,4651.1,4795.0,4645.0,4787.0,4789.8,1434763,68205.65,91341, 549156, 38.28
1499,HAL,2025-11-11,4795.1,4878.0,4787.0,4860.0,4862.6,1333303,64670.64,90228, 593461, 44.51
1500,HAL,2025-11-12,4885.0,4921.0,4702.0,4732.7,4748.5,2723105,130757.63,145879, 1080535, 39.68
1501,HAL,2025-11-13,4736.0,4771.2,4636.7,4745.2,4751.0,1280728,60545.89,89282, 413854, 32.31
1502,HAL,2025-11-14,4747.0,4775.0,4710.1,4728.4,4729.8,681735,32278.25,45747, 326639, 47.91
1503,HAL,2025-11-17,4742.0,4820.0,4732.8,4814.0,4795.2,1177546,56217.87,82723, 669632, 56.87
1504,HAL,2025-11-18,4814.0,4857.0,4788.0,4815.0,4807.9,958797,46297.36,56206, 397185, 41.43
1505,HAL,2025-11-19,4805.0,4822.2,4735.0,4740.0,4744.2,847006,40359.68,66769, 428917, 50.64
1506,HAL,2025-11-20,4763.9,4775.8,4710.0,4729.0,4716.6,798346,37851.17,54550, 409566, 51.30
1507,HAL,2025-11-21,4707.0,4708.0,4585.0,4593.0,4595.0,1158530,53615.98,94351, 618674, 53.40
1508,HAL,2025-11-24,4425.0,4502.5,4405.0,4440.9,4445.1,3443005,153226.65,185401, 1416312, 41.14
1509,HAL,2025-11-25,4450.0,4477.0,4430.0,4440.0,4441.6,1197615,53278.41,74176, 583552, 48.73
1510,HAL,2025-11-26,4457.0,4522.0,4449.9,4511.0,4517.8,717411,32224.42,49744, 315114, 43.92
1511,HAL,2025-11-27,4535.0,4535.0,4461.0,4489.9,4483.2,721812,32392.21,59599, 346394, 47.99
1512,HAL,2025-11-28,4489.9,4549.0,4477.0,4540.0,4542.4,786275,35567.61,56198, 397781, 50.59
1513,HAL,2025-12-01,4562.0,4584.0,4501.1,4525.0,4530.7,750897,34037.14,66090, 377733, 50.30
1514,HAL,2025-12-02,4525.0,4532.3,4482.2,4517.0,4508.5,652604,29399.77,52255, 379398, 58.14
1515,HAL,2025-12-03,4517.0,4525.0,4420.9,4435.1,4436.3,1027500,45729.07,67794, 562215, 54.72
1516,HAL,2025-12-04,4459.0,4525.0,4422.3,4520.0,4496.8,1020941,45730.54,64877, 541943, 53.08
1517,HAL,2025-12-05,4519.0,4544.3,4430.0,4441.7,4443.0,1473356,65823.77,72121, 850616, 57.73
1518,HAVELLS,2025-11-06,1475.1,1485.1,1439.2,1444.0,1442.3,1209100,17587.39,44710, 764719, 63.25
1519,HAVELLS,2025-11-07,1444.0,1466.5,1431.3,1450.0,1448.5,586545,8493.26,33736, 260408, 44.40
1520,HAVELLS,2025-11-10,1452.0,1467.2,1432.0,1456.0,1457.7,944575,13750.81,33229, 546860, 57.89
1521,HAVELLS,2025-11-11,1456.0,1457.0,1429.5,1445.8,1443.6,613786,8838.67,26800, 339717, 55.35
1522,HAVELLS,2025-11-12,1449.2,1461.1,1445.2,1454.2,1458.0,430648,6262.91,16215, 272149, 63.20
1523,HAVELLS,2025-11-13,1458.0,1471.5,1453.9,1466.1,1466.1,392270,5748.11,18722, 239427, 61.04
1524,HAVELLS,2025-11-14,1463.2,1473.0,1453.6,1468.2,1469.4,247053,3620.89,20517, 151178, 61.19
1525,HAVELLS,2025-11-17,1470.1,1484.5,1466.2,1481.0,1480.4,545878,8066.78,22253, 366789, 67.19
1526,HAVELLS,2025-11-18,1474.1,1477.8,1456.0,1465.3,1468.0,708532,10418.5,26513, 469989, 66.33
1527,HAVELLS,2025-11-19,1465.0,1466.2,1438.3,1444.3,1440.4,1021976,14819.63,26333, 692925, 67.80
1528,HAVELLS,2025-11-20,1445.0,1453.3,1438.8,1448.0,1448.5,650084,9417.17,30183, 406203, 62.48
1529,HAVELLS,2025-11-21,1447.0,1448.0,1430.0,1440.8,1441.1,978674,14081.88,41955, 567884, 58.03
1530,HAVELLS,2025-11-24,1440.8,1446.8,1415.4,1416.0,1424.6,1766273,25300.68,50323, 1229239, 69.60
1531,HAVELLS,2025-11-25,1425.0,1429.1,1412.0,1418.9,1419.4,773716,11004.43,20696, 515239, 66.59
1532,HAVELLS,2025-11-26,1423.0,1443.0,1418.0,1438.2,1439.8,609827,8756.86,26853, 413791, 67.85
1533,HAVELLS,2025-11-27,1443.0,1444.0,1427.1,1434.1,1434.6,578302,8297.36,25926, 308799, 53.40
1534,HAVELLS,2025-11-28,1436.0,1445.5,1425.0,1443.9,1441.9,574515,8246.26,17962, 393037, 68.41
1535,HAVELLS,2025-12-01,1449.0,1452.1,1431.2,1435.0,1435.3,418134,6020.74,21357, 276025, 66.01
1536,HAVELLS,2025-12-02,1435.3,1437.3,1418.1,1420.4,1422.5,529711,7551.8,22390, 356313, 67.27
1537,HAVELLS,2025-12-03,1424.9,1426.1,1410.0,1421.1,1420.6,501288,7119.52,26398, 292495, 58.35
1538,HAVELLS,2025-12-04,1416.0,1435.6,1416.0,1434.0,1433.5,360610,5162.16,18689, 264222, 73.27
1539,HAVELLS,2025-12-05,1431.1,1438.8,1420.0,1436.5,1436.5,440018,6289.42,13598, 259809, 59.05
1540,HCLTECH,2025-11-06,1529.1,1531.9,1514.3,1527.0,1526.4,2474769,37757.46,83301, 1582516, 63.95
1541,HCLTECH,2025-11-07,1515.1,1518.8,1490.5,1511.0,1512.4,2238714,33768.5,69134, 1430918, 63.92
1542,HCLTECH,2025-11-10,1518.0,1544.9,1511.4,1540.0,1540.5,1558896,23976.03,79181, 823136, 52.80
1543,HCLTECH,2025-11-11,1547.8,1572.5,1541.2,1571.5,1570.0,2270763,35388.16,74960, 1363854, 60.06
1544,HCLTECH,2025-11-12,1575.0,1600.0,1573.5,1593.0,1594.0,2331564,37102.14,113539, 1477434, 63.37
1545,HCLTECH,2025-11-13,1599.4,1605.0,1580.0,1597.3,1598.5,1944022,31036.16,76589, 1249265, 64.26
1546,HCLTECH,2025-11-14,1590.0,1598.0,1574.1,1596.9,1594.6,2543918,40405.87,105226, 1809622, 71.14
1547,HCLTECH,2025-11-17,1594.0,1607.7,1585.5,1605.5,1606.4,2000978,32014.66,65072, 1427021, 71.32
1548,HCLTECH,2025-11-18,1604.0,1604.0,1590.1,1592.5,1595.2,1640123,26162.44,52117, 1109368, 67.64
1549,HCLTECH,2025-11-19,1595.3,1669.5,1588.6,1662.0,1662.6,6342672,104677.61,159231, 3419711, 53.92
1550,HCLTECH,2025-11-20,1662.6,1668.4,1642.6,1644.4,1645.4,2724035,45024.0,97466, 1710690, 62.80
1551,HCLTECH,2025-11-21,1636.0,1643.5,1606.0,1608.8,1608.0,2958835,48005.52,81557, 2022536, 68.36
1552,HCLTECH,2025-11-24,1614.3,1640.0,1602.9,1612.0,1610.4,6392688,103378.79,119732, 4705091, 73.60
1553,HCLTECH,2025-11-25,1618.3,1618.9,1592.6,1598.9,1601.1,2285950,36612.1,99411, 1608036, 70.34
1554,HCLTECH,2025-11-26,1601.1,1627.5,1601.1,1620.0,1617.9,1243303,20127.15,71530, 700079, 56.31
1555,HCLTECH,2025-11-27,1619.1,1633.2,1614.0,1630.2,1629.0,2106176,34234.37,61398, 1401129, 66.52
1556,HCLTECH,2025-11-28,1629.0,1636.9,1619.0,1623.8,1624.2,1841289,29967.71,51177, 1161817, 63.10
1557,HCLTECH,2025-12-01,1630.0,1646.5,1628.0,1642.5,1642.9,2034350,33353.41,80611, 1418189, 69.71
1558,HCLTECH,2025-12-02,1651.0,1652.9,1624.0,1634.6,1635.5,2326220,38036.12,77081, 1541240, 66.26
1559,HCLTECH,2025-12-03,1635.5,1654.6,1628.8,1639.2,1640.5,2371611,38863.16,74755, 1474264, 62.16
1560,HCLTECH,2025-12-04,1650.0,1672.0,1645.1,1655.5,1654.6,3935708,65275.74,136665, 2220796, 56.43
1561,HCLTECH,2025-12-05,1662.7,1691.0,1651.0,1681.0,1683.0,3391204,56971.68,69175, 2136069, 62.99
1562,HDFCAMC,2025-11-06,5242.5,5425.0,5242.5,5381.0,5388.5,489224,26320.88,46878, 306090, 62.57
1563,HDFCAMC,2025-11-07,5381.0,5446.5,5295.5,5435.0,5432.5,454966,24519.46,32594, 240352, 52.83
1564,HDFCAMC,2025-11-10,5432.5,5510.0,5416.5,5490.0,5496.0,184862,10136.88,23118, 112265, 60.73
1565,HDFCAMC,2025-11-11,5525.0,5525.0,5425.0,5481.0,5480.0,297185,16254.22,37764, 184591, 62.11
1566,HDFCAMC,2025-11-12,5505.0,5523.5,5451.5,5480.0,5485.5,326699,17934.61,37799, 218830, 66.98
1567,HDFCAMC,2025-11-13,5500.0,5572.0,5465.0,5475.0,5477.5,439338,24248.11,28464, 261608, 59.55
1568,HDFCAMC,2025-11-14,5485.0,5498.0,5364.0,5412.0,5413.0,407286,22073.52,34236, 247767, 60.83
1569,HDFCAMC,2025-11-17,5438.0,5469.0,5408.0,5450.0,5438.5,313265,17037.35,36700, 186288, 59.47
1570,HDFCAMC,2025-11-18,5460.0,5498.0,5385.0,5388.0,5396.5,266067,14410.13,33933, 184447, 69.32
1571,HDFCAMC,2025-11-19,5396.5,5411.0,5339.5,5390.5,5392.0,426820,22995.9,43228, 313180, 73.38
1572,HDFCAMC,2025-11-20,5413.5,5419.5,5380.5,5400.0,5399.0,361804,19534.31,32265, 273506, 75.60
1573,HDFCAMC,2025-11-21,5400.0,5425.5,5351.5,5408.5,5393.5,424733,22902.01,32190, 296737, 69.86
1574,HDFCAMC,2025-11-24,5419.5,5451.0,5350.0,5356.0,5371.0,543294,29277.89,41248, 392089, 72.17
1575,HDFCAMC,2025-11-25,5381.0,5388.0,5312.0,5339.5,5336.5,395282,21092.09,44093, 273064, 69.08
1576,HDFCAMC,2025-11-26,2682.0,2697.5,2658.5,2676.0,2679.0,430478,11521.64,34356, 215806, 50.13
1577,HDFCAMC,2025-11-27,2705.5,2705.5,2656.5,2677.5,2680.0,271818,7267.31,26743, 144482, 53.15
1578,HDFCAMC,2025-11-28,2680.0,2695.0,2659.0,2674.0,2673.0,298038,7981.1,30337, 196792, 66.03
1579,HDFCAMC,2025-12-01,2679.9,2692.3,2638.1,2643.2,2648.8,333366,8873.5,36894, 207632, 62.28
1580,HDFCAMC,2025-12-02,2649.0,2649.0,2591.5,2596.8,2599.0,819741,21376.11,49251, 519645, 63.39
1581,HDFCAMC,2025-12-03,2620.0,2627.8,2575.5,2605.0,2596.2,483519,12562.02,32344, 252012, 52.12
1582,HDFCAMC,2025-12-04,2606.6,2609.0,2583.4,2598.0,2596.0,533045,13825.69,34686, 374839, 70.32
1583,HDFCAMC,2025-12-05,2583.0,2596.7,2564.0,2579.1,2577.5,471729,12169.81,31812, 316318, 67.06
1584,HDFCBANK,2025-11-06,981.0,991.05,974.0,987.5,984.65,22279516,219338.18,278532, 11400343, 51.17
1585,HDFCBANK,2025-11-07,980.0,984.9,974.75,984.3,982.3,15004568,147038.32,315369, 10669610, 71.11
1586,HDFCBANK,2025-11-10,982.3,990.95,980.2,984.6,984.5,15988262,157673.87,373004, 11329554, 70.86
1587,HDFCBANK,2025-11-11,983.5,993.5,978.0,992.0,991.7,10200530,100705.24,229810, 5178183, 50.76
1588,HDFCBANK,2025-11-12,998.8,999.0,987.7,990.25,989.5,13137263,130340.4,166500, 9064648, 69.00
1589,HDFCBANK,2025-11-13,984.0,990.1,982.6,985.75,986.65,14124839,139318.56,289471, 8400766, 59.48
1590,HDFCBANK,2025-11-14,976.05,991.65,976.05,989.0,989.6,21386965,210650.33,301431, 15669091, 73.26
1591,HDFCBANK,2025-11-17,991.25,997.95,985.6,996.45,996.55,18396408,182836.67,197155, 12483495, 67.86
1592,HDFCBANK,2025-11-18,997.65,999.0,990.0,990.85,992.45,20002640,198962.88,217914, 13276284, 66.37
1593,HDFCBANK,2025-11-19,990.0,996.55,984.0,994.8,994.6,19813847,196091.99,201324, 14380578, 72.58
1594,HDFCBANK,2025-11-20,995.3,1011.6,992.45,1008.6,1008.85,19850865,199264.17,254686, 12310443, 62.01
1595,HDFCBANK,2025-11-21,1003.1,1008.3,996.55,998.0,998.05,17499897,175186.95,271649, 11781873, 67.33
1596,HDFCBANK,2025-11-24,1000.0,1011.45,993.6,997.85,999.15,32204053,322616.19,280226, 23158827, 71.91
1597,HDFCBANK,2025-11-25,1004.0,1006.1,988.4,989.45,989.8,24989383,248665.06,275451, 14345733, 57.41
1598,HDFCBANK,2025-11-26,981.3,1006.95,981.3,1005.0,1003.9,19494356,194861.97,207998, 10553283, 54.14
1599,HDFCBANK,2025-11-27,1002.1,1016.8,1001.0,1009.05,1009.5,25536848,258163.56,313073, 16830504, 65.91
1600,HDFCBANK,2025-11-28,1007.0,1012.05,1004.2,1006.7,1007.6,15988807,161315.18,178196, 11179507, 69.92
1601,HDFCBANK,2025-12-01,1017.5,1017.5,999.3,1002.9,1002.1,16746566,168413.29,282719, 10412743, 62.18
1602,HDFCBANK,2025-12-02,988.0,994.4,985.0,991.4,989.8,27316662,270501.87,363303, 18025565, 65.99
1603,HDFCBANK,2025-12-03,986.0,1002.3,986.0,1000.1,1000.5,15448777,153536.19,222651, 10662697, 69.02
1604,HDFCBANK,2025-12-04,1000.0,1004.7,993.0,998.5,997.2,14528169,145032.49,241847, 10117111, 69.64
1605,HDFCBANK,2025-12-05,992.0,1008.0,990.2,1001.2,1003.3,12843366,128543.5,192024, 7782512, 60.60
1606,HDFCLIFE,2025-11-06,738.85,746.8,734.6,736.0,736.05,1640119,12121.7,53702, 925697, 56.44
1607,HDFCLIFE,2025-11-07,731.05,750.5,731.05,750.0,749.25,1709430,12696.53,48275, 949942, 55.57
1608,HDFCLIFE,2025-11-10,750.0,759.8,749.2,750.0,750.7,2046515,15451.7,54498, 1090774, 53.30
1609,HDFCLIFE,2025-11-11,754.4,765.0,747.35,764.35,763.9,2303525,17489.71,54279, 1324220, 57.49
1610,HDFCLIFE,2025-11-12,765.0,786.0,764.45,782.9,783.1,3996339,31113.75,112588, 2646066, 66.21
1611,HDFCLIFE,2025-11-13,782.9,786.5,778.3,782.95,782.2,2068084,16181.51,72445, 1287561, 62.26
1612,HDFCLIFE,2025-11-14,779.0,780.3,769.5,772.3,773.7,1373199,10617.53,103296, 860629, 62.67
1613,HDFCLIFE,2025-11-17,770.7,778.0,765.1,768.3,770.25,2639170,20300.57,90112, 1829058, 69.30
1614,HDFCLIFE,2025-11-18,766.45,769.1,760.55,760.6,761.8,1363326,10410.83,48086, 856620, 62.83
1615,HDFCLIFE,2025-11-19,760.6,762.0,755.65,761.6,761.1,950947,7220.22,40941, 573610, 60.32
1616,HDFCLIFE,2025-11-20,760.7,765.15,750.1,765.0,762.2,2612081,19799.38,61175, 1534067, 58.73
1617,HDFCLIFE,2025-11-21,760.0,766.2,758.6,762.8,764.0,2712721,20709.09,41267, 2076455, 76.55
1618,HDFCLIFE,2025-11-24,765.5,766.0,759.65,761.85,761.65,5837946,44496.64,72994, 4639335, 79.47
1619,HDFCLIFE,2025-11-25,763.85,770.45,757.65,765.6,766.55,1858955,14207.91,67925, 932223, 50.15
1620,HDFCLIFE,2025-11-26,763.6,788.5,762.75,788.0,787.55,3006211,23533.92,107893, 1754980, 58.38
1621,HDFCLIFE,2025-11-27,787.55,787.8,775.85,777.7,777.8,1165637,9083.87,70216, 567697, 48.70
1622,HDFCLIFE,2025-11-28,780.4,780.4,761.45,767.2,764.3,2441514,18732.14,83728, 1468270, 60.14
1623,HDFCLIFE,2025-12-01,765.0,768.25,758.1,765.0,766.75,908996,6944.99,46249, 428040, 47.09
1624,HDFCLIFE,2025-12-02,762.0,766.4,753.95,760.0,759.0,2054726,15576.07,47811, 1134234, 55.20
1625,HDFCLIFE,2025-12-03,755.3,758.9,746.0,752.25,751.95,2877041,21598.27,68270, 1762490, 61.26
1626,HDFCLIFE,2025-12-04,755.0,766.0,745.2,763.15,760.8,2649259,19980.85,90201, 1645798, 62.12
1627,HDFCLIFE,2025-12-05,757.2,772.0,755.2,769.0,768.3,1693258,12946.91,48547, 930712, 54.97
1628,HEROMOTOCO,2025-11-06,5352.5,5408.5,5305.0,5322.0,5326.0,815323,43583.49,64064, 550971, 67.58
1629,HEROMOTOCO,2025-11-07,5305.0,5324.0,5258.0,5300.0,5296.0,436406,23094.59,43940, 260123, 59.61
1630,HEROMOTOCO,2025-11-10,5310.0,5410.0,5300.5,5368.5,5359.5,347961,18693.44,36736, 179143, 51.48
1631,HEROMOTOCO,2025-11-11,5375.5,5430.0,5331.0,5414.0,5417.5,348232,18805.83,30583, 213706, 61.37
1632,HEROMOTOCO,2025-11-12,5440.0,5557.0,5421.5,5530.0,5534.0,534031,29420.93,58618, 343971, 64.41
1633,HEROMOTOCO,2025-11-13,5554.0,5594.5,5485.5,5498.0,5508.5,585663,32455.47,43838, 347019, 59.25
1634,HEROMOTOCO,2025-11-14,5521.5,5629.5,5462.5,5534.0,5538.5,938647,52275.45,75982, 366409, 39.04
1635,HEROMOTOCO,2025-11-17,5589.0,5810.0,5571.0,5792.5,5798.5,1770568,101553.99,106357, 722471, 40.80
1636,HEROMOTOCO,2025-11-18,5820.0,5882.0,5789.5,5800.0,5799.5,1182455,68923.22,94342, 622223, 52.62
1637,HEROMOTOCO,2025-11-19,5851.0,5916.5,5835.0,5877.0,5876.5,935374,54925.1,90487, 480601, 51.38
1638,HEROMOTOCO,2025-11-20,5950.0,6042.0,5921.5,6007.5,5999.5,1276202,76644.14,112822, 544440, 42.66
1639,HEROMOTOCO,2025-11-21,5970.0,6038.0,5957.5,6014.0,6002.5,703572,42302.69,60268, 434992, 61.83
1640,HEROMOTOCO,2025-11-24,6003.0,6049.0,5972.0,5993.5,5982.0,1349305,80874.26,75874, 1067364, 79.10
1641,HEROMOTOCO,2025-11-25,6000.0,6087.5,5969.5,6084.5,6081.5,707293,42807.74,67035, 424050, 59.95
1642,HEROMOTOCO,2025-11-26,6083.5,6146.0,6052.0,6138.0,6136.5,452071,27646.92,42548, 266381, 58.92
1643,HEROMOTOCO,2025-11-27,6137.0,6200.0,6097.0,6165.0,6151.0,352120,21658.92,44991, 173398, 49.24
1644,HEROMOTOCO,2025-11-28,6152.0,6239.0,6128.0,6200.0,6174.5,504441,31202.2,38092, 304238, 60.31
1645,HEROMOTOCO,2025-12-01,6230.0,6333.5,6210.5,6297.0,6295.5,912454,57413.43,85245, 535291, 58.66
1646,HEROMOTOCO,2025-12-02,6330.0,6340.0,6231.0,6275.0,6270.5,809216,50776.32,54786, 477771, 59.04
1647,HEROMOTOCO,2025-12-03,6294.0,6294.0,6191.0,6235.0,6211.5,543787,33826.25,46794, 356974, 65.65
1648,HEROMOTOCO,2025-12-04,6248.0,6351.0,6239.5,6340.0,6340.0,883433,55843.31,80180, 557912, 63.15
1649,HEROMOTOCO,2025-12-05,6335.0,6388.5,6305.0,6340.5,6350.5,651633,41399.37,61541, 440525, 67.60
1650,HFCL,2025-11-06,76.97,77.22,74.25,74.31,74.69,9013433,6796.28,32958, 3025314, 33.56
1651,HFCL,2025-11-07,74.31,75.33,73.12,74.85,74.87,7558179,5612.87,30369, 1825395, 24.15
1652,HFCL,2025-11-10,74.87,75.3,74.1,74.3,74.22,4309461,3217.19,18274, 1436531, 33.33
1653,HFCL,2025-11-11,74.44,78.8,74.15,78.6,78.3,30606710,23668.45,44380, 18214927, 59.51
1654,HFCL,2025-11-12,79.0,80.07,76.33,76.59,76.86,23059064,18015.05,58085, 6249797, 27.10
1655,HFCL,2025-11-13,76.81,77.69,75.42,75.6,75.69,8658321,6619.52,24479, 2795000, 32.28
1656,HFCL,2025-11-14,75.5,76.68,75.13,75.88,75.86,6635718,5033.86,22399, 2051608, 30.92
1657,HFCL,2025-11-17,75.9,76.56,75.51,76.4,76.22,5242709,3989.41,16576, 1457403, 27.80
1658,HFCL,2025-11-18,76.2,76.36,74.18,74.34,74.32,8731102,6534.99,24970, 3363718, 38.53
1659,HFCL,2025-11-19,74.64,74.7,73.4,73.8,73.79,7723099,5703.92,23085, 2481537, 32.13
1660,HFCL,2025-11-20,74.1,74.49,73.19,73.65,73.4,6554864,4833.55,17949, 2471013, 37.70
1661,HFCL,2025-11-21,73.4,73.89,71.46,71.6,71.65,9266296,6705.99,27039, 4032613, 43.52
1662,HFCL,2025-11-24,71.65,72.6,70.85,70.88,71.16,7976408,5711.4,23090, 3486608, 43.71
1663,HFCL,2025-11-25,71.16,71.59,70.6,70.7,70.71,6408924,4552.61,20347, 2012982, 31.41
1664,HFCL,2025-11-26,70.8,72.19,70.75,71.77,71.72,5181489,3712.72,14932, 1751378, 33.80
1665,HFCL,2025-11-27,71.8,72.51,71.11,71.42,71.44,7997055,5726.77,15552, 4709005, 58.88
1666,HFCL,2025-11-28,71.45,71.61,70.0,70.26,70.17,10637604,7513.4,23585, 6295199, 59.18
1667,HFCL,2025-12-01,70.58,72.99,70.58,71.05,71.17,9866187,7099.47,26703, 2085815, 21.14
1668,HFCL,2025-12-02,71.17,71.47,70.22,70.8,70.72,5732665,4054.88,15749, 2373164, 41.40
1669,HFCL,2025-12-03,70.8,70.9,68.56,68.98,68.8,8915417,6181.65,29703, 3601775, 40.40
1670,HFCL,2025-12-04,69.12,72.26,68.72,70.36,70.47,20826668,14796.19,49810, 3920257, 18.82
1671,HFCL,2025-12-05,70.2,70.29,67.45,69.25,69.03,19958374,13667.57,49974, 4999635, 25.05
1672,HINDALCO,2025-11-06,788.0,795.0,770.15,786.55,788.4,34786635,272014.53,437565, 20910093, 60.11
1673,HINDALCO,2025-11-07,788.5,802.6,783.0,790.5,790.4,13189011,104484.74,151709, 7180413, 54.44
1674,HINDALCO,2025-11-10,792.0,799.9,783.85,784.9,785.2,5914226,46829.63,110041, 3439665, 58.16
1675,HINDALCO,2025-11-11,790.8,794.7,778.1,792.5,793.75,5411465,42563.98,91238, 3478139, 64.27
1676,HINDALCO,2025-11-12,798.0,809.0,791.75,793.95,794.4,7589035,60726.08,102206, 4111268, 54.17
1677,HINDALCO,2025-11-13,803.0,816.5,799.0,814.0,811.95,5854638,47376.02,108299, 2275270, 38.86
1678,HINDALCO,2025-11-14,807.0,812.5,796.0,803.0,803.65,4113598,33081.68,63881, 2200486, 53.49
1679,HINDALCO,2025-11-17,801.0,809.0,799.75,808.0,807.15,2770547,22292.24,48348, 1448966, 52.30
1680,HINDALCO,2025-11-18,804.5,804.5,788.35,796.85,797.15,7299555,58053.77,78293, 4192060, 57.43
1681,HINDALCO,2025-11-19,797.15,798.8,790.0,792.0,790.95,3005726,23839.8,48318, 1606122, 53.44
1682,HINDALCO,2025-11-20,799.8,802.65,789.3,800.1,799.8,6016713,48041.26,84874, 3511539, 58.36
1683,HINDALCO,2025-11-21,786.0,787.0,776.25,777.35,777.7,5099356,39836.14,93718, 1785473, 35.01
1684,HINDALCO,2025-11-24,782.85,788.1,771.85,773.8,774.65,5666985,44111.81,70403, 3471522, 61.26
1685,HINDALCO,2025-11-25,777.95,791.75,772.65,785.8,789.35,6090783,47934.06,77831, 3378503, 55.47
1686,HINDALCO,2025-11-26,790.15,803.0,787.2,800.8,800.8,3842280,30655.47,78514, 1851390, 48.18
1687,HINDALCO,2025-11-27,807.9,813.95,800.45,807.0,807.55,4481695,36161.99,99252, 1905536, 42.52
1688,HINDALCO,2025-11-28,812.2,815.0,807.2,809.5,808.4,3200488,25938.61,55873, 1604097, 50.12
1689,HINDALCO,2025-12-01,817.95,817.95,808.2,811.8,810.8,2064678,16767.11,54460, 911552, 44.15
1690,HINDALCO,2025-12-02,811.0,813.5,802.6,807.5,806.85,4237151,34186.61,67556, 2671243, 63.04
1691,HINDALCO,2025-12-03,810.8,819.6,800.95,818.65,816.3,4948661,40139.81,86799, 2320807, 46.90
1692,HINDALCO,2025-12-04,824.0,826.25,809.0,811.0,810.8,3381601,27629.74,65853, 1594189, 47.14
1693,HINDALCO,2025-12-05,811.55,831.9,808.0,822.5,823.25,4273147,35132.52,69262, 2060267, 48.21
1694,HINDPETRO,2025-11-06,484.0,484.0,471.75,472.3,473.15,5156374,24500.17,79092, 3045376, 59.06
1695,HINDPETRO,2025-11-07,472.0,480.9,468.35,476.1,479.55,5059893,23999.12,80849, 2978266, 58.86
1696,HINDPETRO,2025-11-10,479.55,485.2,477.75,481.6,482.0,2222672,10721.32,37797, 1220818, 54.93
1697,HINDPETRO,2025-11-11,480.5,489.5,470.0,488.25,487.9,6815234,32934.54,70512, 4192358, 61.51
1698,HINDPETRO,2025-11-12,490.0,494.45,483.25,483.55,484.9,3568821,17427.76,53638, 1716284, 48.09
1699,HINDPETRO,2025-11-13,487.0,490.4,481.9,486.0,486.05,2807895,13654.75,50974, 1458823, 51.95
1700,HINDPETRO,2025-11-14,483.1,488.75,477.35,481.55,481.25,2456049,11823.91,59126, 1359857, 55.37
1701,HINDPETRO,2025-11-17,483.0,492.2,482.4,486.0,486.5,3478922,16944.41,69110, 2114010, 60.77
1702,HINDPETRO,2025-11-18,486.4,488.5,482.4,484.0,483.55,1780519,8632.42,34527, 1061431, 59.61
1703,HINDPETRO,2025-11-19,482.6,485.0,475.3,477.0,477.15,3937809,18844.42,41217, 2639631, 67.03
1704,HINDPETRO,2025-11-20,478.0,481.35,474.45,478.9,477.9,2859788,13661.1,36245, 1858852, 65.00
1705,HINDPETRO,2025-11-21,477.6,478.0,470.15,472.0,471.9,2763162,13077.07,39778, 1536011, 55.59
1706,HINDPETRO,2025-11-24,471.9,474.5,462.0,463.8,463.05,8097325,37714.13,65454, 6291197, 77.69
1707,HINDPETRO,2025-11-25,461.75,462.0,452.75,456.25,455.25,6235243,28486.58,60493, 4235253, 67.92
1708,HINDPETRO,2025-11-26,457.1,467.7,457.05,466.9,466.25,3690761,17150.03,90338, 2127229, 57.64
1709,HINDPETRO,2025-11-27,467.1,469.3,459.15,463.0,463.4,2236914,10354.85,46207, 1162897, 51.99
1710,HINDPETRO,2025-11-28,462.0,462.5,455.7,457.95,457.5,1539822,7056.53,25215, 825872, 53.63
1711,HINDPETRO,2025-12-01,458.0,461.1,449.0,451.4,451.95,2140607,9722.88,46933, 1148452, 53.65
1712,HINDPETRO,2025-12-02,455.0,460.45,447.0,448.4,450.45,5323687,24043.48,84730, 3208661, 60.27
1713,HINDPETRO,2025-12-03,450.95,455.3,446.65,451.45,450.7,4191593,18879.25,51007, 2816697, 67.20
1714,HINDPETRO,2025-12-04,451.9,453.75,445.0,446.85,447.95,3132109,14025.35,49873, 2124407, 67.83
1715,HINDPETRO,2025-12-05,447.95,451.95,445.4,449.25,450.35,2114565,9509.52,39991, 1285520, 60.79
1716,HINDUNILVR,2025-11-06,2463.9,2463.9,2432.6,2439.0,2436.0,1329256,32466.07,86424, 796575, 59.93
1717,HINDUNILVR,2025-11-07,2417.0,2425.0,2400.6,2416.8,2414.0,817896,19755.99,55901, 511000, 62.48
1718,HINDUNILVR,2025-11-10,2405.0,2429.3,2404.0,2409.0,2408.8,780558,18829.28,67685, 513198, 65.75
1719,HINDUNILVR,2025-11-11,2422.2,2433.7,2403.1,2430.0,2427.5,1422399,34432.41,78852, 617058, 43.38
1720,HINDUNILVR,2025-11-12,2430.6,2434.8,2416.2,2426.0,2424.5,1680827,40738.43,106929, 1266967, 75.38
1721,HINDUNILVR,2025-11-13,2429.0,2431.0,2405.0,2409.9,2407.6,1256059,30353.97,69811, 770108, 61.31
1722,HINDUNILVR,2025-11-14,2405.1,2430.2,2392.0,2426.0,2427.7,975973,23624.8,59056, 654771, 67.09
1723,HINDUNILVR,2025-11-17,2431.4,2438.4,2416.0,2425.5,2425.0,920038,22294.82,63161, 624228, 67.85
1724,HINDUNILVR,2025-11-18,2415.8,2422.9,2401.9,2404.1,2404.0,1229034,29601.1,54505, 781183, 63.56
1725,HINDUNILVR,2025-11-19,2412.0,2450.7,2411.0,2443.7,2441.6,1465143,35747.88,60539, 754532, 51.50
1726,HINDUNILVR,2025-11-20,2445.1,2459.0,2425.0,2429.0,2428.4,1396929,34068.8,82178, 854581, 61.18
1727,HINDUNILVR,2025-11-21,2436.2,2443.2,2413.0,2440.0,2433.7,1840712,44681.06,70142, 1329910, 72.25
1728,HINDUNILVR,2025-11-24,2441.9,2444.9,2413.0,2420.9,2424.2,4092327,99287.52,80146, 3159344, 77.20
1729,HINDUNILVR,2025-11-25,2422.0,2424.2,2406.0,2411.0,2414.1,1240672,29986.03,86768, 721702, 58.17
1730,HINDUNILVR,2025-11-26,2412.0,2427.7,2409.0,2426.1,2425.2,1242683,30098.06,80197, 819776, 65.97
1731,HINDUNILVR,2025-11-27,2426.1,2459.7,2425.0,2455.0,2451.7,1872248,45869.79,87101, 1286892, 68.74
1732,HINDUNILVR,2025-11-28,2450.0,2470.0,2447.2,2468.0,2466.6,973225,23973.9,51567, 682232, 70.10
1733,HINDUNILVR,2025-12-01,2466.6,2488.0,2458.8,2458.9,2464.5,1924828,47632.81,66030, 1238552, 64.35
1734,HINDUNILVR,2025-12-02,2471.0,2484.4,2460.0,2475.0,2477.8,2179406,53922.02,95719, 1628850, 74.74
1735,HINDUNILVR,2025-12-03,2478.2,2484.9,2403.1,2441.5,2448.0,3535932,86789.99,131931, 2316586, 65.52
1736,HINDUNILVR,2025-12-04,2440.0,2483.0,2423.2,2464.1,2462.2,2587753,63698.38,116175, 1741802, 67.31
1737,HINDUNILVR,2025-12-05,2422.0,2422.0,2286.7,2341.0,2338.6,4008271,94050.32,135326, 2726779, 68.03
1738,HINDZINC,2025-11-06,472.0,474.0,466.0,467.7,467.2,1874384,8776.98,35774, 775237, 41.36
1739,HINDZINC,2025-11-07,465.0,475.6,460.0,474.95,474.5,3011457,14114.12,38617, 1388009, 46.09
1740,HINDZINC,2025-11-10,477.0,486.75,476.05,486.0,484.6,4039654,19540.18,58965, 1457423, 36.08
1741,HINDZINC,2025-11-11,486.95,490.0,482.4,487.3,487.5,3280695,15965.3,44517, 1384258, 42.19
1742,HINDZINC,2025-11-12,489.35,490.4,481.2,481.85,481.9,1977730,9576.84,29940, 914315, 46.23
1743,HINDZINC,2025-11-13,490.0,504.0,486.6,495.0,495.2,12867167,63998.15,123299, 3646645, 28.34
1744,HINDZINC,2025-11-14,495.0,497.4,482.5,486.85,487.05,3057432,14951.79,37665, 1240712, 40.58
1745,HINDZINC,2025-11-17,486.95,487.95,481.2,484.15,483.9,2199172,10637.9,31363, 1079613, 49.09
1746,HINDZINC,2025-11-18,480.0,480.95,468.2,475.25,475.95,6175474,29274.79,57243, 3213716, 52.04
1747,HINDZINC,2025-11-19,475.0,478.5,473.7,477.9,476.55,2595527,12351.83,28893, 1023957, 39.45
1748,HINDZINC,2025-11-20,476.85,480.35,471.1,472.0,472.15,1407005,6672.71,27304, 613372, 43.59
1749,HINDZINC,2025-11-21,468.0,470.45,456.75,457.8,458.3,2368431,10974.1,44095, 1196118, 50.50
1750,HINDZINC,2025-11-24,458.3,460.6,453.5,454.0,454.0,1729282,7897.36,35102, 882482, 51.03
1751,HINDZINC,2025-11-25,457.9,463.35,455.5,462.9,462.6,2226516,10262.61,35827, 677247, 30.42
1752,HINDZINC,2025-11-26,465.0,470.9,463.2,470.05,470.25,2138803,10018.57,31144, 1011837, 47.31
1753,HINDZINC,2025-11-27,475.9,478.5,472.65,474.5,474.55,2611675,12413.43,37866, 782312, 29.95
1754,HINDZINC,2025-11-28,478.05,489.2,476.9,485.1,485.2,5889839,28541.37,62945, 1895881, 32.19
1755,HINDZINC,2025-12-01,500.1,503.95,492.8,498.55,499.85,12744627,63574.96,144203, 3497123, 27.44
1756,HINDZINC,2025-12-02,499.85,501.55,494.4,495.85,495.65,4196609,20878.07,49622, 1776013, 42.32
1757,HINDZINC,2025-12-03,500.0,509.6,496.55,504.6,504.4,11256116,56711.66,99430, 3497758, 31.07
1758,HINDZINC,2025-12-04,504.95,508.2,493.2,495.55,496.75,5322624,26712.28,54389, 2271568, 42.68
1759,HINDZINC,2025-12-05,497.0,501.8,490.4,497.75,498.1,3027296,15042.9,39695, 801396, 26.47
1760,HUDCO,2025-11-06,233.0,233.61,226.5,227.75,227.52,2660105,6087.27,25058, 1002501, 37.69
1761,HUDCO,2025-11-07,226.0,231.5,222.68,231.5,230.69,3027164,6881.31,28972, 998889, 33.00
1762,HUDCO,2025-11-10,231.0,236.45,230.2,233.32,233.79,4276399,10019.02,34562, 1415401, 33.10
1763,HUDCO,2025-11-11,235.0,235.89,222.21,230.85,230.7,10810753,24612.33,67888, 2091156, 19.34
1764,HUDCO,2025-11-12,231.0,234.66,226.2,226.9,227.17,3675194,8432.07,30560, 1136690, 30.93
1765,HUDCO,2025-11-13,227.2,229.11,225.01,225.65,225.39,2187588,4967.69,23611, 629709, 28.79
1766,HUDCO,2025-11-14,225.0,228.45,224.25,227.7,227.49,2301154,5218.4,19417, 618028, 26.86
1767,HUDCO,2025-11-17,228.7,241.25,228.0,241.1,239.14,10098250,23797.59,71249, 4328082, 42.86
1768,HUDCO,2025-11-18,241.0,246.85,238.44,243.79,243.93,21167476,51668.19,133901, 4900857, 23.15
1769,HUDCO,2025-11-19,243.99,244.33,236.65,237.0,237.28,4946076,11892.34,37741, 1674993, 33.87
1770,HUDCO,2025-11-20,237.5,240.8,235.15,237.25,237.1,3717275,8836.84,31249, 830544, 22.34
1771,HUDCO,2025-11-21,235.5,236.9,229.59,230.03,230.02,3724237,8653.41,33369, 1441188, 38.70
1772,HUDCO,2025-11-24,231.01,233.99,227.43,228.15,228.19,2668520,6169.18,28403, 844577, 31.65
1773,HUDCO,2025-11-25,229.31,232.14,227.59,231.21,230.76,2672788,6143.29,23147, 670537, 25.09
1774,HUDCO,2025-11-26,232.0,239.7,231.51,239.25,239.17,5617672,13330.95,38318, 1867610, 33.25
1775,HUDCO,2025-11-27,240.22,241.88,238.1,239.6,239.57,3173418,7614.87,28610, 998541, 31.47
1776,HUDCO,2025-11-28,238.99,242.3,238.0,238.37,239.28,3543356,8523.9,35677, 1396179, 39.40
1777,HUDCO,2025-12-01,239.86,240.9,236.83,238.23,238.52,2265729,5408.14,25614, 1047831, 46.25
1778,HUDCO,2025-12-02,238.52,239.05,235.05,235.8,236.1,1702452,4036.82,17473, 646143, 37.95
1779,HUDCO,2025-12-03,235.0,235.49,224.22,225.45,225.39,4436819,10118.8,37351, 1959385, 44.16
1780,HUDCO,2025-12-04,225.46,226.45,220.55,222.6,222.33,4714312,10491.73,44779, 1851984, 39.28
1781,HUDCO,2025-12-05,222.44,225.75,219.6,225.0,225.22,3893777,8675.92,25102, 1757965, 45.15
1782,ICICIBANK,2025-11-06,1330.0,1342.2,1317.4,1320.3,1320.4,24221853,320845.16,368806, 17512617, 72.30
1783,ICICIBANK,2025-11-07,1320.4,1344.3,1318.6,1342.6,1343.0,7719245,103260.29,149776, 5017225, 65.00
1784,ICICIBANK,2025-11-10,1342.9,1349.6,1341.0,1346.8,1348.0,8542340,114972.41,155442, 6119354, 71.64
1785,ICICIBANK,2025-11-11,1349.0,1360.4,1346.2,1359.0,1358.3,8305184,112526.13,208140, 5315504, 64.00
1786,ICICIBANK,2025-11-12,1370.0,1370.0,1355.4,1358.5,1358.9,9736761,132594.42,168204, 6821183, 70.06
1787,ICICIBANK,2025-11-13,1358.9,1390.4,1358.5,1385.4,1385.9,18296626,253128.23,239327, 13863137, 75.77
1788,ICICIBANK,2025-11-14,1374.0,1381.2,1363.2,1373.2,1373.0,9694498,132904.13,190956, 6715125, 69.27
1789,ICICIBANK,2025-11-17,1375.1,1382.5,1373.6,1379.1,1379.0,7660717,105634.74,109085, 5884501, 76.81
1790,ICICIBANK,2025-11-18,1380.2,1382.8,1369.1,1370.0,1373.4,9529560,131006.17,143242, 5696159, 59.77
1791,ICICIBANK,2025-11-19,1373.5,1384.0,1371.6,1383.1,1383.1,10393918,143395.82,152320, 8255745, 79.43
1792,ICICIBANK,2025-11-20,1380.1,1388.3,1375.4,1382.0,1383.0,10131863,139953.32,199484, 6088338, 60.09
1793,ICICIBANK,2025-11-21,1373.0,1376.0,1364.6,1369.0,1369.5,11483595,157241.08,171633, 8258055, 71.91
1794,ICICIBANK,2025-11-24,1373.3,1377.0,1361.5,1366.0,1368.4,15896003,217731.47,192513, 10497061, 66.04
1795,ICICIBANK,2025-11-25,1365.0,1376.9,1354.3,1356.9,1357.8,12235000,166669.09,217159, 6815799, 55.71
1796,ICICIBANK,2025-11-26,1360.0,1377.0,1359.9,1375.0,1375.0,9659004,132320.69,140169, 6155439, 63.73
1797,ICICIBANK,2025-11-27,1379.0,1394.0,1375.7,1393.9,1392.2,15158741,210538.0,232290, 10606393, 69.97
1798,ICICIBANK,2025-11-28,1392.0,1398.5,1385.6,1388.4,1388.8,7683986,106832.52,198302, 5935156, 77.24
1799,ICICIBANK,2025-12-01,1394.0,1400.0,1385.4,1390.2,1390.1,8867593,123544.67,225630, 6105611, 68.85
1800,ICICIBANK,2025-12-02,1381.8,1381.8,1370.6,1373.8,1373.0,12126396,166698.81,335552, 7884547, 65.02
1801,ICICIBANK,2025-12-03,1367.0,1394.2,1367.0,1392.0,1391.5,7955933,110030.41,182044, 5349782, 67.24
1802,ICICIBANK,2025-12-04,1387.0,1391.6,1379.9,1386.0,1386.7,7373909,102144.32,189163, 5194119, 70.44
1803,ICICIBANK,2025-12-05,1381.0,1395.3,1381.0,1392.5,1392.5,4942638,68727.05,130513, 3022563, 61.15
1804,ICICIGI,2025-11-06,2030.0,2030.7,1995.9,1998.3,2001.0,369731,7421.14,32336, 219147, 59.27
1805,ICICIGI,2025-11-07,1993.1,2027.6,1978.9,2017.9,2020.2,882415,17707.99,32367, 637881, 72.29
1806,ICICIGI,2025-11-10,2020.2,2045.0,2001.0,2021.5,2025.4,431101,8720.26,22544, 272532, 63.22
1807,ICICIGI,2025-11-11,2019.1,2026.9,1985.0,1995.3,1996.1,196571,3931.41,20561, 111641, 56.79
1808,ICICIGI,2025-11-12,2003.9,2039.0,1996.7,2030.0,2028.6,457790,9247.98,22021, 279505, 61.06
1809,ICICIGI,2025-11-13,2044.4,2064.9,2022.4,2037.1,2033.8,652557,13347.51,33951, 308726, 47.31
1810,ICICIGI,2025-11-14,2043.9,2043.9,1995.3,2010.0,2005.1,406284,8182.34,21791, 242825, 59.77
1811,ICICIGI,2025-11-17,2015.0,2052.4,2011.8,2030.0,2042.9,1067234,21690.75,33895, 738006, 69.15
1812,ICICIGI,2025-11-18,2044.9,2044.9,2018.1,2030.5,2025.8,643993,13068.1,25099, 455371, 70.71
1813,ICICIGI,2025-11-19,2030.0,2049.9,2015.0,2031.7,2041.7,551128,11226.66,31223, 382459, 69.40
1814,ICICIGI,2025-11-20,2049.9,2059.4,2030.4,2039.5,2037.6,460201,9411.79,35394, 311105, 67.60
1815,ICICIGI,2025-11-21,2045.0,2045.0,2001.2,2005.0,2004.1,372481,7486.51,18869, 256694, 68.91
1816,ICICIGI,2025-11-24,2010.7,2018.0,1973.4,1983.0,1997.5,2667046,53284.39,41244, 1978111, 74.17
1817,ICICIGI,2025-11-25,1990.1,2020.8,1985.0,1990.0,1999.0,319182,6386.27,28564, 192909, 60.44
1818,ICICIGI,2025-11-26,2003.7,2026.0,1985.5,2016.0,2010.3,380955,7646.39,29022, 209627, 55.03
1819,ICICIGI,2025-11-27,2020.0,2028.7,1974.0,1980.0,1980.7,528440,10489.56,36231, 354632, 67.11
1820,ICICIGI,2025-11-28,1980.7,1980.7,1953.1,1970.0,1970.5,960439,18881.28,35788, 725299, 75.52
1821,ICICIGI,2025-12-01,1979.9,1994.8,1958.5,1990.0,1991.4,625981,12388.01,31623, 442448, 70.68
1822,ICICIGI,2025-12-02,1999.0,1999.0,1952.2,1987.9,1986.7,442390,8729.12,31451, 240358, 54.33
1823,ICICIGI,2025-12-03,1984.0,1988.7,1951.8,1971.4,1972.4,382195,7519.89,23151, 217498, 56.91
1824,ICICIGI,2025-12-04,1976.0,1989.6,1956.6,1985.4,1983.0,263790,5224.65,22250, 157700, 59.78
1825,ICICIGI,2025-12-05,1985.0,1991.7,1969.7,1975.0,1974.4,425023,8405.76,18707, 314105, 73.90
1826,ICICIPRULI,2025-11-06,609.8,609.8,601.45,603.2,603.75,563718,3408.89,16342, 226111, 40.11
1827,ICICIPRULI,2025-11-07,603.0,616.95,599.85,616.95,615.35,815618,4969.38,18096, 433704, 53.17
1828,ICICIPRULI,2025-11-10,619.8,620.75,612.0,612.0,614.8,872520,5381.78,21667, 416871, 47.78
1829,ICICIPRULI,2025-11-11,612.2,626.65,609.1,623.6,624.7,854265,5301.53,20957, 372035, 43.55
1830,ICICIPRULI,2025-11-12,627.75,635.3,626.1,631.0,632.95,2488995,15703.86,32581, 1766208, 70.96
1831,ICICIPRULI,2025-11-13,631.1,633.95,625.9,630.0,630.1,592016,3734.29,25568, 376152, 63.54
1832,ICICIPRULI,2025-11-14,630.1,633.85,625.05,630.35,629.45,652101,4101.44,17816, 403615, 61.89
1833,ICICIPRULI,2025-11-17,628.0,632.9,626.15,629.1,630.6,363830,2291.08,12287, 197219, 54.21
1834,ICICIPRULI,2025-11-18,632.1,632.1,620.7,625.0,626.8,587932,3686.53,12298, 299090, 50.87
1835,ICICIPRULI,2025-11-19,626.1,626.1,609.0,615.0,613.95,1774466,10900.31,25370, 1161811, 65.47
1836,ICICIPRULI,2025-11-20,615.0,620.95,609.05,619.6,618.4,969004,5970.53,17676, 247987, 25.59
1837,ICICIPRULI,2025-11-21,621.0,621.0,609.6,610.0,610.9,387131,2376.86,11599, 168032, 43.40
1838,ICICIPRULI,2025-11-24,610.9,614.65,604.0,604.85,607.35,2202503,13389.84,26143, 1610854, 73.14
1839,ICICIPRULI,2025-11-25,602.75,616.0,602.75,614.9,612.25,905724,5520.7,21475, 491245, 54.24
1840,ICICIPRULI,2025-11-26,615.0,623.0,613.3,622.8,621.9,284416,1764.43,12154, 136768, 48.09
1841,ICICIPRULI,2025-11-27,624.9,627.95,621.0,626.65,625.25,441657,2760.54,20170, 276297, 62.56
1842,ICICIPRULI,2025-11-28,625.95,626.8,614.5,621.0,619.75,1442638,8940.03,49688, 1053539, 73.03
1843,ICICIPRULI,2025-12-01,619.75,623.3,616.0,621.45,621.55,407679,2530.76,12753, 263867, 64.72
1844,ICICIPRULI,2025-12-02,620.0,623.0,613.4,614.55,616.55,2230559,13771.81,23509, 1757226, 78.78
1845,ICICIPRULI,2025-12-03,614.0,615.75,607.25,612.0,611.25,985834,6020.92,63434, 586927, 59.54
1846,ICICIPRULI,2025-12-04,608.45,617.0,606.4,613.95,615.35,367145,2248.91,21405, 200731, 54.67
1847,ICICIPRULI,2025-12-05,615.0,627.2,612.95,626.0,626.05,386465,2407.8,12186, 184153, 47.65
1848,IDEA,2025-11-06,9.42,9.49,9.24,9.25,9.27,731445657,68351.29,172289, 124057642, 16.96
1849,IDEA,2025-11-07,9.27,9.73,9.2,9.61,9.61,1075464880,102399.01,248082, 189044462, 17.58
1850,IDEA,2025-11-10,9.62,9.74,9.48,9.53,9.5,536169122,51451.83,180568, 139732814, 26.06
1851,IDEA,2025-11-11,9.76,10.33,9.62,10.19,10.24,1962002935,197669.43,397058, 419876515, 21.40
1852,IDEA,2025-11-12,10.18,10.45,10.08,10.34,10.37,1099737578,113242.57,276674, 189542939, 17.24
1853,IDEA,2025-11-13,10.3,10.78,10.27,10.49,10.47,1391134349,146836.76,279048, 301819169, 21.70
1854,IDEA,2025-11-14,10.51,11.08,10.47,10.95,10.94,1251394246,136155.86,300998, 225573144, 18.03
1855,IDEA,2025-11-17,11.04,11.06,10.73,10.93,10.93,911862078,99533.4,241427, 175887166, 19.29
1856,IDEA,2025-11-18,10.95,11.01,10.71,10.75,10.74,612682675,66385.77,187464, 119987344, 19.58
1857,IDEA,2025-11-19,10.75,10.89,10.58,10.68,10.69,628320485,67332.08,157659, 98387399, 15.66
1858,IDEA,2025-11-20,10.77,10.83,10.14,10.18,10.17,867840425,90177.35,217977, 185683599, 21.40
1859,IDEA,2025-11-21,10.2,10.29,9.92,10.06,9.97,746331633,75394.76,184055, 161445999, 21.63
1860,IDEA,2025-11-24,10.05,10.33,9.95,9.98,9.98,675154759,68296.21,206657, 148903910, 22.05
1861,IDEA,2025-11-25,10.02,10.17,9.94,10.11,10.05,564921465,56801.81,123204, 87385493, 15.47
1862,IDEA,2025-11-26,10.11,10.29,10.05,10.12,10.08,392221239,39780.91,133796, 63266103, 16.13
1863,IDEA,2025-11-27,10.16,10.29,10.04,10.1,10.11,619942440,62976.88,138588, 77964261, 12.58
1864,IDEA,2025-11-28,10.14,10.14,9.93,9.97,9.96,456014352,45754.4,103184, 99853161, 21.90
1865,IDEA,2025-12-01,10.0,10.25,9.75,9.99,9.93,786869606,78980.58,179024, 156593766, 19.90
1866,IDEA,2025-12-02,10.2,10.32,10.08,10.17,10.13,649396924,66063.79,150545, 140123537, 21.58
1867,IDEA,2025-12-03,10.15,10.6,10.12,10.57,10.55,1176128408,123001.44,276819, 187851784, 15.97
1868,IDEA,2025-12-04,10.63,10.74,10.1,10.69,10.68,1200283194,126205.3,231860, 219982248, 18.33
1869,IDEA,2025-12-05,10.57,10.86,10.4,10.78,10.8,983988262,105055.35,188727, 176965989, 17.98
1870,IDFCFIRSTB,2025-11-06,80.74,81.42,79.69,80.25,80.37,34775868,28000.24,82832, 22714835, 65.32
1871,IDFCFIRSTB,2025-11-07,80.0,81.75,78.72,81.32,81.47,37744566,30317.53,132329, 19079516, 50.55
1872,IDFCFIRSTB,2025-11-10,81.48,82.24,80.83,81.09,81.21,26774744,21798.1,99029, 14604878, 54.55
1873,IDFCFIRSTB,2025-11-11,81.2,81.44,79.73,80.64,80.69,24238594,19507.69,73872, 14933979, 61.61
1874,IDFCFIRSTB,2025-11-12,80.94,82.11,80.55,81.49,81.58,27920019,22727.92,81092, 17573797, 62.94
1875,IDFCFIRSTB,2025-11-13,81.58,81.69,79.76,79.85,80.0,15615815,12597.33,54013, 9141429, 58.54
1876,IDFCFIRSTB,2025-11-14,80.0,81.0,79.75,80.54,80.43,16081514,12931.93,55408, 7373161, 45.85
1877,IDFCFIRSTB,2025-11-17,81.01,82.55,80.82,80.95,81.01,30289861,24717.11,85163, 13480498, 44.50
1878,IDFCFIRSTB,2025-11-18,80.99,81.31,79.86,80.0,80.11,21603623,17422.74,66115, 12522388, 57.96
1879,IDFCFIRSTB,2025-11-19,80.0,80.19,78.8,79.49,79.61,24234217,19297.27,79232, 12971704, 53.53
1880,IDFCFIRSTB,2025-11-20,79.61,80.1,78.76,78.95,78.93,17097170,13560.99,56196, 6640004, 38.84
1881,IDFCFIRSTB,2025-11-21,78.93,79.22,78.05,78.29,78.33,14859148,11679.52,85045, 7914168, 53.26
1882,IDFCFIRSTB,2025-11-24,78.33,78.75,77.5,77.7,77.97,30982266,24202.43,82375, 22575399, 72.87
1883,IDFCFIRSTB,2025-11-25,77.9,79.6,77.74,79.33,79.35,17823182,14091.04,60627, 8456427, 47.45
1884,IDFCFIRSTB,2025-11-26,79.51,80.76,79.5,80.38,80.37,17479553,14056.23,82693, 8354703, 47.80
1885,IDFCFIRSTB,2025-11-27,80.38,81.3,79.82,80.75,80.5,31427073,25295.81,116216, 16966430, 53.99
1886,IDFCFIRSTB,2025-11-28,80.75,80.77,79.9,80.2,80.13,14855394,11910.89,75824, 9396286, 63.25
1887,IDFCFIRSTB,2025-12-01,80.49,81.04,79.96,80.55,80.71,21543164,17373.6,69779, 13643256, 63.33
1888,IDFCFIRSTB,2025-12-02,80.55,82.29,80.55,81.98,81.98,39182438,32104.16,96825, 21059920, 53.75
1889,IDFCFIRSTB,2025-12-03,81.98,82.35,79.85,80.6,80.58,23829154,19245.87,77241, 11764776, 49.37
1890,IDFCFIRSTB,2025-12-04,80.27,80.9,79.72,79.88,79.88,11925167,9572.05,52214, 6108861, 51.23
1891,IDFCFIRSTB,2025-12-05,79.88,81.36,79.62,80.86,80.87,16411050,13246.91,57571, 6540287, 39.85
1892,IEX,2025-11-06,138.15,140.0,135.64,138.1,138.14,6201879,8523.45,33104, 2942678, 47.45
1893,IEX,2025-11-07,137.5,140.57,136.17,139.1,138.96,8004546,11168.76,41062, 3652186, 45.63
1894,IEX,2025-11-10,139.65,140.8,138.85,139.5,139.58,3498788,4895.93,29553, 1281008, 36.61
1895,IEX,2025-11-11,140.0,140.04,137.56,139.45,139.34,3851447,5341.86,30329, 1713149, 44.48
1896,IEX,2025-11-12,139.46,139.98,138.75,139.54,139.43,2775641,3869.18,25011, 1253466, 45.16
1897,IEX,2025-11-13,139.6,140.3,138.25,138.44,138.45,3261261,4547.28,25813, 1388308, 42.57
1898,IEX,2025-11-14,138.45,138.8,136.57,137.75,137.55,2461071,3386.51,32158, 1237596, 50.29
1899,IEX,2025-11-17,137.7,139.44,137.42,137.88,137.55,3264778,4508.14,25519, 1784944, 54.67
1900,IEX,2025-11-18,137.61,138.26,136.4,136.78,136.65,1926629,2638.48,16280, 799210, 41.48
1901,IEX,2025-11-19,136.73,137.25,135.01,137.17,137.11,3528588,4805.7,27098, 1448197, 41.04
1902,IEX,2025-11-20,137.5,143.73,137.3,142.86,143.13,24915170,35236.64,101714, 9057027, 36.35
1903,IEX,2025-11-21,143.0,145.19,140.48,140.89,141.12,9713151,13839.11,48626, 2612652, 26.90
1904,IEX,2025-11-24,141.79,142.05,140.0,140.0,140.29,4973886,7005.6,28066, 2555432, 51.38
1905,IEX,2025-11-25,140.29,142.3,139.8,140.25,140.24,4477483,6309.18,23172, 1763011, 39.38
1906,IEX,2025-11-26,140.4,142.94,140.0,141.77,141.76,3500889,4971.99,19715, 1519787, 43.41
1907,IEX,2025-11-27,141.77,142.0,140.0,140.75,140.9,4094515,5771.8,28665, 1664233, 40.65
1908,IEX,2025-11-28,141.0,143.0,137.77,139.75,139.29,11180306,15659.39,61509, 4044635, 36.18
1909,IEX,2025-12-01,140.0,147.75,139.92,147.0,146.7,32323758,47213.41,141489, 9253989, 28.63
1910,IEX,2025-12-02,146.46,150.53,145.09,148.35,148.54,16665166,24720.31,72262, 6307039, 37.85
1911,IEX,2025-12-03,148.8,149.38,145.7,148.9,148.89,9229144,13668.36,54621, 3962568, 42.94
1912,IEX,2025-12-04,151.0,151.76,147.14,147.66,147.93,12842838,19158.63,64721, 4326880, 33.69
1913,IEX,2025-12-05,147.1,148.47,144.41,145.63,145.31,3946371,5759.18,28835, 1233551, 31.26
1914,IGL,2025-11-06,214.0,214.83,209.87,210.7,211.06,1094359,2315.77,19210, 584581, 53.42
1915,IGL,2025-11-07,211.8,213.28,209.02,212.44,212.0,843889,1781.91,17347, 321047, 38.04
1916,IGL,2025-11-10,212.48,213.2,208.2,208.6,208.99,1562680,3287.16,23322, 811301, 51.92
1917,IGL,2025-11-11,209.0,218.38,207.58,208.8,208.29,5913745,12533.77,52351, 1579210, 26.70
1918,IGL,2025-11-12,209.32,212.19,207.0,209.74,210.23,3150966,6606.61,29636, 1311317, 41.62
1919,IGL,2025-11-13,208.0,216.65,205.1,214.53,215.02,7541221,16107.18,60883, 2324897, 30.83
1920,IGL,2025-11-14,213.5,216.84,211.87,212.46,212.66,4135977,8827.76,27163, 2206399, 53.35
1921,IGL,2025-11-17,214.0,216.5,210.0,211.49,211.46,2567513,5447.18,24900, 1252042, 48.76
1922,IGL,2025-11-18,213.0,213.0,208.27,208.35,208.58,2116427,4431.46,23392, 1295241, 61.20
1923,IGL,2025-11-19,208.8,209.45,205.0,206.44,206.56,2381009,4917.93,24909, 1057804, 44.43
1924,IGL,2025-11-20,206.21,206.71,203.5,203.78,204.06,2738618,5608.44,31418, 1154162, 42.14
1925,IGL,2025-11-21,204.0,204.55,200.4,201.01,201.4,1919966,3876.8,26589, 1075314, 56.01
1926,IGL,2025-11-24,201.2,206.95,195.5,196.07,198.99,5148072,10420.36,38328, 2297645, 44.63
1927,IGL,2025-11-25,198.0,199.9,194.0,194.2,194.85,6929093,13587.48,41992, 4651846, 67.13
1928,IGL,2025-11-26,196.4,199.48,195.9,199.35,199.23,1416640,2804.45,15141, 576407, 40.69
1929,IGL,2025-11-27,199.98,201.4,196.55,197.77,197.72,981537,1949.89,16053, 419933, 42.78
1930,IGL,2025-11-28,198.11,205.49,198.11,199.38,199.38,7128715,14434.73,59580, 2119630, 29.73
1931,IGL,2025-12-01,199.0,200.99,197.5,198.7,198.92,1114113,2215.45,17254, 531752, 47.73
1932,IGL,2025-12-02,198.81,200.23,197.55,198.0,198.43,987140,1964.47,15543, 478641, 48.49
1933,IGL,2025-12-03,198.43,198.64,191.0,193.35,192.68,2058068,3980.63,31833, 1008974, 49.03
1934,IGL,2025-12-04,192.5,195.45,192.0,193.5,193.71,1114938,2164.7,22242, 478177, 42.89
1935,IGL,2025-12-05,193.02,194.7,191.15,191.85,191.8,965306,1859.83,22341, 450231, 46.64
1936,IIFL,2025-11-06,539.25,539.4,518.25,518.65,520.75,1351016,7102.95,32778, 517842, 38.33
1937,IIFL,2025-11-07,520.0,535.05,516.25,525.7,526.3,1484837,7802.24,30176, 670959, 45.19
1938,IIFL,2025-11-10,529.0,544.0,524.5,542.3,541.9,1627548,8752.11,33529, 488779, 30.03
1939,IIFL,2025-11-11,544.0,548.7,538.05,540.5,540.75,1213563,6593.18,29772, 520423, 42.88
1940,IIFL,2025-11-12,543.9,544.8,534.2,540.0,540.35,566485,3055.91,15975, 221114, 39.03
1941,IIFL,2025-11-13,541.0,543.8,536.4,536.45,537.65,396119,2138.71,12627, 140853, 35.56
1942,IIFL,2025-11-14,540.0,558.0,539.95,547.75,547.3,3473801,19159.75,64282, 1120515, 32.26
1943,IIFL,2025-11-17,551.0,562.65,545.3,561.25,561.6,2078258,11569.74,42817, 750989, 36.14
1944,IIFL,2025-11-18,561.9,567.0,550.8,563.8,565.15,2048417,11495.74,36477, 727314, 35.51
1945,IIFL,2025-11-19,565.9,565.9,556.4,558.0,557.55,864945,4839.92,20234, 344031, 39.77
1946,IIFL,2025-11-20,557.1,559.1,542.2,546.7,544.75,1182228,6494.92,26726, 466802, 39.48
1947,IIFL,2025-11-21,546.0,548.5,538.2,541.1,540.0,875800,4759.86,18517, 349462, 39.90
1948,IIFL,2025-11-24,541.0,551.1,532.35,534.6,536.8,1049730,5703.26,23280, 486610, 46.36
1949,IIFL,2025-11-25,538.0,559.2,538.0,559.0,557.4,2234817,12321.22,43447, 833616, 37.30
1950,IIFL,2025-11-26,560.0,577.5,557.05,569.5,570.75,3045743,17378.68,42659, 1148637, 37.71
1951,IIFL,2025-11-27,572.5,576.3,565.3,570.55,568.8,871320,4972.63,20773, 276446, 31.73
1952,IIFL,2025-11-28,570.8,581.1,568.15,580.0,578.7,1817250,10480.49,37137, 823943, 45.34
1953,IIFL,2025-12-01,581.05,592.8,579.0,585.15,587.45,2050694,12038.24,34938, 565793, 27.59
1954,IIFL,2025-12-02,587.0,587.45,578.05,580.95,580.75,697398,4064.92,21206, 276346, 39.63
1955,IIFL,2025-12-03,580.75,582.25,567.45,575.0,574.4,1191236,6845.78,29671, 531511, 44.62
1956,IIFL,2025-12-04,571.9,579.5,565.05,567.4,566.35,438498,2507.2,16147, 154334, 35.20
1957,IIFL,2025-12-05,561.0,571.55,558.55,568.35,569.35,746311,4226.04,21102, 300936, 40.32
1958,INDHOTEL,2025-11-06,715.0,738.3,694.05,697.0,697.0,12158028,86136.68,165135, 6880918, 56.60
1959,INDHOTEL,2025-11-07,697.0,698.75,672.6,691.65,691.3,5546394,38016.44,77350, 3326722, 59.98
1960,INDHOTEL,2025-11-10,691.3,707.5,690.35,703.0,703.8,2938488,20618.82,59780, 2029646, 69.07
1961,INDHOTEL,2025-11-11,703.8,703.8,692.65,698.3,697.75,3758087,26213.96,64627, 2585938, 68.81
1962,INDHOTEL,2025-11-12,700.0,708.35,698.65,708.05,706.95,4614524,32540.06,50167, 3604555, 78.11
1963,INDHOTEL,2025-11-13,706.95,720.35,705.0,718.0,717.7,4914713,35241.3,65953, 3534744, 71.92
1964,INDHOTEL,2025-11-14,712.0,724.0,712.0,720.35,720.8,3854104,27681.02,60815, 2706291, 70.22
1965,INDHOTEL,2025-11-17,725.0,725.0,716.85,723.4,722.3,3247761,23394.54,81060, 2210796, 68.07
1966,INDHOTEL,2025-11-18,725.0,725.0,710.6,713.5,712.75,3166341,22657.63,52888, 2410933, 76.14
1967,INDHOTEL,2025-11-19,708.05,723.35,708.05,719.35,719.55,2796978,20064.77,70916, 1862869, 66.60
1968,INDHOTEL,2025-11-20,722.4,741.0,719.1,732.2,733.35,4075549,29881.12,92037, 2068409, 50.75
1969,INDHOTEL,2025-11-21,732.0,739.25,729.0,734.0,733.2,2739967,20111.48,51968, 1918191, 70.01
1970,INDHOTEL,2025-11-24,738.0,738.0,716.7,718.0,721.15,6950166,50227.32,116718, 5187856, 74.64
1971,INDHOTEL,2025-11-25,720.0,728.15,717.95,726.0,726.5,3835430,27798.58,53947, 2803387, 73.09
1972,INDHOTEL,2025-11-26,728.15,735.5,724.05,732.0,731.4,1350259,9878.09,34342, 720930, 53.39
1973,INDHOTEL,2025-11-27,731.0,740.0,727.4,734.4,735.0,1862591,13704.41,60733, 1057540, 56.78
1974,INDHOTEL,2025-11-28,738.0,748.75,734.2,744.45,744.3,3897542,29017.86,54990, 2554364, 65.54
1975,INDHOTEL,2025-12-01,750.0,752.45,744.4,749.0,749.05,2237313,16761.48,44133, 1464942, 65.48
1976,INDHOTEL,2025-12-02,749.0,754.0,740.3,742.55,742.5,2514236,18748.99,82686, 1821604, 72.45
1977,INDHOTEL,2025-12-03,740.0,746.15,730.85,735.95,734.6,1513825,11164.58,41715, 853593, 56.39
1978,INDHOTEL,2025-12-04,734.0,738.2,728.55,729.0,729.55,1536712,11249.4,49700, 1074419, 69.92
1979,INDHOTEL,2025-12-05,725.55,740.75,725.55,731.0,730.9,2253909,16513.47,48805, 1366294, 60.62
1980,INDIANB,2025-11-06,874.1,879.75,863.6,864.0,865.8,1796714,15620.49,81535, 952973, 53.04
1981,INDIANB,2025-11-07,864.0,876.0,850.0,873.95,873.95,1350893,11673.98,44553, 590216, 43.69
1982,INDIANB,2025-11-10,878.95,883.0,868.75,875.55,876.35,1194841,10445.74,29406, 527518, 44.15
1983,INDIANB,2025-11-11,880.55,880.55,855.35,869.15,867.9,1188117,10307.07,50594, 550261, 46.31
1984,INDIANB,2025-11-12,872.9,876.85,861.65,865.55,867.5,1129627,9819.45,48637, 626180, 55.43
1985,INDIANB,2025-11-13,867.5,873.3,859.0,870.3,869.45,882359,7661.99,26536, 374724, 42.47
1986,INDIANB,2025-11-14,868.05,873.9,862.0,869.05,868.45,1111820,9640.56,43370, 577973, 51.98
1987,INDIANB,2025-11-17,873.0,891.5,872.05,891.3,890.15,2172112,19254.17,44358, 966241, 44.48
1988,INDIANB,2025-11-18,893.7,894.85,884.0,888.0,886.9,1190105,10574.08,32807, 630398, 52.97
1989,INDIANB,2025-11-19,890.95,890.95,879.4,885.2,885.55,1494789,13228.21,39614, 844941, 56.53
1990,INDIANB,2025-11-20,891.8,893.9,880.0,883.9,882.35,886425,7866.09,19858, 449898, 50.75
1991,INDIANB,2025-11-21,882.35,883.0,850.2,853.7,851.8,1754260,15120.02,79614, 1091462, 62.22
1992,INDIANB,2025-11-24,851.8,863.6,851.8,853.35,854.75,1171441,10053.18,38899, 593713, 50.68
1993,INDIANB,2025-11-25,855.95,878.95,855.95,873.5,873.1,1591077,13807.29,69161, 738257, 46.40
1994,INDIANB,2025-11-26,875.0,892.4,871.6,886.75,886.75,1680454,14877.69,57088, 755121, 44.94
1995,INDIANB,2025-11-27,891.35,891.35,856.95,866.5,865.9,1931736,16755.91,69355, 919921, 47.62
1996,INDIANB,2025-11-28,870.0,874.0,865.0,870.0,870.25,1306456,11366.97,42412, 731349, 55.98
1997,INDIANB,2025-12-01,875.0,890.0,872.25,887.0,887.35,1272103,11264.99,49231, 525901, 41.34
1998,INDIANB,2025-12-02,888.9,889.8,856.1,859.4,859.45,2825373,24559.56,97607, 1376264, 48.71
1999,INDIANB,2025-12-03,864.0,864.0,803.55,812.0,812.8,7081168,57755.42,265593, 2793697, 39.45
2000,INDIANB,2025-12-04,812.8,819.0,800.5,804.8,802.6,2081606,16826.15,70133, 968903, 46.55
2001,INDIANB,2025-12-05,802.6,825.0,800.6,807.6,808.95,3550963,28908.89,113084, 1278019, 35.99
2002,INDIGO,2025-11-06,5750.0,5833.5,5679.5,5684.0,5693.0,2249415,129297.08,153234, 1223831, 54.41
2003,INDIGO,2025-11-07,5689.5,5689.5,5569.0,5604.5,5583.5,795267,44623.14,77085, 547185, 68.81
2004,INDIGO,2025-11-10,5604.0,5640.0,5541.0,5586.0,5588.5,983156,55019.13,93642, 708417, 72.06
2005,INDIGO,2025-11-11,5624.0,5799.5,5597.0,5787.0,5782.5,959131,54854.57,81481, 563402, 58.74
2006,INDIGO,2025-11-12,5790.0,5824.5,5752.0,5790.0,5795.5,695865,40332.04,54799, 486763, 69.95
2007,INDIGO,2025-11-13,5838.0,5938.0,5811.0,5911.0,5905.5,1250921,73832.71,99863, 822921, 65.79
2008,INDIGO,2025-11-14,5900.0,5935.0,5864.0,5895.0,5908.5,643970,37953.72,63957, 443329, 68.84
2009,INDIGO,2025-11-17,5900.0,5905.0,5839.5,5878.0,5873.0,608336,35703.13,63281, 427228, 70.23
2010,INDIGO,2025-11-18,5876.0,5888.5,5733.5,5758.5,5739.5,906483,52282.52,71780, 621258, 68.53
2011,INDIGO,2025-11-19,5712.0,5773.0,5674.0,5768.0,5758.5,784194,44874.42,55339, 540663, 68.95
2012,INDIGO,2025-11-20,5761.5,5836.0,5750.0,5800.0,5785.5,429193,24892.86,36488, 262308, 61.12
2013,INDIGO,2025-11-21,5785.0,5873.5,5755.0,5835.0,5843.5,410054,23912.54,38360, 181798, 44.34
2014,INDIGO,2025-11-24,5953.0,5970.0,5785.0,5805.5,5805.5,1224537,71608.28,71366, 663738, 54.20
2015,INDIGO,2025-11-25,5805.5,5805.5,5750.0,5770.0,5775.0,478426,27630.81,56289, 271828, 56.82
2016,INDIGO,2025-11-26,5799.0,5923.0,5781.0,5905.0,5913.0,520063,30610.91,47543, 341838, 65.73
2017,INDIGO,2025-11-27,5913.0,5959.0,5886.5,5921.5,5919.0,472382,27976.34,56813, 310437, 65.72
2018,INDIGO,2025-11-28,5922.0,5936.5,5885.0,5903.0,5901.5,273162,16128.11,37356, 200109, 73.26
2019,INDIGO,2025-12-01,5890.0,5916.5,5763.0,5772.5,5794.0,586223,34137.89,75022, 394662, 67.32
2020,INDIGO,2025-12-02,5792.0,5805.5,5680.0,5700.0,5697.5,1179053,67405.48,74234, 807916, 68.52
2021,INDIGO,2025-12-03,5675.0,5694.0,5570.5,5599.0,5595.5,1062464,59651.28,50186, 703598, 66.22
2022,INDIGO,2025-12-04,5520.0,5573.0,5397.0,5461.5,5436.5,4118078,225914.5,262085, 2481784, 60.27
2023,INDIGO,2025-12-05,5406.0,5475.0,5265.0,5367.5,5370.5,6700523,358716.47,345740, 3316613, 49.50
2024,INDUSINDBK,2025-11-06,791.0,797.5,777.35,786.55,786.2,2640541,20759.15,51742, 1147075, 43.44
2025,INDUSINDBK,2025-11-07,782.15,801.95,779.1,797.05,797.25,2079256,16452.04,33393, 1020231, 49.07
2026,INDUSINDBK,2025-11-10,791.0,807.8,791.0,797.0,799.35,1894738,15160.17,39320, 961263, 50.73
2027,INDUSINDBK,2025-11-11,799.7,828.2,792.8,828.0,826.1,7150449,58641.72,117860, 2836222, 39.66
2028,INDUSINDBK,2025-11-12,830.05,873.0,827.0,861.5,864.4,11714519,100312.62,147424, 4567293, 38.99
2029,INDUSINDBK,2025-11-13,862.0,892.35,859.05,863.4,863.45,9325204,81662.26,136126, 3766545, 40.39
2030,INDUSINDBK,2025-11-14,864.0,872.0,845.85,848.35,848.25,4460991,38218.65,93390, 1797590, 40.30
2031,INDUSINDBK,2025-11-17,852.0,861.75,838.5,854.05,854.05,4019335,34279.75,64960, 1738320, 43.25
2032,INDUSINDBK,2025-11-18,854.05,858.5,845.05,847.8,847.95,1958051,16650.17,36259, 1040149, 53.12
2033,INDUSINDBK,2025-11-19,850.0,850.3,836.3,840.0,839.6,2317710,19506.0,39143, 1154318, 49.80
2034,INDUSINDBK,2025-11-20,844.0,844.0,827.5,829.75,829.4,5136903,42809.75,73546, 3280853, 63.87
2035,INDUSINDBK,2025-11-21,832.2,856.8,830.55,846.0,846.55,7304707,61703.62,113258, 3109200, 42.56
2036,INDUSINDBK,2025-11-24,847.1,857.5,832.55,835.0,836.05,5082933,42869.73,72632, 2916356, 57.38
2037,INDUSINDBK,2025-11-25,836.05,844.9,829.05,842.5,839.9,3021941,25296.32,57064, 1448055, 47.92
2038,INDUSINDBK,2025-11-26,844.9,858.7,841.0,849.95,850.7,2939823,25067.05,63886, 1482599, 50.43
2039,INDUSINDBK,2025-11-27,853.0,863.75,846.55,857.1,857.45,3016014,25800.51,84761, 1389974, 46.09
2040,INDUSINDBK,2025-11-28,859.65,863.0,851.5,858.1,858.55,2901007,24877.32,66685, 1395653, 48.11
2041,INDUSINDBK,2025-12-01,860.0,862.4,842.65,845.45,847.15,3019328,25668.4,64965, 1843832, 61.07
2042,INDUSINDBK,2025-12-02,847.15,860.5,845.4,850.95,850.3,2674933,22768.33,47641, 1805086, 67.48
2043,INDUSINDBK,2025-12-03,854.0,856.3,841.35,844.6,846.9,2063761,17505.75,41693, 1056327, 51.18
2044,INDUSINDBK,2025-12-04,846.0,873.0,842.9,861.1,863.0,4259999,36824.5,81553, 1917844, 45.02
2045,INDUSINDBK,2025-12-05,863.65,874.4,856.1,869.75,870.1,3377823,29214.4,91700, 1566715, 46.38
2046,INDUSTOWER,2025-11-06,391.9,404.85,386.6,399.0,398.3,14237144,56774.17,139326, 7909539, 55.56
2047,INDUSTOWER,2025-11-07,396.5,404.8,391.0,400.0,400.8,6409878,25706.46,81720, 3620614, 56.48
2048,INDUSTOWER,2025-11-10,400.45,402.4,397.65,398.9,398.75,2465473,9848.75,42748, 1296258, 52.58
2049,INDUSTOWER,2025-11-11,402.0,404.9,395.95,400.9,400.6,4964281,19866.41,52434, 2627717, 52.93
2050,INDUSTOWER,2025-11-12,401.35,410.7,400.1,406.0,406.95,8054895,32755.54,133486, 5010276, 62.20
2051,INDUSTOWER,2025-11-13,406.0,414.0,405.55,408.0,407.85,5069406,20788.56,51594, 2852478, 56.27
2052,INDUSTOWER,2025-11-14,405.9,414.0,405.15,413.95,412.35,4523897,18592.19,65102, 2446207, 54.07
2053,INDUSTOWER,2025-11-17,413.7,413.7,408.25,409.5,410.15,2866155,11766.28,47811, 1767901, 61.68
2054,INDUSTOWER,2025-11-18,411.0,411.7,400.85,404.5,402.2,7797153,31555.28,66682, 5556333, 71.26
2055,INDUSTOWER,2025-11-19,402.0,405.9,399.9,404.2,403.25,4630031,18681.67,57795, 3162861, 68.31
2056,INDUSTOWER,2025-11-20,406.0,406.3,399.2,400.45,400.5,3782742,15209.61,53260, 2109238, 55.76
2057,INDUSTOWER,2025-11-21,399.7,402.15,395.5,397.9,397.0,3496761,13908.62,39998, 2192008, 62.69
2058,INDUSTOWER,2025-11-24,397.05,404.65,396.3,399.75,400.1,6005510,24070.1,54777, 4086753, 68.05
2059,INDUSTOWER,2025-11-25,399.45,405.65,397.55,404.0,403.6,2738092,11010.12,29511, 1286272, 46.98
2060,INDUSTOWER,2025-11-26,406.0,409.8,403.65,405.05,405.6,3963301,16089.32,59559, 2522871, 63.66
2061,INDUSTOWER,2025-11-27,405.0,409.05,401.25,403.45,404.25,3495842,14155.39,45445, 1928359, 55.16
2062,INDUSTOWER,2025-11-28,404.05,404.8,400.5,400.7,401.05,2277681,9162.77,39467, 1431083, 62.83
2063,INDUSTOWER,2025-12-01,404.6,405.4,395.25,396.7,396.6,2528988,10089.69,33994, 1443940, 57.10
2064,INDUSTOWER,2025-12-02,404.0,406.7,398.0,402.0,401.95,5325984,21412.65,60389, 2916706, 54.76
2065,INDUSTOWER,2025-12-03,402.45,413.3,401.45,406.3,404.65,11451550,46722.45,130650, 6205501, 54.19
2066,INDUSTOWER,2025-12-04,405.5,408.25,398.55,401.5,402.0,3535840,14244.83,51125, 1615150, 45.68
2067,INDUSTOWER,2025-12-05,400.9,416.85,399.1,416.0,415.7,9654037,39883.34,86593, 5098822, 52.82
2068,INFY,2025-11-06,1478.6,1483.0,1461.9,1466.5,1466.7,7944752,116946.18,288667, 5296745, 66.67
2069,INFY,2025-11-07,1470.0,1480.9,1449.1,1478.0,1476.8,8765759,128550.16,254091, 5814986, 66.34
2070,INFY,2025-11-10,1490.1,1520.0,1490.0,1515.0,1513.5,9787975,147879.63,223666, 5871349, 59.99
2071,INFY,2025-11-11,1525.0,1533.4,1511.1,1531.1,1530.3,13692989,208663.0,255611, 9354527, 68.32
2072,INFY,2025-11-12,1540.0,1559.2,1538.1,1550.6,1551.7,14635417,227027.7,394127, 10902389, 74.49
2073,INFY,2025-11-13,1557.1,1557.5,1530.3,1542.0,1541.8,19655689,303911.37,384451, 15342199, 78.05
2074,INFY,2025-11-14,1520.0,1530.0,1488.8,1505.8,1502.8,9739549,146371.69,236102, 5702326, 58.55
2075,INFY,2025-11-17,1496.0,1510.2,1492.5,1507.0,1507.6,7910354,118842.61,271436, 4894475, 61.87
2076,INFY,2025-11-18,1506.0,1506.0,1483.2,1486.8,1486.4,7525119,112073.98,164811, 3499941, 46.51
2077,INFY,2025-11-19,1490.5,1543.0,1490.5,1542.0,1541.1,10981126,168173.87,212749, 5416586, 49.33
2078,INFY,2025-11-20,1555.0,1555.0,1534.0,1536.3,1536.5,7387584,113739.29,174272, 3669775, 49.67
2079,INFY,2025-11-21,1531.0,1551.5,1526.3,1544.1,1545.0,9186302,141820.74,227357, 6477046, 70.51
2080,INFY,2025-11-24,1563.6,1585.0,1541.0,1546.2,1548.0,19270381,300369.94,267249, 11831028, 61.39
2081,INFY,2025-11-25,1549.0,1550.6,1525.9,1530.2,1530.6,8107952,124217.21,170664, 4456829, 54.97
2082,INFY,2025-11-26,1532.1,1560.3,1532.1,1557.3,1557.9,7575038,117467.22,122796, 4546624, 60.02
2083,INFY,2025-11-27,1564.0,1574.3,1552.2,1565.0,1566.4,7552252,118076.64,168875, 4672092, 61.86
2084,INFY,2025-11-28,1565.0,1568.4,1557.0,1558.1,1560.1,4453221,69556.03,115190, 2581298, 57.96
2085,INFY,2025-12-01,1562.5,1574.0,1556.0,1563.5,1564.0,5341800,83568.21,189364, 3036715, 56.85
2086,INFY,2025-12-02,1567.0,1579.9,1556.1,1563.0,1561.0,6335969,99108.28,243238, 3350493, 52.88
2087,INFY,2025-12-03,1555.1,1586.0,1554.1,1575.6,1578.7,12895312,202991.84,339751, 8287934, 64.27
2088,INFY,2025-12-04,1568.0,1599.0,1568.0,1593.2,1597.6,12609619,200684.24,325755, 7983181, 63.31
2089,INFY,2025-12-05,1610.0,1631.8,1600.0,1613.9,1616.2,10344725,167355.29,327955, 6276473, 60.67
2090,INOXWIND,2025-11-06,155.4,155.73,149.3,149.85,150.06,4242350,6443.3,30931, 1864819, 43.96
2091,INOXWIND,2025-11-07,148.5,151.1,145.7,149.15,149.45,5016475,7467.59,30899, 1819508, 36.27
2092,INOXWIND,2025-11-10,150.65,153.65,147.57,152.03,151.62,5220055,7834.31,34460, 1942091, 37.20
2093,INOXWIND,2025-11-11,152.9,152.99,149.6,151.87,151.77,2717939,4111.42,17236, 954624, 35.12
2094,INOXWIND,2025-11-12,152.0,152.7,149.26,150.5,150.53,6346043,9552.17,31287, 3445262, 54.29
2095,INOXWIND,2025-11-13,151.28,152.65,148.3,148.62,148.56,4497536,6723.69,30741, 1577441, 35.07
2096,INOXWIND,2025-11-14,148.62,150.0,146.11,149.0,148.69,7289866,10796.84,37347, 2069414, 28.39
2097,INOXWIND,2025-11-17,150.5,153.45,143.61,146.4,146.11,30434829,44829.56,127674, 9732837, 31.98
2098,INOXWIND,2025-11-18,146.25,146.45,140.63,140.75,140.92,12142149,17238.8,56818, 5317811, 43.80
2099,INOXWIND,2025-11-19,140.5,142.37,139.1,139.84,139.68,10906676,15308.72,42569, 4911441, 45.03
2100,INOXWIND,2025-11-20,141.07,141.49,137.7,138.3,138.08,12182250,16933.3,52121, 6344930, 52.08
2101,INOXWIND,2025-11-21,138.0,138.76,135.25,138.0,137.77,11245281,15451.27,46558, 4390454, 39.04
2102,INOXWIND,2025-11-24,137.79,139.18,135.13,135.96,135.81,8653660,11811.23,31262, 4749871, 54.89
2103,INOXWIND,2025-11-25,135.9,136.25,134.0,135.05,134.7,8507051,11480.92,34931, 4594337, 54.01
2104,INOXWIND,2025-11-26,135.06,138.67,135.06,136.74,136.75,6782899,9302.91,23847, 3269406, 48.20
2105,INOXWIND,2025-11-27,136.75,137.2,131.9,132.98,134.07,17336482,23387.4,29678, 12565537, 72.48
2106,INOXWIND,2025-11-28,133.3,135.4,132.43,134.52,134.5,4551207,6104.26,22705, 1626212, 35.73
2107,INOXWIND,2025-12-01,135.4,135.79,132.52,133.0,133.08,4882601,6511.8,29157, 2543864, 52.10
2108,INOXWIND,2025-12-02,132.99,133.8,131.8,133.45,133.29,3434827,4566.05,18444, 1148268, 33.43
2109,INOXWIND,2025-12-03,133.21,133.77,128.82,130.2,130.12,6499217,8503.36,41263, 2434706, 37.46
2110,INOXWIND,2025-12-04,130.95,131.5,129.5,129.71,129.84,3933789,5122.23,30372, 1798524, 45.72
2111,INOXWIND,2025-12-05,129.84,130.75,126.31,130.17,130.24,5924238,7627.93,39701, 2131769, 35.98
2112,IOC,2025-11-06,170.02,170.03,167.35,168.36,168.37,19729771,33219.74,100178, 12735930, 64.55
2113,IOC,2025-11-07,167.21,169.55,166.1,168.9,169.16,12104934,20350.26,91607, 6566129, 54.24
2114,IOC,2025-11-10,169.14,171.39,168.5,169.0,169.39,12402893,21044.92,89993, 6094820, 49.14
2115,IOC,2025-11-11,168.9,173.49,167.32,172.45,172.44,20113006,34436.55,110897, 11219791, 55.78
2116,IOC,2025-11-12,172.7,174.5,171.51,172.07,172.3,16003745,27636.75,94786, 9879147, 61.73
2117,IOC,2025-11-13,172.69,174.45,171.45,172.25,172.45,11618468,20033.56,88267, 6659842, 57.32
2118,IOC,2025-11-14,172.4,174.21,170.4,171.45,171.25,11051895,18961.84,87225, 6508534, 58.89
2119,IOC,2025-11-17,171.16,174.4,171.16,173.31,173.12,13233156,22908.56,79553, 7591233, 57.37
2120,IOC,2025-11-18,173.5,174.0,169.8,171.66,171.59,17543851,30047.14,96556, 9428998, 53.75
2121,IOC,2025-11-19,171.51,172.23,168.85,169.52,169.33,10315121,17571.83,74402, 6168350, 59.80
2122,IOC,2025-11-20,170.1,170.7,168.14,168.73,168.7,9529662,16121.9,53944, 5139129, 53.93
2123,IOC,2025-11-21,168.0,168.61,166.2,166.65,167.35,9261908,15483.54,54369, 5237260, 56.55
2124,IOC,2025-11-24,167.0,167.81,165.05,165.59,165.69,16397744,27201.94,75776, 11461704, 69.90
2125,IOC,2025-11-25,164.9,165.4,163.09,163.5,164.12,9625540,15779.15,69087, 4909530, 51.01
2126,IOC,2025-11-26,164.12,166.0,163.57,165.49,165.59,5855993,9683.72,45539, 3319527, 56.69
2127,IOC,2025-11-27,165.59,166.0,162.55,163.7,163.81,4631417,7582.33,51530, 2089680, 45.12
2128,IOC,2025-11-28,163.5,163.7,161.5,161.87,161.75,5937318,9618.93,50534, 3594670, 60.54
2129,IOC,2025-12-01,162.03,164.44,162.03,162.76,162.97,10208196,16638.19,64748, 5747754, 56.31
2130,IOC,2025-12-02,163.51,165.12,161.73,162.39,162.34,13247668,21616.13,90678, 7819866, 59.03
2131,IOC,2025-12-03,162.2,164.56,161.0,164.35,164.11,11250522,18368.16,66040, 6366718, 56.59
2132,IOC,2025-12-04,164.0,164.7,162.01,162.5,162.76,6382061,10390.31,44380, 3627931, 56.85
2133,IOC,2025-12-05,162.71,163.84,161.9,163.39,163.66,6124074,9989.6,70401, 3750058, 61.23
2134,IRCTC,2025-11-06,715.5,717.65,702.95,703.45,703.35,501782,3552.9,23764, 288735, 57.54
2135,IRCTC,2025-11-07,703.35,708.15,697.1,704.0,704.15,455448,3203.6,22040, 188509, 41.39
2136,IRCTC,2025-11-10,704.15,707.85,701.0,705.1,704.35,363370,2560.85,17775, 192051, 52.85
2137,IRCTC,2025-11-11,704.0,711.85,701.55,711.85,710.7,333113,2353.33,14496, 149229, 44.80
2138,IRCTC,2025-11-12,712.5,718.5,711.1,715.95,715.85,584863,4186.31,19885, 286746, 49.03
2139,IRCTC,2025-11-13,720.0,720.8,705.65,710.0,709.9,1565202,11122.03,34998, 675323, 43.15
2140,IRCTC,2025-11-14,709.9,709.9,702.3,705.7,705.3,827789,5831.0,22801, 387590, 46.82
2141,IRCTC,2025-11-17,708.0,716.45,706.0,713.0,713.05,763522,5447.48,21981, 410285, 53.74
2142,IRCTC,2025-11-18,713.0,713.05,701.75,705.0,703.8,896066,6317.0,23613, 471339, 52.60
2143,IRCTC,2025-11-19,705.5,707.1,702.0,705.35,705.0,643975,4537.39,16773, 314123, 48.78
2144,IRCTC,2025-11-20,707.8,710.75,702.2,703.85,703.0,805276,5682.34,20532, 462426, 57.42
2145,IRCTC,2025-11-21,700.0,700.9,688.75,690.7,690.4,1101118,7640.15,34953, 582933, 52.94
2146,IRCTC,2025-11-24,692.0,695.0,680.1,684.0,684.9,2005483,13743.67,35900, 1358425, 67.74
2147,IRCTC,2025-11-25,684.0,686.05,675.85,678.35,677.5,1290958,8793.8,32891, 779112, 60.35
2148,IRCTC,2025-11-26,678.45,689.8,677.75,689.45,688.5,606666,4163.95,18716, 368211, 60.69
2149,IRCTC,2025-11-27,689.95,694.45,686.05,687.5,687.85,622737,4298.4,22347, 323577, 51.96
2150,IRCTC,2025-11-28,687.5,687.9,684.0,686.5,686.7,336126,2306.29,14702, 172664, 51.37
2151,IRCTC,2025-12-01,691.5,693.7,681.7,685.5,684.3,603612,4147.76,26281, 324354, 53.74
2152,IRCTC,2025-12-02,684.0,685.5,679.0,680.0,679.95,606817,4133.24,25010, 362464, 59.73
2153,IRCTC,2025-12-03,678.1,682.6,671.2,674.5,674.5,750515,5060.18,26690, 395580, 52.71
2154,IRCTC,2025-12-04,674.0,680.7,670.5,674.0,673.85,1352801,9119.99,24508, 910505, 67.31
2155,IRCTC,2025-12-05,675.0,677.0,670.45,675.0,675.2,755102,5086.77,21862, 452402, 59.91
2156,IREDA,2025-11-06,151.2,151.5,148.2,148.38,148.56,5841929,8724.06,40464, 2737072, 46.85
2157,IREDA,2025-11-07,148.0,150.39,146.25,149.88,149.37,5338117,7912.73,32053, 1816292, 34.02
2158,IREDA,2025-11-10,149.95,150.25,148.42,148.99,148.71,3224588,4811.5,26679, 1243247, 38.56
2159,IREDA,2025-11-11,148.9,149.39,146.58,149.25,149.04,4634146,6864.37,31238, 1411878, 30.47
2160,IREDA,2025-11-12,149.76,153.48,149.55,150.96,150.93,6667190,10117.25,33754, 2120053, 31.80
2161,IREDA,2025-11-13,150.96,152.13,149.05,149.55,149.29,4602992,6926.85,29104, 1587998, 34.50
2162,IREDA,2025-11-14,149.51,150.95,148.31,149.7,149.61,5447973,8147.14,27254, 858347, 15.76
2163,IREDA,2025-11-17,149.61,152.38,149.51,151.09,150.71,5346259,8069.53,28973, 2362373, 44.19
2164,IREDA,2025-11-18,151.0,151.0,148.0,148.14,148.08,5482207,8152.53,36656, 2397819, 43.74
2165,IREDA,2025-11-19,148.0,148.37,146.5,147.3,147.1,3350146,4927.53,25441, 1225031, 36.57
2166,IREDA,2025-11-20,147.29,148.16,146.45,146.8,146.64,3146750,4631.63,24209, 1151503, 36.59
2167,IREDA,2025-11-21,146.5,146.77,144.0,144.2,144.41,4102741,5955.73,32142, 1620155, 39.49
2168,IREDA,2025-11-24,144.41,145.16,142.2,142.5,142.49,3755997,5395.73,33804, 1503942, 40.04
2169,IREDA,2025-11-25,142.49,143.28,140.53,141.5,141.36,4975277,7055.08,36900, 2226400, 44.75
2170,IREDA,2025-11-26,142.11,144.79,142.1,144.5,144.35,3691030,5314.35,22901, 1402604, 38.00
2171,IREDA,2025-11-27,144.44,145.48,143.1,143.62,143.76,2478216,3571.62,21969, 886029, 35.75
2172,IREDA,2025-11-28,143.92,144.2,142.42,142.99,142.9,2469997,3528.12,23093, 1001105, 40.53
2173,IREDA,2025-12-01,142.9,144.3,142.0,142.25,142.48,3070252,4387.19,25525, 1069389, 34.83
2174,IREDA,2025-12-02,142.01,142.39,139.61,140.48,140.18,5527876,7774.96,44203, 2548695, 46.11
2175,IREDA,2025-12-03,140.24,140.95,136.2,137.15,136.84,6328520,8734.83,51133, 2739700, 43.29
2176,IREDA,2025-12-04,137.0,138.8,136.3,136.71,136.75,4460457,6122.38,31782, 1512093, 33.90
2177,IREDA,2025-12-05,136.75,137.29,132.0,133.85,133.4,11660475,15566.33,75815, 3753483, 32.19
2178,IRFC,2025-11-06,122.1,122.25,120.05,120.25,120.25,6360660,7683.13,61607, 3173225, 49.89
2179,IRFC,2025-11-07,120.0,121.87,118.4,121.6,121.36,5976333,7181.74,45293, 1860939, 31.14
2180,IRFC,2025-11-10,121.8,122.23,120.54,120.85,120.77,4329426,5255.84,38829, 1784354, 41.21
2181,IRFC,2025-11-11,121.0,121.85,119.53,121.68,121.61,5425772,6543.78,41741, 2095009, 38.61
2182,IRFC,2025-11-12,121.77,123.24,121.25,121.6,121.59,6989819,8539.32,43993, 2363906, 33.82
2183,IRFC,2025-11-13,121.59,121.85,120.64,120.9,120.75,4559201,5526.7,39311, 1973808, 43.29
2184,IRFC,2025-11-14,120.68,121.99,120.4,121.04,121.01,5135998,6218.01,33721, 1739393, 33.87
2185,IRFC,2025-11-17,121.11,123.5,121.04,122.7,122.5,9945324,12205.47,50388, 3745703, 37.66
2186,IRFC,2025-11-18,122.5,122.74,120.7,120.92,120.82,4555639,5522.28,33963, 2269200, 49.81
2187,IRFC,2025-11-19,120.82,121.14,119.8,120.9,120.85,4336986,5218.34,34549, 1513265, 34.89
2188,IRFC,2025-11-20,120.85,121.59,120.0,120.15,120.08,4766481,5753.5,32183, 2052537, 43.06
2189,IRFC,2025-11-21,120.08,120.4,119.0,119.15,119.09,4944515,5908.66,37921, 2120605, 42.89
2190,IRFC,2025-11-24,119.15,119.45,116.57,117.02,116.9,8220860,9668.69,61646, 4091732, 49.77
2191,IRFC,2025-11-25,117.02,117.54,115.65,116.8,116.74,7566496,8818.19,56916, 3113889, 41.15
2192,IRFC,2025-11-26,116.85,118.58,116.66,118.14,118.08,4487936,5296.54,31944, 1957286, 43.61
2193,IRFC,2025-11-27,118.67,119.42,117.6,117.9,117.96,5097254,6024.97,38081, 1883731, 36.96
2194,IRFC,2025-11-28,117.9,118.05,116.82,117.3,117.57,4191955,4919.02,34738, 1753207, 41.82
2195,IRFC,2025-12-01,117.57,118.89,116.74,117.12,117.09,5036657,5925.15,40208, 1979666, 39.31
2196,IRFC,2025-12-02,116.91,117.0,116.1,116.6,116.42,4302586,5010.92,40194, 2084566, 48.45
2197,IRFC,2025-12-03,117.13,117.6,114.22,114.75,114.71,9455659,10908.63,70901, 3881666, 41.05
2198,IRFC,2025-12-04,114.71,115.9,114.4,114.88,114.85,5895759,6783.49,38984, 2076218, 35.22
2199,IRFC,2025-12-05,115.19,115.19,113.75,114.8,114.6,5063577,5787.65,41367, 1798793, 35.52
2200,ITC,2025-11-06,410.0,413.3,406.55,408.5,407.5,10095563,41215.88,146248, 6152789, 60.95
2201,ITC,2025-11-07,406.05,409.1,403.1,404.4,404.05,8411611,34078.15,92747, 5916918, 70.34
2202,ITC,2025-11-10,404.05,407.1,403.65,406.0,405.55,6650003,26982.67,128591, 4213671, 63.36
2203,ITC,2025-11-11,406.0,408.05,404.6,407.2,406.85,12005318,48776.33,97321, 8058840, 67.13
2204,ITC,2025-11-12,408.0,408.1,405.55,407.4,407.0,7987236,32493.8,107940, 5007110, 62.69
2205,ITC,2025-11-13,407.0,407.5,404.5,406.5,405.7,6617185,26886.12,90395, 3931292, 59.41
2206,ITC,2025-11-14,404.7,408.75,400.1,408.25,408.15,64020258,256971.83,151924, 56149205, 87.71
2207,ITC,2025-11-17,409.75,412.0,406.0,407.5,407.1,7855399,32001.41,114679, 4851834, 61.76
2208,ITC,2025-11-18,408.25,409.8,404.55,405.7,405.85,7661681,31078.55,92029, 3931926, 51.32
2209,ITC,2025-11-19,404.85,405.55,402.8,403.7,403.55,7882450,31819.92,134281, 5063831, 64.24
2210,ITC,2025-11-20,403.55,407.0,403.25,405.6,405.45,6693410,27145.2,108333, 3948834, 59.00
2211,ITC,2025-11-21,405.0,408.5,404.7,408.0,407.85,5808131,23655.41,92059, 3897974, 67.11
2212,ITC,2025-11-24,408.4,408.8,402.85,404.2,403.55,11037491,44634.45,128280, 8719220, 79.00
2213,ITC,2025-11-25,403.55,404.5,400.1,400.4,400.8,8199785,32987.23,114076, 5192578, 63.33
2214,ITC,2025-11-26,401.0,403.95,400.95,402.55,402.3,11443953,46072.86,107847, 7833650, 68.45
2215,ITC,2025-11-27,403.5,405.95,402.1,405.0,404.3,8679529,34997.92,105551, 5374198, 61.92
2216,ITC,2025-11-28,404.3,405.0,402.5,404.3,404.25,6883500,27786.55,104754, 4628335, 67.24
2217,ITC,2025-12-01,402.8,405.5,398.2,404.05,404.25,13442658,54104.24,204438, 7121279, 52.98
2218,ITC,2025-12-02,404.25,405.5,400.5,401.7,400.95,8093808,32511.35,112342, 4660483, 57.58
2219,ITC,2025-12-03,401.7,402.2,398.85,400.7,400.5,10772192,43123.88,145572, 7422026, 68.90
2220,ITC,2025-12-04,400.1,403.55,399.05,403.25,403.05,8057989,32400.09,100529, 4940817, 61.32
2221,ITC,2025-12-05,403.05,405.35,402.0,404.6,404.95,4419747,17860.98,73360, 2798339, 63.31
2222,JINDALSTEL,2025-11-06,1080.7,1081.1,1042.3,1048.0,1045.5,1497966,15806.41,50780, 601117, 40.13
2223,JINDALSTEL,2025-11-07,1035.0,1075.1,1002.1,1067.2,1069.9,1892592,19964.36,52861, 793770, 41.94
2224,JINDALSTEL,2025-11-10,1069.9,1082.0,1069.1,1072.8,1071.4,990878,10645.66,32697, 299486, 30.22
2225,JINDALSTEL,2025-11-11,1076.6,1089.8,1057.0,1080.0,1080.2,670521,7209.2,31090, 201129, 30.00
2226,JINDALSTEL,2025-11-12,1080.3,1084.5,1072.5,1079.0,1079.9,702572,7579.46,23233, 369503, 52.59
2227,JINDALSTEL,2025-11-13,1087.5,1098.0,1075.9,1085.1,1087.8,1863602,20250.21,52964, 563479, 30.24
2228,JINDALSTEL,2025-11-14,1082.6,1096.0,1068.8,1080.0,1076.2,1403097,15201.71,34457, 517904, 36.91
2229,JINDALSTEL,2025-11-17,1080.6,1082.8,1071.8,1080.2,1080.0,723524,7796.43,22617, 301973, 41.74
2230,JINDALSTEL,2025-11-18,1078.1,1078.3,1057.2,1066.0,1066.3,1437183,15313.6,34625, 464917, 32.35
2231,JINDALSTEL,2025-11-19,1066.0,1076.0,1059.3,1068.4,1071.0,933058,9960.86,25224, 406509, 43.57
2232,JINDALSTEL,2025-11-20,1075.9,1078.0,1062.2,1068.7,1069.4,834957,8941.91,35232, 325101, 38.94
2233,JINDALSTEL,2025-11-21,1065.0,1065.0,1035.5,1040.0,1038.6,1316935,13819.73,28373, 705441, 53.57
2234,JINDALSTEL,2025-11-24,1040.4,1046.7,1014.7,1019.0,1021.3,3883924,40022.31,62751, 2968790, 76.44
2235,JINDALSTEL,2025-11-25,1022.9,1029.9,1014.7,1021.0,1022.6,1833665,18746.0,63356, 1024475, 55.87
2236,JINDALSTEL,2025-11-26,1029.0,1048.3,1023.8,1039.9,1042.4,1580115,16435.54,38273, 705471, 44.65
2237,JINDALSTEL,2025-11-27,1047.9,1053.1,1034.2,1041.0,1041.1,893056,9296.79,22366, 336868, 37.72
2238,JINDALSTEL,2025-11-28,1046.7,1054.9,1037.3,1049.0,1044.4,1205893,12615.59,33177, 466082, 38.65
2239,JINDALSTEL,2025-12-01,1053.5,1055.0,1039.0,1048.9,1048.0,803834,8409.23,24633, 267868, 33.32
2240,JINDALSTEL,2025-12-02,1046.0,1052.0,1024.6,1028.5,1028.8,1634860,16923.56,21523, 1024579, 62.67
2241,JINDALSTEL,2025-12-03,1033.8,1033.8,1013.0,1018.0,1017.9,1634772,16670.61,24567, 928820, 56.82
2242,JINDALSTEL,2025-12-04,1020.1,1028.3,1003.0,1003.8,1005.8,645481,6529.87,24690, 221519, 34.32
2243,JINDALSTEL,2025-12-05,1009.0,1010.9,989.0,1007.8,1006.8,1273166,12743.96,42505, 549511, 43.16
2244,JIOFIN,2025-11-06,301.9,303.2,297.5,297.95,298.1,8339076,24995.9,99206, 4279914, 51.32
2245,JIOFIN,2025-11-07,297.0,300.15,293.5,299.65,299.3,9364502,27853.39,117050, 4706012, 50.25
2246,JIOFIN,2025-11-10,299.65,303.4,299.65,301.6,301.95,8870055,26755.01,86735, 4508543, 50.83
2247,JIOFIN,2025-11-11,302.0,305.65,297.65,305.45,304.9,10752137,32539.14,103794, 4672913, 43.46
2248,JIOFIN,2025-11-12,305.3,310.3,305.25,309.9,309.5,12029642,37130.81,82836, 6775373, 56.32
2249,JIOFIN,2025-11-13,310.0,316.6,309.7,311.0,310.7,15761851,49379.71,100474, 6800162, 43.14
2250,JIOFIN,2025-11-14,311.0,315.7,309.3,315.0,314.9,13675544,42948.89,93427, 6120776, 44.76
2251,JIOFIN,2025-11-17,316.0,316.85,311.15,312.45,312.0,8876003,27816.47,77680, 4672854, 52.65
2252,JIOFIN,2025-11-18,311.15,311.85,305.45,305.8,305.95,8869128,27304.06,76706, 4483698, 50.55
2253,JIOFIN,2025-11-19,305.85,306.4,303.6,304.65,304.45,5882303,17924.43,63649, 2470721, 42.00
2254,JIOFIN,2025-11-20,305.6,309.6,305.2,308.8,308.35,7784069,23967.21,69246, 3666523, 47.10
2255,JIOFIN,2025-11-21,307.0,308.35,303.0,303.9,303.55,5973657,18237.6,63229, 2922586, 48.92
2256,JIOFIN,2025-11-24,303.3,304.35,299.1,300.2,299.85,12349069,37165.22,80969, 8571359, 69.41
2257,JIOFIN,2025-11-25,299.75,303.4,299.6,301.1,300.8,7131282,21507.79,67947, 3704919, 51.95
2258,JIOFIN,2025-11-26,301.5,308.65,301.5,308.0,308.0,8885249,27216.61,72445, 4881611, 54.94
2259,JIOFIN,2025-11-27,309.0,309.8,305.0,306.45,306.45,5565162,17098.75,59698, 2119982, 38.09
2260,JIOFIN,2025-11-28,306.15,308.0,305.5,306.35,306.2,5488672,16824.22,55075, 2998632, 54.63
2261,JIOFIN,2025-12-01,307.1,308.15,303.55,305.05,304.75,6225454,19026.25,70378, 3307100, 53.12
2262,JIOFIN,2025-12-02,303.0,307.0,303.0,305.25,304.85,8589532,26243.74,63544, 4872010, 56.72
2263,JIOFIN,2025-12-03,305.0,305.7,298.45,301.65,301.0,8408528,25301.69,74438, 4681873, 55.68
2264,JIOFIN,2025-12-04,301.0,303.45,300.0,301.6,302.25,5601692,16911.58,49492, 2401467, 42.87
2265,JIOFIN,2025-12-05,302.0,304.45,300.25,303.85,303.75,6506083,19693.92,53738, 2751807, 42.30
2266,JSWENERGY,2025-11-06,526.15,531.95,515.6,517.3,517.35,2026463,10575.97,39753, 1070580, 52.83
2267,JSWENERGY,2025-11-07,522.0,523.9,511.2,518.5,519.15,1562135,8096.5,24237, 679283, 43.48
2268,JSWENERGY,2025-11-10,521.0,527.0,519.55,522.65,522.5,878117,4606.96,20831, 374767, 42.68
2269,JSWENERGY,2025-11-11,523.0,529.45,518.25,527.85,526.85,1434139,7530.52,22838, 604390, 42.14
2270,JSWENERGY,2025-11-12,527.9,532.35,523.05,528.1,528.05,1747648,9206.34,24412, 772547, 44.20
2271,JSWENERGY,2025-11-13,527.5,532.9,525.4,528.05,528.3,1677794,8877.21,21206, 964273, 57.47
2272,JSWENERGY,2025-11-14,525.05,531.75,522.55,528.5,528.8,1755919,9270.33,25851, 849994, 48.41
2273,JSWENERGY,2025-11-17,528.0,535.5,526.85,528.5,527.65,1230818,6523.88,23090, 604363, 49.10
2274,JSWENERGY,2025-11-18,526.8,528.5,520.95,527.5,526.95,2011169,10552.24,26587, 932545, 46.37
2275,JSWENERGY,2025-11-19,526.05,528.7,512.35,513.0,513.65,2913764,15092.25,46005, 1671454, 57.36
2276,JSWENERGY,2025-11-20,516.0,517.3,503.5,504.0,504.85,3532744,18067.0,55045, 1940111, 54.92
2277,JSWENERGY,2025-11-21,506.0,507.65,483.0,485.3,484.55,6244965,30646.13,93450, 2881873, 46.15
2278,JSWENERGY,2025-11-24,487.9,487.9,479.5,480.0,481.0,3561430,17185.52,58877, 1769599, 49.69
2279,JSWENERGY,2025-11-25,481.4,482.4,475.0,476.6,476.6,2950968,14123.92,33600, 1782793, 60.41
2280,JSWENERGY,2025-11-26,476.6,489.6,473.8,487.2,487.25,1486994,7187.84,30792, 536198, 36.06
2281,JSWENERGY,2025-11-27,489.0,490.2,480.65,487.6,488.0,2266552,11007.47,23814, 1211119, 53.43
2282,JSWENERGY,2025-11-28,489.5,489.5,483.45,488.75,488.65,1256225,6121.02,19404, 667162, 53.11
2283,JSWENERGY,2025-12-01,488.7,493.4,484.1,491.45,491.8,1933563,9472.19,32119, 911888, 47.16
2284,JSWENERGY,2025-12-02,488.05,490.55,480.0,483.85,484.15,2109674,10218.55,36716, 1042804, 49.43
2285,JSWENERGY,2025-12-03,482.2,484.85,468.1,471.0,470.2,2984285,14125.02,38337, 1499401, 50.24
2286,JSWENERGY,2025-12-04,470.2,473.3,457.9,459.4,459.85,6057866,28117.08,53235, 3899627, 64.37
2287,JSWENERGY,2025-12-05,459.85,465.0,448.65,463.0,461.95,4893964,22260.31,58475, 2167599, 44.29
2288,JSWSTEEL,2025-11-06,1181.4,1183.5,1161.6,1169.7,1168.8,1304994,15269.36,40025, 720134, 55.18
2289,JSWSTEEL,2025-11-07,1160.1,1182.9,1151.2,1174.0,1171.7,845047,9863.25,44358, 319249, 37.78
2290,JSWSTEEL,2025-11-10,1174.0,1185.0,1172.0,1180.9,1179.3,740226,8727.9,35871, 295545, 39.93
2291,JSWSTEEL,2025-11-11,1187.0,1206.7,1166.1,1186.7,1191.5,1588730,18909.24,46432, 621093, 39.09
2292,JSWSTEEL,2025-11-12,1192.0,1194.9,1178.0,1184.7,1181.8,976290,11566.34,35032, 503551, 51.58
2293,JSWSTEEL,2025-11-13,1191.7,1200.4,1178.1,1182.5,1183.9,1427189,16970.72,44776, 418798, 29.34
2294,JSWSTEEL,2025-11-14,1182.1,1182.9,1159.0,1169.2,1167.8,1059030,12362.7,36437, 592680, 55.96
2295,JSWSTEEL,2025-11-17,1173.9,1178.0,1165.4,1175.0,1175.5,1102752,12945.66,27580, 749935, 68.01
2296,JSWSTEEL,2025-11-18,1179.9,1179.9,1152.9,1164.5,1163.0,1912105,22219.53,36260, 1046303, 54.72
2297,JSWSTEEL,2025-11-19,1167.5,1170.9,1157.6,1168.4,1164.9,522344,6083.69,22556, 224993, 43.07
2298,JSWSTEEL,2025-11-20,1170.6,1174.9,1161.0,1168.0,1170.0,908758,10613.85,26781, 504195, 55.48
2299,JSWSTEEL,2025-11-21,1166.0,1166.9,1133.1,1135.9,1140.3,1045627,12032.4,36112, 570318, 54.54
2300,JSWSTEEL,2025-11-24,1142.0,1145.0,1104.3,1113.3,1106.0,2209717,24614.82,53734, 1296117, 58.66
2301,JSWSTEEL,2025-11-25,1107.3,1123.9,1107.3,1108.3,1112.0,1394051,15563.71,45255, 660301, 47.37
2302,JSWSTEEL,2025-11-26,1112.0,1157.0,1112.0,1153.0,1154.4,2167703,24895.45,53678, 544535, 25.12
2303,JSWSTEEL,2025-11-27,1159.0,1163.0,1136.3,1157.9,1160.6,2342042,26896.76,53804, 1207737, 51.57
2304,JSWSTEEL,2025-11-28,1160.0,1172.6,1153.3,1163.6,1160.3,1243394,14454.22,40704, 560181, 45.05
2305,JSWSTEEL,2025-12-01,1164.9,1185.0,1157.3,1165.0,1168.4,3039396,35481.17,62112, 1615234, 53.14
2306,JSWSTEEL,2025-12-02,1168.4,1172.8,1159.3,1159.9,1162.0,2834317,32969.76,54477, 1781810, 62.87
2307,JSWSTEEL,2025-12-03,1162.0,1171.2,1104.9,1144.0,1143.6,6026786,69074.14,97497, 2642929, 43.85
2308,JSWSTEEL,2025-12-04,1159.0,1165.0,1143.1,1149.8,1150.6,2285777,26333.37,55242, 700663, 30.65
2309,JSWSTEEL,2025-12-05,1150.0,1170.0,1143.4,1165.5,1162.2,2326439,26867.85,42247, 1467205, 63.07
2310,JUBLFOOD,2025-11-06,592.0,593.4,581.5,582.25,583.25,950388,5566.43,26791, 596595, 62.77
2311,JUBLFOOD,2025-11-07,581.9,581.9,564.95,575.85,576.5,1703407,9749.9,31912, 871737, 51.18
2312,JUBLFOOD,2025-11-10,577.95,588.9,575.5,587.0,584.35,866793,5071.66,26066, 395956, 45.68
2313,JUBLFOOD,2025-11-11,584.35,590.6,576.05,582.4,580.05,2599968,15125.41,38051, 1814815, 69.80
2314,JUBLFOOD,2025-11-12,581.05,586.65,578.0,584.65,585.3,1226844,7158.91,28382, 812787, 66.25
2315,JUBLFOOD,2025-11-13,585.5,588.75,570.95,576.0,573.5,2703484,15615.36,46634, 1600503, 59.20
2316,JUBLFOOD,2025-11-14,604.95,622.95,599.3,615.6,615.3,15681619,96571.21,200881, 5411180, 34.51
2317,JUBLFOOD,2025-11-17,615.6,619.0,601.15,603.1,603.2,2846271,17255.96,58659, 1334214, 46.88
2318,JUBLFOOD,2025-11-18,605.9,605.9,595.1,602.0,600.35,1729923,10387.4,57035, 966171, 55.85
2319,JUBLFOOD,2025-11-19,600.35,603.25,593.5,594.1,595.15,1189327,7105.55,38920, 731213, 61.48
2320,JUBLFOOD,2025-11-20,594.2,595.8,587.8,591.0,591.15,2658325,15720.78,43146, 1628930, 61.28
2321,JUBLFOOD,2025-11-21,591.15,597.0,587.0,590.0,589.05,1887192,11126.84,28510, 1130718, 59.92
2322,JUBLFOOD,2025-11-24,589.05,593.25,582.05,588.0,589.05,3314692,19509.74,41015, 2270556, 68.50
2323,JUBLFOOD,2025-11-25,589.05,596.5,586.5,592.85,593.05,1338159,7941.34,22417, 850566, 63.56
2324,JUBLFOOD,2025-11-26,593.0,609.4,592.1,605.2,605.0,1896432,11446.88,28964, 1203318, 63.45
2325,JUBLFOOD,2025-11-27,605.0,612.9,602.75,606.0,606.65,922708,5612.42,24602, 432376, 46.86
2326,JUBLFOOD,2025-11-28,606.65,608.65,596.1,600.5,601.5,923045,5548.14,25419, 526558, 57.05
2327,JUBLFOOD,2025-12-01,601.5,610.5,600.15,607.85,609.35,1073603,6513.02,30933, 624038, 58.13
2328,JUBLFOOD,2025-12-02,610.0,610.0,599.0,602.0,603.45,1067276,6433.69,22655, 581789, 54.51
2329,JUBLFOOD,2025-12-03,602.5,602.95,588.0,589.7,589.2,1130814,6698.53,25545, 648391, 57.34
2330,JUBLFOOD,2025-12-04,589.2,592.0,585.75,590.0,590.9,838723,4943.35,21793, 479699, 57.19
2331,JUBLFOOD,2025-12-05,590.0,594.9,583.95,592.7,593.2,1155927,6814.35,25737, 705128, 61.00
2332,KALYANKJIL,2025-11-06,523.7,525.0,510.15,515.75,512.85,2055368,10628.74,34415, 722160, 35.14
2333,KALYANKJIL,2025-11-07,514.9,515.4,501.15,513.9,512.8,1994042,10151.4,31384, 447381, 22.44
2334,KALYANKJIL,2025-11-10,516.8,526.15,505.95,510.9,510.4,7066021,36289.48,75610, 1165268, 16.49
2335,KALYANKJIL,2025-11-11,513.0,513.0,498.0,510.2,509.4,4125402,20841.37,42861, 1025019, 24.85
2336,KALYANKJIL,2025-11-12,510.25,515.0,505.7,508.7,508.75,1756494,8961.21,24923, 486887, 27.72
2337,KALYANKJIL,2025-11-13,509.75,511.9,497.0,499.0,498.75,2684487,13494.52,35491, 1058286, 39.42
2338,KALYANKJIL,2025-11-14,500.0,501.4,491.0,496.5,495.5,2174899,10794.16,33465, 572536, 26.32
2339,KALYANKJIL,2025-11-17,498.7,499.2,493.0,496.0,495.45,1393599,6918.65,19500, 417962, 29.99
2340,KALYANKJIL,2025-11-18,495.0,495.4,486.05,490.95,490.65,1812929,8895.74,26566, 471422, 26.00
2341,KALYANKJIL,2025-11-19,490.0,502.7,487.75,501.0,499.6,2396175,11849.46,31072, 610134, 25.46
2342,KALYANKJIL,2025-11-20,501.0,514.3,499.8,504.85,504.1,3199562,16246.27,45051, 990600, 30.96
2343,KALYANKJIL,2025-11-21,504.1,505.65,495.25,496.5,496.45,1396093,6980.85,20547, 454376, 32.55
2344,KALYANKJIL,2025-11-24,496.45,499.55,481.05,482.35,484.4,1878992,9202.17,30983, 815389, 43.40
2345,KALYANKJIL,2025-11-25,482.35,485.85,479.1,482.25,482.8,1222062,5896.29,23863, 397574, 32.53
2346,KALYANKJIL,2025-11-26,482.8,498.8,481.5,497.2,497.55,1696869,8374.91,26383, 526001, 31.00
2347,KALYANKJIL,2025-11-27,500.0,500.0,490.1,494.85,493.9,827820,4093.05,22239, 241024, 29.12
2348,KALYANKJIL,2025-11-28,495.0,509.85,492.05,505.7,505.35,2786839,14031.26,34186, 1100133, 39.48
2349,KALYANKJIL,2025-12-01,507.8,516.0,504.55,507.0,506.95,2105078,10725.07,34487, 564895, 26.83
2350,KALYANKJIL,2025-12-02,506.95,506.95,500.3,501.0,501.3,1013055,5093.26,20613, 423928, 41.85
2351,KALYANKJIL,2025-12-03,500.05,500.95,486.85,491.6,490.0,2128152,10489.79,29458, 572111, 26.88
2352,KALYANKJIL,2025-12-04,491.9,493.85,485.8,490.7,490.1,1122566,5502.42,24457, 347966, 31.00
2353,KALYANKJIL,2025-12-05,490.0,494.5,486.5,492.45,492.5,1280000,6283.67,22969, 458220, 35.80
2354,KAYNES,2025-11-06,6890.0,6890.0,6302.5,6325.0,6358.5,1539949,100128.36,145287, 433508, 28.15
2355,KAYNES,2025-11-07,6304.5,6314.5,6161.0,6249.0,6225.0,596124,37132.29,69808, 177958, 29.85
2356,KAYNES,2025-11-10,6225.0,6513.5,6167.5,6455.0,6482.0,731274,46724.57,71152, 198946, 27.21
2357,KAYNES,2025-11-11,6482.0,6491.0,6350.0,6431.5,6455.5,376612,24185.59,40564, 87403, 23.21
2358,KAYNES,2025-11-12,6471.5,6529.0,6415.5,6430.0,6433.5,230312,14872.0,24437, 74711, 32.44
2359,KAYNES,2025-11-13,6435.0,6497.5,6360.0,6363.0,6376.5,284213,18242.3,33010, 85765, 30.18
2360,KAYNES,2025-11-14,6365.5,6405.5,6277.0,6337.0,6332.0,287029,18176.85,31927, 102696, 35.78
2361,KAYNES,2025-11-17,6346.0,6347.0,6190.0,6200.0,6237.0,316277,19802.38,33557, 144000, 45.53
2362,KAYNES,2025-11-18,6202.0,6202.0,5855.5,5890.0,5889.0,3155999,187692.24,161661, 1258808, 39.89
2363,KAYNES,2025-11-19,5889.0,5996.5,5778.5,5958.5,5974.0,702111,41652.54,58343, 187802, 26.75
2364,KAYNES,2025-11-20,6010.0,6034.5,5951.5,5965.5,5967.5,335154,20046.0,28423, 139674, 41.67
2365,KAYNES,2025-11-21,5936.0,6048.5,5870.0,5876.0,5883.5,503982,30060.96,43552, 122711, 24.35
2366,KAYNES,2025-11-24,5900.0,5938.0,5801.0,5814.0,5826.0,418110,24542.31,39796, 175266, 41.92
2367,KAYNES,2025-11-25,5860.0,5864.0,5755.5,5770.0,5777.5,412553,23958.42,35524, 214686, 52.04
2368,KAYNES,2025-11-26,5830.0,5962.0,5772.0,5798.0,5796.5,1447755,84627.61,86098, 749436, 51.77
2369,KAYNES,2025-11-27,5828.0,5838.0,5543.5,5588.0,5573.5,1546834,86820.28,121025, 653683, 42.26
2370,KAYNES,2025-11-28,5595.0,5610.0,5475.5,5512.0,5490.0,951787,52474.32,60544, 472347, 49.63
2371,KAYNES,2025-12-01,5510.0,5529.0,5321.5,5360.0,5358.5,922227,49751.39,97409, 430178, 46.65
2372,KAYNES,2025-12-02,5369.0,5458.0,5331.5,5419.0,5408.5,556050,30055.45,46092, 147118, 26.46
2373,KAYNES,2025-12-03,5419.0,5433.5,5274.5,5309.0,5307.0,548423,29162.8,40751, 264274, 48.19
2374,KAYNES,2025-12-04,5307.0,5307.0,4941.0,4971.5,4978.0,2668338,134947.48,196682, 962246, 36.06
2375,KAYNES,2025-12-05,4865.0,4959.0,4311.0,4365.0,4353.5,8397954,386860.79,517616, 2545889, 30.32
2376,KEI,2025-11-06,3990.1,3992.5,3918.0,3925.8,3927.6,145324,5735.71,16633, 78976, 54.34
2377,KEI,2025-11-07,3921.2,3968.9,3856.8,3960.0,3936.8,192921,7524.45,22240, 109202, 56.60
2378,KEI,2025-11-10,3936.9,4046.2,3936.9,4020.1,4032.4,117565,4712.72,13116, 67356, 57.29
2379,KEI,2025-11-11,4059.6,4075.0,4019.0,4055.0,4062.7,90590,3666.87,10395, 41058, 45.32
2380,KEI,2025-11-12,4074.9,4098.2,4062.0,4073.6,4073.2,133502,5449.12,16709, 90678, 67.92
2381,KEI,2025-11-13,4075.0,4131.9,4061.0,4110.0,4113.6,83236,3421.15,11288, 37766, 45.37
2382,KEI,2025-11-14,4130.0,4130.0,4072.2,4116.0,4112.8,71271,2929.72,10426, 35343, 49.59
2383,KEI,2025-11-17,4120.9,4164.0,4112.0,4152.0,4150.9,191767,7958.92,17055, 139165, 72.57
2384,KEI,2025-11-18,4170.0,4170.8,4084.0,4125.9,4125.9,158991,6560.68,19198, 82564, 51.93
2385,KEI,2025-11-19,4125.9,4149.9,4093.1,4120.0,4119.1,57883,2384.85,12028, 22228, 38.40
2386,KEI,2025-11-20,4129.9,4173.4,4106.2,4171.5,4167.3,140954,5857.11,14181, 89561, 63.54
2387,KEI,2025-11-21,4181.5,4181.5,4048.0,4074.0,4080.4,203118,8304.63,29132, 84779, 41.74
2388,KEI,2025-11-24,4080.4,4130.4,4080.4,4108.9,4107.8,225356,9256.9,23021, 157848, 70.04
2389,KEI,2025-11-25,4107.8,4128.4,4045.0,4059.0,4071.5,196940,8044.88,24400, 110819, 56.27
2390,KEI,2025-11-26,4073.9,4157.6,4040.0,4122.0,4133.1,165192,6810.15,27740, 68809, 41.65
2391,KEI,2025-11-27,4150.0,4150.0,4092.7,4144.0,4135.7,92208,3800.02,11065, 44137, 47.87
2392,KEI,2025-11-28,4121.1,4206.0,4121.1,4155.0,4145.6,168545,7022.36,19953, 72211, 42.84
2393,KEI,2025-12-01,4144.0,4169.0,4091.7,4110.4,4107.0,104502,4300.74,17451, 54949, 52.58
2394,KEI,2025-12-02,4110.0,4195.0,4076.0,4188.0,4184.3,143908,5961.32,17911, 74993, 52.11
2395,KEI,2025-12-03,4200.0,4200.0,4112.4,4147.0,4161.6,163110,6780.29,18299, 78042, 47.85
2396,KEI,2025-12-04,4157.0,4205.0,4119.2,4181.7,4185.1,150609,6272.02,20332, 83418, 55.39
2397,KEI,2025-12-05,4191.7,4191.7,4122.8,4156.4,4163.5,124291,5162.87,15409, 58596, 47.14
2398,KFINTECH,2025-11-06,1070.0,1089.4,1053.6,1062.1,1062.1,552399,5868.5,42651, 217714, 39.41
2399,KFINTECH,2025-11-07,1062.1,1116.8,1051.0,1105.6,1111.0,1132039,12378.6,43499, 341521, 30.17
2400,KFINTECH,2025-11-10,1109.6,1109.6,1079.2,1082.8,1081.6,1168913,12744.8,36221, 737210, 63.07
2401,KFINTECH,2025-11-11,1085.0,1095.3,1073.6,1093.8,1094.1,245241,2666.68,12918, 76361, 31.14
2402,KFINTECH,2025-11-12,1094.1,1126.4,1093.8,1099.9,1100.3,824642,9134.45,27905, 239023, 28.99
2403,KFINTECH,2025-11-13,1105.0,1109.9,1080.5,1084.5,1083.1,441405,4830.72,20635, 184754, 41.86
2404,KFINTECH,2025-11-14,1080.0,1093.8,1076.2,1089.0,1084.1,276013,2996.18,13986, 99639, 36.10
2405,KFINTECH,2025-11-17,1084.1,1098.7,1082.7,1090.0,1088.6,468953,5118.38,27704, 203456, 43.39
2406,KFINTECH,2025-11-18,1091.5,1102.2,1076.2,1089.8,1089.0,322950,3507.5,17814, 130450, 40.39
2407,KFINTECH,2025-11-19,1091.9,1093.3,1072.2,1082.9,1081.9,461199,4987.15,26566, 191537, 41.53
2408,KFINTECH,2025-11-20,1083.1,1098.9,1077.8,1080.0,1080.4,706819,7686.82,60997, 353714, 50.04
2409,KFINTECH,2025-11-21,1084.5,1084.5,1061.1,1063.0,1065.1,460127,4916.55,24076, 198713, 43.19
2410,KFINTECH,2025-11-24,1065.1,1075.9,1040.0,1043.2,1045.5,1321606,13908.38,48521, 861948, 65.22
2411,KFINTECH,2025-11-25,1049.9,1060.9,1044.1,1048.0,1050.4,518046,5446.91,25654, 255203, 49.26
2412,KFINTECH,2025-11-26,1055.0,1079.1,1055.0,1068.7,1070.5,822473,8790.38,37813, 392145, 47.68
2413,KFINTECH,2025-11-27,1076.0,1078.0,1061.0,1065.7,1065.5,301938,3219.06,17910, 170850, 56.58
2414,KFINTECH,2025-11-28,1069.0,1070.0,1050.1,1058.0,1056.3,492753,5204.5,29211, 265416, 53.86
2415,KFINTECH,2025-12-01,1069.0,1114.0,1068.0,1094.9,1096.2,2836993,31081.43,75178, 783598, 27.62
2416,KFINTECH,2025-12-02,1096.1,1103.3,1076.9,1084.2,1083.4,982416,10724.71,29747, 238671, 24.29
2417,KFINTECH,2025-12-03,1083.8,1095.0,1064.0,1071.0,1071.4,1337298,14412.73,35864, 201837, 15.09
2418,KFINTECH,2025-12-04,1071.4,1092.0,1058.6,1076.0,1075.5,1584675,17065.08,34998, 167939, 10.60
2419,KFINTECH,2025-12-05,1080.2,1082.4,1056.2,1070.0,1066.4,1261729,13463.75,27812, 139772, 11.08
2420,KOTAKBANK,2025-11-06,2073.0,2103.8,2072.1,2080.0,2083.2,2380569,49656.01,114024, 1501002, 63.05
2421,KOTAKBANK,2025-11-07,2078.7,2099.3,2059.2,2089.9,2088.3,1400189,29242.29,61230, 978060, 69.85
2422,KOTAKBANK,2025-11-10,2081.0,2104.8,2081.0,2090.0,2092.7,2173296,45544.57,100761, 1613958, 74.26
2423,KOTAKBANK,2025-11-11,2100.0,2103.0,2074.9,2088.2,2086.9,2162842,45117.53,116220, 1484818, 68.65
2424,KOTAKBANK,2025-11-12,2100.1,2100.1,2080.0,2085.9,2084.5,1807085,37700.59,87500, 1265100, 70.01
2425,KOTAKBANK,2025-11-13,2089.5,2089.5,2064.6,2080.0,2075.2,2142306,44473.74,108483, 1402695, 65.48
2426,KOTAKBANK,2025-11-14,2066.0,2085.5,2063.0,2082.8,2079.7,2440551,50630.5,122682, 1880176, 77.04
2427,KOTAKBANK,2025-11-17,2095.0,2119.9,2092.4,2103.0,2102.9,5030328,105836.41,145450, 3369737, 66.99
2428,KOTAKBANK,2025-11-18,2090.6,2107.0,2080.0,2095.6,2093.1,2060068,43117.52,92776, 1391596, 67.55
2429,KOTAKBANK,2025-11-19,2099.5,2110.0,2089.5,2108.1,2105.9,2492900,52421.04,82900, 2011280, 80.68
2430,KOTAKBANK,2025-11-20,2114.8,2114.8,2093.2,2098.0,2098.7,7340569,154029.56,86005, 5978095, 81.44
2431,KOTAKBANK,2025-11-21,2100.0,2111.5,2078.5,2086.5,2087.8,7838842,164473.39,178590, 5928645, 75.63
2432,KOTAKBANK,2025-11-24,2095.0,2104.0,2077.4,2087.3,2087.3,4984569,104198.62,133924, 3896022, 78.16
2433,KOTAKBANK,2025-11-25,2094.3,2094.3,2066.7,2068.4,2069.9,3032979,62934.96,148423, 2132914, 70.32
2434,KOTAKBANK,2025-11-26,2075.0,2110.0,2074.1,2102.0,2103.8,2979343,62277.4,130789, 2034701, 68.29
2435,KOTAKBANK,2025-11-27,2104.0,2130.5,2091.4,2112.6,2110.2,4029795,85029.32,165899, 2715244, 67.38
2436,KOTAKBANK,2025-11-28,2119.0,2141.8,2102.2,2125.1,2124.4,3168157,67339.44,92129, 2146936, 67.77
2437,KOTAKBANK,2025-12-01,2134.0,2163.0,2128.1,2148.8,2147.6,3262032,70202.42,113830, 2084057, 63.89
2438,KOTAKBANK,2025-12-02,2140.0,2160.0,2139.4,2143.6,2142.4,3658833,78670.54,104427, 2541102, 69.45
2439,KOTAKBANK,2025-12-03,2135.1,2151.7,2119.1,2150.0,2146.1,2806203,59870.41,68101, 2014175, 71.78
2440,KOTAKBANK,2025-12-04,2146.1,2146.8,2121.5,2134.0,2135.4,2574328,54927.23,90237, 1882379, 73.12
2441,KOTAKBANK,2025-12-05,2135.0,2166.0,2132.0,2156.0,2154.9,1931695,41588.77,82280, 1122140, 58.09
2442,KPITTECH,2025-11-06,1155.4,1161.6,1143.5,1154.0,1159.2,477984,5515.88,32007, 269851, 56.46
2443,KPITTECH,2025-11-07,1150.6,1156.4,1141.0,1154.4,1153.0,544548,6260.88,28782, 323598, 59.43
2444,KPITTECH,2025-11-10,1156.3,1209.5,1147.2,1188.1,1192.9,2229653,26381.82,79636, 456106, 20.46
2445,KPITTECH,2025-11-11,1184.1,1216.4,1170.7,1205.2,1212.5,976816,11670.71,48926, 384502, 39.36
2446,KPITTECH,2025-11-12,1212.0,1246.9,1206.5,1243.5,1244.3,1128899,13942.43,50459, 554062, 49.08
2447,KPITTECH,2025-11-13,1244.3,1251.7,1230.9,1234.1,1238.7,553299,6866.17,32715, 240096, 43.39
2448,KPITTECH,2025-11-14,1234.1,1244.0,1215.6,1219.3,1222.2,612843,7535.99,29552, 351690, 57.39
2449,KPITTECH,2025-11-17,1222.2,1227.0,1210.1,1216.9,1216.0,509828,6216.4,25929, 299646, 58.77
2450,KPITTECH,2025-11-18,1216.0,1217.3,1193.1,1195.8,1195.1,881401,10599.62,23517, 557308, 63.23
2451,KPITTECH,2025-11-19,1190.0,1218.9,1190.0,1205.9,1203.1,883112,10678.01,32847, 469612, 53.18
2452,KPITTECH,2025-11-20,1203.1,1226.1,1193.5,1200.0,1196.6,966267,11697.22,39709, 470686, 48.71
2453,KPITTECH,2025-11-21,1196.0,1196.0,1163.1,1171.0,1168.9,386138,4537.64,19381, 170122, 44.06
2454,KPITTECH,2025-11-24,1165.1,1210.6,1165.1,1195.6,1198.2,1478312,17665.94,59354, 674674, 45.64
2455,KPITTECH,2025-11-25,1198.3,1199.6,1168.8,1172.5,1172.0,450864,5327.53,32147, 218969, 48.57
2456,KPITTECH,2025-11-26,1172.5,1197.5,1168.1,1194.5,1194.9,476916,5655.21,24671, 221940, 46.54
2457,KPITTECH,2025-11-27,1194.5,1222.0,1194.0,1219.0,1218.9,750796,9107.4,31304, 353538, 47.09
2458,KPITTECH,2025-11-28,1219.0,1228.9,1210.5,1221.5,1222.4,462489,5652.64,27483, 235912, 51.01
2459,KPITTECH,2025-12-01,1218.3,1272.0,1212.5,1257.9,1258.2,1195256,14988.88,44858, 434597, 36.36
2460,KPITTECH,2025-12-02,1253.6,1262.7,1243.8,1255.2,1253.5,486300,6084.35,16012, 216955, 44.61
2461,KPITTECH,2025-12-03,1250.0,1267.1,1249.0,1258.3,1258.7,573428,7227.19,22320, 245753, 42.86
2462,KPITTECH,2025-12-04,1258.7,1284.9,1256.0,1267.5,1269.8,828119,10554.88,36237, 377576, 45.59
2463,KPITTECH,2025-12-05,1275.0,1275.0,1258.6,1262.2,1267.0,435214,5513.31,25164, 195412, 44.90
2464,LAURUSLABS,2025-11-06,985.0,994.8,975.5,977.8,979.8,1667068,16433.93,45702, 703321, 42.19
2465,LAURUSLABS,2025-11-07,977.0,989.8,975.0,984.0,982.15,1087182,10675.79,37180, 469198, 43.16
2466,LAURUSLABS,2025-11-10,985.0,1004.0,983.0,1000.1,1001.05,1569187,15630.0,47172, 715021, 45.57
2467,LAURUSLABS,2025-11-11,1001.05,1005.0,970.35,987.5,985.7,1828103,18026.68,56872, 812982, 44.47
2468,LAURUSLABS,2025-11-12,994.0,997.4,984.85,989.85,989.25,1468376,14554.55,30511, 964751, 65.70
2469,LAURUSLABS,2025-11-13,989.25,1005.0,984.65,998.35,997.05,1039405,10342.36,27558, 516909, 49.73
2470,LAURUSLABS,2025-11-14,1001.2,1014.4,992.95,1000.0,999.0,1785705,17932.71,35924, 886806, 49.66
2471,LAURUSLABS,2025-11-17,1001.05,1025.0,997.3,1024.85,1021.85,1696744,17228.36,32008, 823164, 48.51
2472,LAURUSLABS,2025-11-18,1028.0,1033.5,1000.6,1005.0,1006.9,2922214,29736.13,80627, 1715368, 58.70
2473,LAURUSLABS,2025-11-19,1010.0,1010.0,982.15,985.0,987.5,1288996,12753.68,30602, 557677, 43.26
2474,LAURUSLABS,2025-11-20,990.0,993.9,970.25,986.0,987.1,1375536,13546.06,37454, 637308, 46.33
2475,LAURUSLABS,2025-11-21,988.6,994.15,975.1,979.0,978.2,1425481,14041.01,33304, 830964, 58.29
2476,LAURUSLABS,2025-11-24,979.0,988.7,974.5,982.9,979.55,1348847,13241.96,31268, 959156, 71.11
2477,LAURUSLABS,2025-11-25,982.0,988.0,971.4,975.0,977.55,1005154,9859.9,41763, 586994, 58.40
2478,LAURUSLABS,2025-11-26,981.0,989.45,973.35,985.0,986.6,2951910,28991.49,29601, 2129452, 72.14
2479,LAURUSLABS,2025-11-27,990.0,1011.9,981.1,1007.0,1003.2,2606483,26135.19,73861, 1101711, 42.27
2480,LAURUSLABS,2025-11-28,1007.0,1032.75,1006.5,1032.5,1031.35,2486519,25487.42,55871, 947457, 38.10
2481,LAURUSLABS,2025-12-01,1035.0,1040.2,1006.1,1028.2,1029.4,2002768,20591.94,51373, 777421, 38.82
2482,LAURUSLABS,2025-12-02,1028.2,1036.9,1015.0,1018.2,1020.2,1465264,14991.55,43982, 886703, 60.51
2483,LAURUSLABS,2025-12-03,1023.3,1026.9,1007.8,1018.0,1016.5,972564,9876.07,39331, 555782, 57.15
2484,LAURUSLABS,2025-12-04,1016.5,1021.3,1001.6,1011.0,1013.5,971897,9825.16,27543, 546392, 56.22
2485,LAURUSLABS,2025-12-05,1017.5,1028.5,1005.8,1026.5,1026.1,936977,9554.67,28107, 541296, 57.77
2486,LICHSGFIN,2025-11-06,573.05,573.6,563.75,567.9,570.15,1496751,8512.15,28535, 905120, 60.47
2487,LICHSGFIN,2025-11-07,567.55,574.8,561.1,571.7,571.2,855955,4865.04,30764, 337280, 39.40
2488,LICHSGFIN,2025-11-10,572.05,574.0,569.5,571.0,571.7,497644,2846.0,18755, 255430, 51.33
2489,LICHSGFIN,2025-11-11,571.5,573.4,565.35,571.95,571.5,477001,2714.8,12559, 257703, 54.03
2490,LICHSGFIN,2025-11-12,573.9,575.75,570.85,572.5,572.8,523173,2997.11,12033, 283775, 54.24
2491,LICHSGFIN,2025-11-13,572.8,573.55,567.25,567.9,567.9,922564,5256.08,17079, 617483, 66.93
2492,LICHSGFIN,2025-11-14,566.0,570.0,564.6,568.5,567.7,824463,4671.88,24893, 434003, 52.64
2493,LICHSGFIN,2025-11-17,567.7,572.6,566.8,571.8,571.0,528243,3014.39,15817, 314301, 59.50
2494,LICHSGFIN,2025-11-18,571.0,571.55,566.5,567.55,567.55,586954,3332.62,20276, 385239, 65.63
2495,LICHSGFIN,2025-11-19,568.0,568.65,562.1,563.7,563.6,940685,5303.99,19394, 383699, 40.79
2496,LICHSGFIN,2025-11-20,565.8,567.0,552.95,554.0,554.8,879789,4913.27,29690, 564501, 64.16
2497,LICHSGFIN,2025-11-21,554.4,554.45,544.2,546.85,545.9,1257819,6898.62,37851, 740456, 58.87
2498,LICHSGFIN,2025-11-24,548.0,548.95,543.8,545.95,545.95,1533246,8372.33,24481, 1059082, 69.07
2499,LICHSGFIN,2025-11-25,545.1,554.0,544.05,548.2,548.1,1486951,8149.62,30563, 908783, 61.12
2500,LICHSGFIN,2025-11-26,549.8,557.85,547.85,555.5,555.8,1867914,10364.77,22527, 1384660, 74.13
2501,LICHSGFIN,2025-11-27,556.7,557.55,548.1,550.8,550.25,913611,5034.85,14807, 625468, 68.46
2502,LICHSGFIN,2025-11-28,550.0,552.0,548.2,550.0,549.1,618499,3399.17,11262, 444769, 71.91
2503,LICHSGFIN,2025-12-01,550.9,554.75,549.05,550.0,550.65,289709,1598.92,11747, 135883, 46.90
2504,LICHSGFIN,2025-12-02,550.0,556.4,548.6,554.9,554.65,2401015,13298.07,24616, 1865233, 77.69
2505,LICHSGFIN,2025-12-03,554.6,554.9,545.5,549.0,549.4,1627288,8938.61,23247, 1157749, 71.15
2506,LICHSGFIN,2025-12-04,549.35,551.2,544.7,546.5,546.95,1547387,8472.56,21501, 1089218, 70.39
2507,LICHSGFIN,2025-12-05,546.95,550.85,539.05,543.8,541.8,1721468,9339.62,38835, 965357, 56.08
2508,LICI,2025-11-06,902.1,906.65,892.25,894.0,896.1,1203527,10801.69,42790, 584377, 48.56
2509,LICI,2025-11-07,910.0,936.95,895.1,926.0,924.15,7699680,70554.2,121709, 2403315, 31.21
2510,LICI,2025-11-10,926.9,931.9,898.0,899.9,899.7,3204796,29072.16,57932, 1538303, 48.00
2511,LICI,2025-11-11,904.0,904.85,895.05,900.0,900.6,2032416,18294.5,45818, 1018275, 50.10
2512,LICI,2025-11-12,903.15,909.8,898.15,898.4,900.15,2493689,22523.58,38579, 1666226, 66.82
2513,LICI,2025-11-13,900.5,908.45,888.15,902.35,902.85,3367249,30337.44,43172, 1916426, 56.91
2514,LICI,2025-11-14,900.0,910.75,897.6,909.0,909.45,830405,7521.7,18643, 371874, 44.78
2515,LICI,2025-11-17,909.45,916.65,908.2,916.0,915.35,926990,8472.82,24910, 552110, 59.56
2516,LICI,2025-11-18,915.35,920.6,906.6,915.5,915.5,1288703,11788.38,35554, 865041, 67.12
2517,LICI,2025-11-19,915.5,921.0,910.5,915.0,914.05,923863,8456.02,25260, 500564, 54.18
2518,LICI,2025-11-20,915.0,919.95,906.05,907.3,908.3,1301140,11855.34,35369, 803379, 61.74
2519,LICI,2025-11-21,909.0,910.0,899.25,902.7,902.4,1653584,14924.62,22030, 1154934, 69.84
2520,LICI,2025-11-24,902.4,904.2,888.2,895.05,895.05,1136910,10170.56,27378, 599516, 52.73
2521,LICI,2025-11-25,892.1,900.8,891.5,897.35,897.65,1109545,9954.41,25385, 715385, 64.48
2522,LICI,2025-11-26,896.95,901.9,893.6,895.7,894.8,847545,7611.1,22128, 510435, 60.23
2523,LICI,2025-11-27,896.0,902.0,891.25,899.5,900.25,1688227,15127.09,31154, 1049521, 62.17
2524,LICI,2025-11-28,900.0,902.95,893.25,893.85,894.45,1036390,9293.45,23617, 655314, 63.23
2525,LICI,2025-12-01,896.95,899.85,880.15,883.25,882.1,1065698,9447.6,26225, 650235, 61.01
2526,LICI,2025-12-02,885.0,891.6,882.0,883.0,883.9,1222016,10818.39,22849, 843181, 69.00
2527,LICI,2025-12-03,885.05,888.6,866.3,872.0,868.05,1744252,15208.56,42713, 961076, 55.10
2528,LICI,2025-12-04,871.8,877.55,868.5,877.0,876.65,611037,5344.67,16753, 343431, 56.20
2529,LICI,2025-12-05,875.0,876.9,866.0,871.25,869.9,1082785,9424.66,25817, 651509, 60.17
2530,LODHA,2025-11-06,1222.0,1237.5,1213.9,1231.0,1232.5,1539222,18894.01,39636, 917710, 59.62
2531,LODHA,2025-11-07,1232.5,1233.9,1199.3,1226.9,1226.6,804549,9784.07,38552, 276236, 34.33
2532,LODHA,2025-11-10,1226.1,1232.5,1203.1,1207.0,1206.1,516966,6266.76,17343, 302744, 58.56
2533,LODHA,2025-11-11,1206.1,1225.5,1195.1,1219.2,1221.0,1909398,23085.15,33951, 1453948, 76.15
2534,LODHA,2025-11-12,1221.0,1243.0,1211.4,1215.0,1217.2,2586644,31791.64,34731, 1988810, 76.89
2535,LODHA,2025-11-13,1220.0,1234.8,1215.0,1215.0,1217.6,882806,10807.85,22865, 578455, 65.52
2536,LODHA,2025-11-14,1213.1,1217.0,1201.5,1211.5,1209.5,541800,6545.0,19741, 267437, 49.36
2537,LODHA,2025-11-17,1212.4,1223.0,1210.5,1221.3,1220.3,781591,9534.55,18038, 588326, 75.27
2538,LODHA,2025-11-18,1225.0,1232.0,1186.6,1189.0,1192.0,871832,10515.93,26322, 491712, 56.40
2539,LODHA,2025-11-19,1192.1,1206.4,1176.7,1199.0,1202.0,849225,10181.28,24695, 469182, 55.25
2540,LODHA,2025-11-20,1206.9,1206.9,1191.4,1200.8,1200.8,719624,8622.84,27840, 435257, 60.48
2541,LODHA,2025-11-21,1201.0,1202.0,1161.9,1175.0,1176.8,1730092,20352.69,55379, 1074734, 62.12
2542,LODHA,2025-11-24,1180.0,1181.0,1155.6,1158.9,1159.9,1196025,13905.92,36723, 711521, 59.49
2543,LODHA,2025-11-25,1160.0,1174.6,1156.0,1160.0,1160.2,504998,5867.32,21503, 236883, 46.91
2544,LODHA,2025-11-26,1165.0,1175.0,1157.9,1161.6,1163.6,833164,9697.36,16972, 542050, 65.06
2545,LODHA,2025-11-27,1167.6,1172.0,1151.2,1156.4,1156.6,598418,6940.73,26729, 344792, 57.62
2546,LODHA,2025-11-28,1166.0,1178.6,1145.3,1150.5,1148.2,1536998,17759.83,40344, 614839, 40.00
2547,LODHA,2025-12-01,1156.3,1158.0,1125.1,1126.6,1128.2,684453,7790.34,28669, 428366, 62.59
2548,LODHA,2025-12-02,1127.0,1130.5,1114.5,1119.4,1119.8,1993162,22338.58,43402, 1499296, 75.22
2549,LODHA,2025-12-03,1120.0,1126.0,1100.0,1100.5,1103.9,1062825,11791.24,32501, 712854, 67.07
2550,LODHA,2025-12-04,1105.0,1120.0,1093.6,1107.3,1109.5,962511,10652.66,39927, 561658, 58.35
2551,LODHA,2025-12-05,1113.5,1124.9,1102.0,1108.2,1111.6,727204,8101.34,29777, 315263, 43.35
2552,LT,2025-11-06,3945.0,3978.0,3872.1,3893.0,3881.6,1749063,68310.61,199865, 831032, 47.51
2553,LT,2025-11-07,3877.1,3892.9,3831.1,3882.1,3882.5,1577294,60981.58,88564, 982949, 62.32
2554,LT,2025-11-10,3895.0,3943.8,3894.0,3916.8,3918.5,1397176,54858.46,112929, 804202, 57.56
2555,LT,2025-11-11,3929.0,3966.8,3897.0,3954.0,3955.0,1775462,70019.39,91807, 923586, 52.02
2556,LT,2025-11-12,3970.0,3973.8,3936.9,3955.0,3954.6,981350,38788.37,61125, 671317, 68.41
2557,LT,2025-11-13,3954.6,4022.9,3925.6,4005.0,4002.5,1834962,73282.46,100532, 1197533, 65.26
2558,LT,2025-11-14,4002.0,4011.5,3971.6,4004.0,4004.4,1916910,76570.39,108120, 1379792, 71.98
2559,LT,2025-11-17,4004.4,4030.0,4000.1,4025.0,4027.7,1206133,48451.78,93147, 763641, 63.31
2560,LT,2025-11-18,4020.0,4026.8,3978.9,3998.9,3999.6,1748928,69984.02,104985, 768346, 43.93
2561,LT,2025-11-19,4007.0,4026.5,3980.3,4018.4,4019.6,923032,37024.86,66571, 542129, 58.73
2562,LT,2025-11-20,4035.0,4048.0,4007.7,4035.1,4037.4,1463574,58998.88,107944, 675287, 46.14
2563,LT,2025-11-21,4026.0,4057.0,4015.2,4025.0,4024.9,1241149,50037.41,98448, 705351, 56.83
2564,LT,2025-11-24,4025.0,4038.0,4003.7,4006.5,4013.3,1584741,63654.41,78477, 1141787, 72.05
2565,LT,2025-11-25,4013.0,4055.5,3981.6,3982.2,3996.7,1749083,70367.45,111665, 797907, 45.62
2566,LT,2025-11-26,3999.0,4074.6,3998.0,4060.0,4062.0,2058237,83423.31,144192, 1184804, 57.56
2567,LT,2025-11-27,4071.0,4140.0,4059.6,4080.0,4081.3,2225064,91296.85,160848, 1097959, 49.35
2568,LT,2025-11-28,4085.0,4104.2,4054.7,4080.0,4069.6,1318133,53727.95,112407, 797023, 60.47
2569,LT,2025-12-01,4087.0,4103.4,4050.0,4067.0,4073.2,1251770,50967.99,116745, 720227, 57.54
2570,LT,2025-12-02,4066.5,4088.6,4023.8,4034.9,4030.5,1490917,60246.49,115931, 790822, 53.04
2571,LT,2025-12-03,4032.0,4046.9,3970.1,3995.5,3988.0,1123990,44831.45,93872, 713170, 63.45
2572,LT,2025-12-04,3990.0,4009.2,3961.7,3991.0,3983.6,1026968,40998.91,87986, 577767, 56.26
2573,LT,2025-12-05,3999.0,4048.0,3975.1,4039.0,4038.2,1073758,43231.78,73212, 495467, 46.14
2574,LTF,2025-11-06,279.7,280.65,272.2,275.2,275.2,5515746,15199.98,67721, 2755297, 49.95
2575,LTF,2025-11-07,272.0,305.4,272.0,304.5,303.6,70587337,209543.16,459419, 23198327, 32.86
2576,LTF,2025-11-10,304.0,308.25,300.1,301.05,300.9,8155155,24747.09,82804, 2536749, 31.11
2577,LTF,2025-11-11,300.5,302.45,291.65,296.0,295.05,16005871,47181.63,110977, 7505490, 46.89
2578,LTF,2025-11-12,296.5,301.4,293.9,294.4,294.9,5279025,15656.52,51903, 2437117, 46.17
2579,LTF,2025-11-13,295.1,295.5,291.3,292.0,292.2,3630010,10631.44,40907, 1881373, 51.83
2580,LTF,2025-11-14,291.95,296.75,290.15,294.1,294.15,4821228,14200.08,54787, 2309083, 47.89
2581,LTF,2025-11-17,295.05,301.5,292.95,300.05,299.4,11584288,34611.8,68448, 6408851, 55.32
2582,LTF,2025-11-18,299.9,300.05,295.75,296.95,296.5,4592406,13645.35,64397, 2690063, 58.58
2583,LTF,2025-11-19,296.55,301.6,295.85,297.85,297.65,3905961,11665.11,59042, 1805038, 46.21
2584,LTF,2025-11-20,297.65,298.4,292.0,292.5,292.3,3801781,11163.92,52836, 1897706, 49.92
2585,LTF,2025-11-21,290.2,292.9,288.2,289.0,288.7,5136647,14899.95,99171, 2873804, 55.95
2586,LTF,2025-11-24,288.7,294.6,287.35,292.5,292.55,5328979,15593.33,59104, 2645903, 49.65
2587,LTF,2025-11-25,292.95,298.05,291.7,296.7,296.9,5580342,16518.96,56142, 3068513, 54.99
2588,LTF,2025-11-26,298.0,308.8,297.35,307.4,307.6,11140520,33944.66,77673, 5907480, 53.03
2589,LTF,2025-11-27,308.9,310.05,305.4,308.9,308.25,4988540,15346.36,67341, 2268905, 45.48
2590,LTF,2025-11-28,309.6,315.35,308.5,311.2,312.35,14286349,44574.49,102825, 7919704, 55.44
2591,LTF,2025-12-01,313.75,314.0,307.6,308.7,309.15,3746757,11607.69,64767, 1711439, 45.68
2592,LTF,2025-12-02,309.15,310.9,305.25,306.0,306.05,3419184,10531.84,54990, 1824526, 53.36
2593,LTF,2025-12-03,306.05,308.1,296.6,302.7,302.8,6688481,20145.64,67470, 3299118, 49.33
2594,LTF,2025-12-04,302.7,304.6,299.1,300.0,300.45,3259199,9821.41,57329, 1544765, 47.40
2595,LTF,2025-12-05,299.1,311.15,298.0,310.25,309.6,8154419,24989.31,74811, 3252139, 39.88
2596,LTIM,2025-11-06,5620.0,5681.5,5601.0,5641.0,5652.0,315445,17803.73,28655, 202791, 64.29
2597,LTIM,2025-11-07,5635.0,5638.0,5508.5,5575.0,5567.5,129338,7192.24,19192, 53586, 41.43
2598,LTIM,2025-11-10,5575.0,5695.0,5575.0,5650.0,5643.0,139341,7879.37,20327, 65038, 46.68
2599,LTIM,2025-11-11,5665.0,5725.0,5612.0,5718.0,5710.5,159819,9063.63,17633, 80644, 50.46
2600,LTIM,2025-11-12,5750.0,5910.0,5729.5,5890.0,5893.5,513138,30087.42,68904, 236143, 46.02
2601,LTIM,2025-11-13,5900.0,5906.5,5833.5,5850.0,5847.0,126590,7441.56,21012, 69507, 54.91
2602,LTIM,2025-11-14,5825.0,5844.5,5765.0,5810.0,5809.0,145287,8444.43,17218, 76704, 52.79
2603,LTIM,2025-11-17,5826.0,5875.0,5796.5,5850.0,5848.5,108410,6322.04,16689, 57810, 53.33
2604,LTIM,2025-11-18,5848.0,5862.5,5749.0,5762.5,5756.0,160191,9270.46,22860, 97449, 60.83
2605,LTIM,2025-11-19,5791.0,6039.0,5789.0,5955.0,5972.0,868072,51701.01,64959, 315562, 36.35
2606,LTIM,2025-11-20,6000.0,6091.0,5959.0,6030.0,6027.0,398886,24124.52,52262, 175252, 43.94
2607,LTIM,2025-11-21,5999.5,6014.0,5909.5,5926.0,5926.0,198141,11772.36,28633, 97417, 49.17
2608,LTIM,2025-11-24,5930.0,6025.0,5905.5,5905.5,5922.0,416887,24818.67,54301, 230389, 55.26
2609,LTIM,2025-11-25,5850.0,5918.0,5805.0,5835.0,5833.0,356220,20827.79,44571, 213960, 60.06
2610,LTIM,2025-11-26,5833.0,5902.0,5832.0,5895.0,5890.0,287745,16901.1,32833, 205321, 71.36
2611,LTIM,2025-11-27,5917.0,6049.0,5862.5,6010.5,6025.5,258165,15407.46,32088, 123560, 47.86
2612,LTIM,2025-11-28,6031.0,6124.0,6010.0,6116.0,6096.5,399436,24287.91,42096, 266953, 66.83
2613,LTIM,2025-12-01,6122.0,6172.0,6100.5,6125.0,6152.5,372204,22877.73,32473, 238008, 63.95
2614,LTIM,2025-12-02,6140.0,6176.0,6091.5,6165.5,6164.0,277406,17021.84,20261, 168554, 60.76
2615,LTIM,2025-12-03,6164.0,6216.5,6120.0,6150.0,6159.0,349340,21555.52,32479, 217081, 62.14
2616,LTIM,2025-12-04,6185.0,6289.5,6159.0,6250.0,6266.0,502306,31331.84,72425, 296071, 58.94
2617,LTIM,2025-12-05,6266.0,6380.0,6240.5,6296.5,6292.0,319657,20202.75,38884, 157423, 49.25
2618,LUPIN,2025-11-06,2010.9,2011.0,1944.1,1970.0,1955.5,1405493,27652.68,72169, 743520, 52.90
2619,LUPIN,2025-11-07,1984.0,2002.0,1960.0,1969.0,1971.8,3553381,70366.15,107366, 1004075, 28.26
2620,LUPIN,2025-11-10,1980.1,2028.0,1980.1,1985.0,1990.2,1717376,34469.06,59766, 643950, 37.50
2621,LUPIN,2025-11-11,1998.0,1998.0,1971.6,1980.0,1975.9,1666173,32964.07,67573, 1079070, 64.76
2622,LUPIN,2025-11-12,1983.2,2040.0,1971.8,2038.3,2033.9,1490995,29949.13,47221, 883380, 59.25
2623,LUPIN,2025-11-13,2051.6,2068.3,2033.5,2056.0,2052.9,1386426,28497.71,71888, 831037, 59.94
2624,LUPIN,2025-11-14,2053.9,2069.2,2035.8,2054.7,2055.3,591657,12140.88,37086, 298905, 50.52
2625,LUPIN,2025-11-17,2074.9,2076.6,2043.1,2054.0,2052.1,989649,20365.03,47423, 528889, 53.44
2626,LUPIN,2025-11-18,2064.0,2064.0,2038.3,2050.0,2047.4,1357360,27806.35,54767, 1067558, 78.65
2627,LUPIN,2025-11-19,2055.0,2055.0,2019.7,2025.0,2025.4,684024,13907.18,32294, 478426, 69.94
2628,LUPIN,2025-11-20,2035.0,2042.5,2024.0,2024.0,2030.8,603128,12269.17,39330, 415561, 68.90
2629,LUPIN,2025-11-21,2032.7,2037.9,2021.2,2031.0,2029.4,2372385,48166.36,72542, 2074840, 87.46
2630,LUPIN,2025-11-24,2010.7,2012.2,1983.5,1986.1,1999.6,3126857,62479.6,56783, 2247602, 71.88
2631,LUPIN,2025-11-25,2011.7,2052.5,2001.1,2041.0,2042.3,1446889,29462.7,74330, 719066, 49.70
2632,LUPIN,2025-11-26,2042.3,2074.0,2035.3,2071.0,2071.6,615108,12672.81,37052, 373260, 60.68
2633,LUPIN,2025-11-27,2077.2,2083.9,2060.2,2074.0,2071.4,684337,14179.28,29090, 439593, 64.24
2634,LUPIN,2025-11-28,2074.0,2091.4,2070.4,2080.5,2082.2,822625,17129.19,34651, 608118, 73.92
2635,LUPIN,2025-12-01,2094.9,2107.4,2062.4,2078.8,2081.9,753627,15684.23,31287, 395639, 52.50
2636,LUPIN,2025-12-02,2089.9,2099.9,2074.5,2089.5,2082.7,1195482,24929.96,35182, 855140, 71.53
2637,LUPIN,2025-12-03,2082.7,2102.8,2053.6,2080.0,2080.1,1097912,22822.46,51308, 789144, 71.88
2638,LUPIN,2025-12-04,2086.8,2095.2,2066.3,2088.0,2092.0,696481,14526.6,56646, 481399, 69.12
2639,LUPIN,2025-12-05,2095.0,2105.0,2083.1,2090.0,2098.8,971873,20384.1,44980, 716999, 73.77
2640,M&M,2025-11-06,3625.0,3674.7,3586.3,3615.1,3618.5,4535984,164787.93,236481, 2497541, 55.06
2641,M&M,2025-11-07,3615.6,3718.0,3566.8,3685.0,3690.2,2595934,94943.49,114599, 1497107, 57.67
2642,M&M,2025-11-10,3690.2,3715.8,3645.1,3666.0,3663.9,1620889,59502.69,108575, 927400, 57.22
2643,M&M,2025-11-11,3699.9,3759.0,3670.0,3745.1,3749.1,3044040,113178.14,151361, 1524811, 50.09
2644,M&M,2025-11-12,3761.0,3781.0,3740.0,3740.3,3754.3,1984901,74617.45,122975, 1311813, 66.09
2645,M&M,2025-11-13,3748.2,3754.1,3690.2,3699.4,3699.5,1599079,59533.31,82467, 854417, 53.43
2646,M&M,2025-11-14,3700.0,3716.8,3660.5,3698.0,3698.6,1847028,68232.7,99835, 1226646, 66.41
2647,M&M,2025-11-17,3710.0,3754.5,3682.3,3731.7,3734.9,2094008,78131.21,113027, 1418085, 67.72
2648,M&M,2025-11-18,3718.5,3732.7,3688.0,3699.0,3694.8,2613743,96826.41,80348, 1856129, 71.01
2649,M&M,2025-11-19,3695.0,3746.5,3667.8,3718.0,3722.5,1626043,60477.73,79016, 1072009, 65.93
2650,M&M,2025-11-20,3744.8,3759.0,3711.1,3711.8,3716.7,1815617,67809.2,109216, 1223759, 67.40
2651,M&M,2025-11-21,3730.0,3779.0,3726.0,3747.0,3749.6,3184145,119671.79,133438, 1787061, 56.12
2652,M&M,2025-11-24,3745.1,3749.5,3677.2,3687.0,3690.8,4059935,150144.85,173533, 3019887, 74.38
2653,M&M,2025-11-25,3687.0,3695.8,3653.0,3660.7,3669.3,1714176,63012.03,112437, 966524, 56.38
2654,M&M,2025-11-26,3681.0,3708.0,3669.3,3686.4,3686.4,2116524,78017.11,102699, 1315000, 62.13
2655,M&M,2025-11-27,3701.5,3717.6,3665.0,3679.0,3681.2,1993274,73450.23,125917, 1191871, 59.79
2656,M&M,2025-11-28,3692.0,3768.9,3690.1,3761.0,3757.3,2944457,110415.89,150530, 1578092, 53.60
2657,M&M,2025-12-01,3790.0,3795.0,3730.0,3733.0,3741.6,1830158,68729.04,124425, 987225, 53.94
2658,M&M,2025-12-02,3722.8,3748.0,3705.5,3720.9,3716.5,2285922,85073.26,108543, 1266571, 55.41
2659,M&M,2025-12-03,3736.0,3740.0,3640.0,3649.0,3649.4,2002476,73303.57,111944, 1272068, 63.52
2660,M&M,2025-12-04,3675.0,3678.2,3620.2,3670.0,3671.6,1984001,72666.09,114158, 1316332, 66.35
2661,M&M,2025-12-05,3659.3,3721.5,3642.5,3708.3,3717.1,2393280,88662.06,80840, 1465642, 61.24
2662,MANAPPURAM,2025-11-06,266.8,277.4,266.5,274.0,274.0,9529258,26083.11,64215, 4263144, 44.74
2663,MANAPPURAM,2025-11-07,272.0,274.0,267.95,271.1,270.65,4893893,13272.74,40231, 2521368, 51.52
2664,MANAPPURAM,2025-11-10,271.6,279.55,269.55,278.3,277.95,6026935,16575.1,39343, 2798763, 46.44
2665,MANAPPURAM,2025-11-11,278.55,280.85,274.0,275.7,274.9,3886000,10761.88,31229, 1629255, 41.93
2666,MANAPPURAM,2025-11-12,276.0,277.15,270.75,273.0,274.05,2417862,6621.95,33302, 931147, 38.51
2667,MANAPPURAM,2025-11-13,274.35,277.25,273.2,274.0,273.85,2321527,6378.53,21628, 1011927, 43.59
2668,MANAPPURAM,2025-11-14,278.0,286.3,277.8,281.75,281.15,10797588,30476.73,65330, 2513331, 23.28
2669,MANAPPURAM,2025-11-17,280.9,285.3,277.9,283.0,282.65,2687916,7568.14,22138, 591205, 21.99
2670,MANAPPURAM,2025-11-18,282.6,282.9,278.4,280.05,280.35,2244434,6294.21,19765, 636291, 28.35
2671,MANAPPURAM,2025-11-19,280.35,282.15,275.9,279.5,280.35,2344692,6536.96,28297, 979564, 41.78
2672,MANAPPURAM,2025-11-20,281.0,283.4,279.1,282.25,282.05,2316989,6530.41,16985, 1228200, 53.01
2673,MANAPPURAM,2025-11-21,281.9,281.9,276.55,276.65,277.1,2046853,5705.54,28279, 897870, 43.87
2674,MANAPPURAM,2025-11-24,277.0,280.45,274.25,274.6,275.0,1795640,4987.54,33392, 862622, 48.04
2675,MANAPPURAM,2025-11-25,277.0,279.6,276.35,279.0,279.05,2890631,8038.7,30400, 1475236, 51.04
2676,MANAPPURAM,2025-11-26,279.95,288.5,279.45,288.0,287.8,3733700,10637.96,36395, 1394393, 37.35
2677,MANAPPURAM,2025-11-27,290.95,292.0,283.85,285.9,285.65,2835986,8126.82,24564, 926921, 32.68
2678,MANAPPURAM,2025-11-28,286.05,287.6,282.1,285.55,284.95,2580356,7352.94,20688, 1334817, 51.73
2679,MANAPPURAM,2025-12-01,286.05,289.9,281.5,282.2,282.4,1881580,5351.5,28579, 564864, 30.02
2680,MANAPPURAM,2025-12-02,281.75,282.4,274.55,279.5,278.0,2319622,6437.46,32706, 817374, 35.24
2681,MANAPPURAM,2025-12-03,279.7,279.7,273.35,275.5,275.8,1802773,4975.66,22842, 679840, 37.71
2682,MANAPPURAM,2025-12-04,275.85,276.3,273.0,274.15,274.3,1057552,2900.64,15319, 443308, 41.92
2683,MANAPPURAM,2025-12-05,275.0,280.25,271.6,279.85,279.7,1631977,4519.05,19369, 512027, 31.37
2684,MANKIND,2025-11-06,2375.0,2379.8,2305.3,2310.0,2309.1,486278,11315.24,50166, 309504, 63.65
2685,MANKIND,2025-11-07,2250.0,2302.4,2248.6,2268.0,2261.8,870303,19728.52,49514, 461316, 53.01
2686,MANKIND,2025-11-10,2271.8,2272.5,2222.2,2239.4,2236.6,702898,15740.47,33105, 465992, 66.30
2687,MANKIND,2025-11-11,2237.7,2239.0,2213.2,2220.0,2220.5,428592,9523.53,36062, 322571, 75.26
2688,MANKIND,2025-11-12,2225.0,2293.0,2198.5,2285.0,2270.0,1869027,41807.48,63548, 1391818, 74.47
2689,MANKIND,2025-11-13,2280.9,2293.9,2249.2,2263.6,2257.0,585393,13244.27,42676, 339223, 57.95
2690,MANKIND,2025-11-14,2257.0,2286.7,2252.6,2272.0,2267.1,606234,13742.09,26007, 434791, 71.72
2691,MANKIND,2025-11-17,2280.0,2280.0,2236.0,2244.0,2247.0,292698,6585.76,27248, 195765, 66.88
2692,MANKIND,2025-11-18,2248.2,2249.8,2217.2,2224.0,2226.9,259735,5792.23,25136, 182356, 70.21
2693,MANKIND,2025-11-19,2225.8,2228.2,2206.3,2227.0,2223.1,252790,5609.55,19327, 154915, 61.28
2694,MANKIND,2025-11-20,2239.0,2256.5,2222.9,2238.0,2239.5,1310952,29441.67,16523, 1182358, 90.19
2695,MANKIND,2025-11-21,2234.0,2247.2,2210.0,2241.8,2242.1,563163,12549.9,16331, 434698, 77.19
2696,MANKIND,2025-11-24,2245.0,2245.0,2208.6,2230.0,2222.7,710090,15789.37,24621, 517686, 72.90
2697,MANKIND,2025-11-25,2224.0,2254.7,2219.6,2250.0,2241.9,294127,6585.99,23187, 167571, 56.97
2698,MANKIND,2025-11-26,2250.1,2300.4,2243.7,2260.0,2258.9,591887,13412.95,32576, 379789, 64.17
2699,MANKIND,2025-11-27,2274.0,2274.0,2224.1,2250.0,2249.3,390084,8764.01,33567, 223725, 57.35
2700,MANKIND,2025-11-28,2259.8,2260.7,2235.0,2250.9,2251.0,267030,6008.79,31602, 155450, 58.21
2701,MANKIND,2025-12-01,2260.0,2260.0,2223.0,2236.0,2229.8,498132,11129.84,32927, 373422, 74.96
2702,MANKIND,2025-12-02,2240.1,2243.9,2211.0,2216.0,2216.4,236853,5267.03,16801, 139604, 58.94
2703,MANKIND,2025-12-03,2228.0,2228.0,2178.0,2200.0,2205.6,975772,21434.59,37044, 465044, 47.66
2704,MANKIND,2025-12-04,2208.0,2221.7,2195.1,2207.1,2206.3,409656,9045.63,15135, 299910, 73.21
2705,MANKIND,2025-12-05,2215.7,2215.7,2191.6,2205.0,2205.5,299678,6605.76,16578, 205537, 68.59
2706,MARICO,2025-11-06,715.0,720.5,711.2,712.65,713.15,670236,4788.74,28518, 367229, 54.79
2707,MARICO,2025-11-07,716.0,716.0,705.8,710.2,711.6,453081,3221.77,23541, 239438, 52.85
2708,MARICO,2025-11-10,713.9,720.9,710.45,720.0,719.25,337191,2421.96,20856, 194758, 57.76
2709,MARICO,2025-11-11,718.45,718.45,709.7,713.0,713.0,2399280,17119.09,39814, 1890866, 78.81
2710,MARICO,2025-11-12,713.5,725.1,706.75,719.0,720.95,2394231,17156.85,50716, 1669962, 69.75
2711,MARICO,2025-11-13,720.95,727.15,718.0,722.5,722.0,698548,5041.93,36879, 339265, 48.57
2712,MARICO,2025-11-14,722.0,741.85,712.4,737.95,738.7,2572321,18718.81,50035, 540990, 21.03
2713,MARICO,2025-11-17,753.5,764.65,750.2,758.8,760.7,3726013,28296.67,70805, 1027121, 27.57
2714,MARICO,2025-11-18,757.95,765.3,753.05,754.0,756.45,2300354,17484.41,57437, 1534310, 66.70
2715,MARICO,2025-11-19,753.9,756.4,745.85,752.0,748.15,2500810,18781.02,58230, 1871401, 74.83
2716,MARICO,2025-11-20,748.0,751.9,733.35,737.0,736.15,1605550,11918.72,36770, 1192258, 74.26
2717,MARICO,2025-11-21,733.35,743.0,733.0,736.1,739.9,1754099,12969.4,58890, 1159495, 66.10
2718,MARICO,2025-11-24,740.9,742.9,730.35,734.0,735.95,4028756,29651.87,54988, 2755009, 68.38
2719,MARICO,2025-11-25,735.0,736.15,728.0,728.0,731.35,968184,7087.26,40951, 630741, 65.15
2720,MARICO,2025-11-26,731.05,737.5,727.4,736.6,734.1,1984835,14517.91,32736, 1444806, 72.79
2721,MARICO,2025-11-27,736.4,738.5,720.55,727.0,727.4,1934840,14066.95,51842, 1397024, 72.20
2722,MARICO,2025-11-28,727.4,728.9,715.0,716.3,717.4,1314458,9462.0,43594, 941451, 71.62
2723,MARICO,2025-12-01,717.7,721.35,711.05,718.5,718.95,2277267,16301.79,36801, 1864926, 81.89
2724,MARICO,2025-12-02,720.5,724.1,713.05,715.65,717.35,2439574,17506.32,53790, 1823828, 74.76
2725,MARICO,2025-12-03,717.9,719.65,708.5,709.7,710.65,1403587,9996.66,42073, 1045257, 74.47
2726,MARICO,2025-12-04,711.8,715.55,707.25,714.95,714.65,1425940,10164.0,39244, 1057898, 74.19
2727,MARICO,2025-12-05,716.0,737.8,713.05,736.0,736.65,2651174,19312.01,61816, 1540627, 58.11
2728,MARUTI,2025-11-06,15534.0,15534.0,15309.0,15449.0,15452.0,429800,66335.79,80278, 249725, 58.10
2729,MARUTI,2025-11-07,15459.0,15499.0,15260.0,15490.0,15479.0,227247,34979.86,47159, 119738, 52.69
2730,MARUTI,2025-11-10,15380.0,15647.0,15380.0,15600.0,15583.0,274191,42601.96,51294, 138591, 50.55
2731,MARUTI,2025-11-11,15640.0,15680.0,15512.0,15651.0,15645.0,181524,28342.2,42423, 98901, 54.48
2732,MARUTI,2025-11-12,15674.0,15731.0,15555.0,15654.0,15696.0,244015,38230.17,41126, 133749, 54.81
2733,MARUTI,2025-11-13,15661.0,15800.0,15660.0,15725.0,15749.0,250711,39473.86,43187, 140874, 56.19
2734,MARUTI,2025-11-14,15725.0,15735.0,15572.0,15708.0,15684.0,253698,39704.45,43613, 143933, 56.73
2735,MARUTI,2025-11-17,15689.0,15892.0,15655.0,15889.0,15878.0,301069,47646.86,39462, 173126, 57.50
2736,MARUTI,2025-11-18,15878.0,15999.0,15750.0,15919.0,15930.0,392903,62543.53,40550, 265985, 67.70
2737,MARUTI,2025-11-19,15950.0,15950.0,15715.0,15740.0,15768.0,286434,45255.64,49334, 178772, 62.41
2738,MARUTI,2025-11-20,15810.0,15823.0,15618.0,15822.0,15801.0,249492,39272.46,49594, 149858, 60.07
2739,MARUTI,2025-11-21,15790.0,16150.0,15737.0,16010.0,15977.0,586351,93742.65,66516, 321918, 54.90
2740,MARUTI,2025-11-24,16005.0,16085.0,15911.0,15926.0,15958.0,525788,84015.76,65816, 405050, 77.04
2741,MARUTI,2025-11-25,15958.0,16050.0,15842.0,15910.0,15889.0,214525,34232.51,43693, 117032, 54.55
2742,MARUTI,2025-11-26,15950.0,16210.0,15950.0,16140.0,16156.0,314946,50747.48,63775, 185011, 58.74
2743,MARUTI,2025-11-27,16166.0,16171.0,15875.0,15912.0,15903.0,339986,54409.81,71283, 227972, 67.05
2744,MARUTI,2025-11-28,15906.0,16049.0,15850.0,15890.0,15900.0,352340,56114.45,61014, 252632, 71.70
2745,MARUTI,2025-12-01,15975.0,16177.0,15851.0,16125.0,16097.0,434052,69550.24,72923, 248205, 57.18
2746,MARUTI,2025-12-02,16127.0,16261.0,16095.0,16245.0,16239.0,383165,62057.47,64843, 228977, 59.76
2747,MARUTI,2025-12-03,16219.0,16248.0,16010.0,16075.0,16082.0,264397,42524.23,46875, 158937, 60.11
2748,MARUTI,2025-12-04,16058.0,16135.0,15887.0,15979.0,15994.0,248812,39771.56,43223, 151920, 61.06
2749,MARUTI,2025-12-05,16000.0,16338.0,15979.0,16300.0,16282.0,332032,53770.79,48006, 184539, 55.58
2750,MAXHEALTH,2025-11-06,1119.1,1146.9,1118.5,1128.8,1125.4,2545462,28742.2,75610, 1539630, 60.49
2751,MAXHEALTH,2025-11-07,1126.0,1141.5,1120.1,1136.1,1135.3,1796900,20275.69,52265, 1005998, 55.99
2752,MAXHEALTH,2025-11-10,1141.3,1141.3,1096.4,1099.8,1098.0,1933973,21484.86,56577, 1163849, 60.18
2753,MAXHEALTH,2025-11-11,1103.3,1109.1,1081.9,1096.5,1095.4,1779188,19415.79,72826, 1138353, 63.98
2754,MAXHEALTH,2025-11-12,1124.9,1124.9,1075.1,1109.9,1103.6,4463966,48926.0,126995, 2195690, 49.19
2755,MAXHEALTH,2025-11-13,1103.9,1110.8,1090.6,1098.7,1098.0,1468268,16177.03,53687, 830296, 56.55
2756,MAXHEALTH,2025-11-14,1093.7,1106.4,1085.3,1101.9,1103.1,1658556,18238.88,57388, 1022715, 61.66
2757,MAXHEALTH,2025-11-17,1105.0,1124.8,1091.7,1122.2,1121.6,5102278,56644.43,122991, 2745150, 53.80
2758,MAXHEALTH,2025-11-18,1141.4,1144.6,1112.0,1115.2,1116.7,5778653,64934.6,98585, 3312236, 57.32
2759,MAXHEALTH,2025-11-19,1115.0,1170.4,1104.9,1164.7,1164.4,5964536,68817.83,137064, 3611884, 60.56
2760,MAXHEALTH,2025-11-20,1166.0,1172.0,1147.9,1168.8,1168.9,2784798,32320.01,55321, 1781721, 63.98
2761,MAXHEALTH,2025-11-21,1160.0,1183.9,1160.0,1179.1,1181.1,2258525,26558.87,94641, 1418285, 62.80
2762,MAXHEALTH,2025-11-24,1183.9,1185.4,1150.1,1153.1,1155.8,2825309,32844.92,73671, 1805773, 63.91
2763,MAXHEALTH,2025-11-25,1169.0,1181.9,1151.1,1152.0,1158.1,1966712,22882.02,67531, 1057260, 53.76
2764,MAXHEALTH,2025-11-26,1158.3,1171.9,1154.7,1162.0,1162.6,1121189,13055.08,61648, 634609, 56.60
2765,MAXHEALTH,2025-11-27,1171.6,1171.7,1155.5,1161.4,1161.8,1423021,16526.82,60505, 844852, 59.37
2766,MAXHEALTH,2025-11-28,1156.1,1170.0,1153.1,1162.2,1162.8,1637243,19049.71,72020, 1204623, 73.58
2767,MAXHEALTH,2025-12-01,1164.0,1167.4,1117.0,1131.8,1125.4,3436348,39085.75,86334, 2244600, 65.32
2768,MAXHEALTH,2025-12-02,1125.4,1133.2,1113.0,1119.0,1117.5,2206424,24676.14,76288, 1533845, 69.52
2769,MAXHEALTH,2025-12-03,1118.0,1120.9,1077.0,1085.0,1086.0,3801039,41468.26,81856, 2411499, 63.44
2770,MAXHEALTH,2025-12-04,1087.0,1090.0,1070.1,1081.2,1083.9,3037781,32739.21,75109, 1911895, 62.94
2771,MAXHEALTH,2025-12-05,1083.9,1100.0,1075.0,1100.0,1097.4,1799777,19632.76,52654, 1129602, 62.76
2772,MAZDOCK,2025-11-06,2682.0,2697.3,2618.5,2628.0,2630.5,885242,23395.95,64345, 278510, 31.46
2773,MAZDOCK,2025-11-07,2618.0,2681.7,2582.8,2670.0,2670.3,985709,25943.62,55163, 194717, 19.75
2774,MAZDOCK,2025-11-10,2673.9,2743.8,2660.0,2705.0,2705.6,1139454,30961.42,56351, 194994, 17.11
2775,MAZDOCK,2025-11-11,2710.0,2758.0,2707.1,2753.3,2752.5,1029770,28232.49,47520, 278541, 27.05
2776,MAZDOCK,2025-11-12,2762.0,2794.9,2733.6,2754.0,2757.7,920970,25465.81,42927, 234972, 25.51
2777,MAZDOCK,2025-11-13,2745.0,2777.0,2725.0,2740.0,2736.0,607180,16675.58,34795, 204078, 33.61
2778,MAZDOCK,2025-11-14,2732.0,2797.0,2727.9,2785.0,2782.1,1153814,32021.64,52754, 279967, 24.26
2779,MAZDOCK,2025-11-17,2795.0,2827.0,2782.1,2802.0,2800.5,1140125,32002.14,49742, 320908, 28.15
2780,MAZDOCK,2025-11-18,2800.5,2818.0,2772.0,2799.0,2799.3,711021,19899.11,31327, 178341, 25.08
2781,MAZDOCK,2025-11-19,2796.0,2798.0,2765.0,2780.0,2783.4,447300,12426.58,24979, 105500, 23.59
2782,MAZDOCK,2025-11-20,2780.0,2848.0,2775.8,2831.0,2829.5,1653665,46803.05,61871, 510319, 30.86
2783,MAZDOCK,2025-11-21,2830.0,2830.0,2737.0,2742.0,2745.2,988634,27399.7,46835, 368378, 37.26
2784,MAZDOCK,2025-11-24,2725.0,2730.9,2681.6,2688.2,2686.1,615558,16650.9,36396, 202901, 32.96
2785,MAZDOCK,2025-11-25,2686.1,2703.0,2640.0,2650.0,2643.0,760974,20295.28,41857, 247024, 32.46
2786,MAZDOCK,2025-11-26,2650.0,2700.0,2650.0,2695.0,2696.5,503194,13489.27,26686, 174721, 34.72
2787,MAZDOCK,2025-11-27,2703.5,2721.6,2666.1,2673.0,2677.4,500827,13479.97,29051, 152714, 30.49
2788,MAZDOCK,2025-11-28,2673.0,2699.0,2661.0,2677.9,2679.6,412097,11050.56,24367, 107561, 26.10
2789,MAZDOCK,2025-12-01,2689.4,2702.0,2663.1,2668.9,2672.2,473965,12689.47,32768, 153277, 32.34
2790,MAZDOCK,2025-12-02,2668.9,2681.9,2640.0,2653.9,2651.2,366212,9721.41,25528, 125736, 34.33
2791,MAZDOCK,2025-12-03,2650.0,2659.9,2610.0,2617.5,2617.2,434911,11414.57,29181, 150035, 34.50
2792,MAZDOCK,2025-12-04,2618.0,2665.0,2580.0,2659.4,2641.2,718508,18801.73,36186, 163879, 22.81
2793,MAZDOCK,2025-12-05,2649.9,2671.8,2601.0,2616.0,2616.3,669126,17545.35,37184, 164285, 24.55
2794,MCX,2025-11-06,9385.0,9405.0,9173.5,9233.0,9250.5,462012,42847.45,65127, 172043, 37.24
2795,MCX,2025-11-07,9045.0,9505.0,8810.5,9420.0,9430.5,1263077,116995.12,104027, 299567, 23.72
2796,MCX,2025-11-10,9420.0,9585.5,9327.5,9529.5,9530.5,477313,45301.96,50322, 124214, 26.02
2797,MCX,2025-11-11,9550.5,9764.0,9431.0,9480.0,9495.0,723848,69305.66,68595, 203667, 28.14
2798,MCX,2025-11-12,9550.0,9599.0,9378.5,9430.0,9432.0,471381,44667.65,46340, 150021, 31.83
2799,MCX,2025-11-13,9485.0,9723.0,9465.0,9600.0,9597.0,617697,59494.58,64758, 122559, 19.84
2800,MCX,2025-11-14,9575.0,9744.0,9439.5,9665.0,9666.5,442979,42672.61,44086, 100021, 22.58
2801,MCX,2025-11-17,9718.0,9795.0,9640.0,9700.0,9698.0,366759,35632.03,42328, 87132, 23.76
2802,MCX,2025-11-18,9748.0,9748.0,9607.0,9669.0,9665.0,342564,33184.15,34963, 97378, 28.43
2803,MCX,2025-11-19,9665.0,9839.0,9650.0,9808.5,9799.0,477308,46673.93,48307, 148655, 31.14
2804,MCX,2025-11-20,9866.0,9975.0,9810.0,9858.5,9858.5,537216,53145.29,51251, 182228, 33.92
2805,MCX,2025-11-21,9825.0,9850.0,9649.5,9700.0,9683.0,398161,38754.6,38783, 153062, 38.44
2806,MCX,2025-11-24,9710.5,9889.5,9655.0,9850.0,9865.5,449855,44213.94,45729, 159631, 35.48
2807,MCX,2025-11-25,9900.0,9955.0,9816.0,9888.0,9867.0,301328,29792.98,30473, 75378, 25.02
2808,MCX,2025-11-26,9888.0,10311.0,9881.0,10310.5,10283.0,810234,82483.21,73441, 211768, 26.14
2809,MCX,2025-11-27,10310.5,10471.5,10258.5,10431.0,10424.5,568790,58984.6,59112, 137265, 24.13
2810,MCX,2025-11-28,10430.0,10460.0,9951.0,10103.0,10073.5,918982,92843.02,101774, 291840, 31.76
2811,MCX,2025-12-01,10200.0,10308.0,10137.0,10214.0,10210.0,427516,43715.41,58654, 135561, 31.71
2812,MCX,2025-12-02,10214.0,10350.0,10180.0,10218.0,10219.0,325994,33466.19,36527, 130001, 39.88
2813,MCX,2025-12-03,10225.0,10348.0,10037.0,10154.0,10138.0,494222,50512.2,58211, 194347, 39.32
2814,MCX,2025-12-04,10219.0,10308.0,9982.0,10110.0,10121.0,682735,69035.28,90768, 198708, 29.10
2815,MCX,2025-12-05,10134.0,10359.0,10134.0,10339.0,10343.0,396553,40681.79,45447, 131502, 33.16
2816,MFSL,2025-11-06,1604.8,1612.0,1581.2,1581.2,1584.2,471640,7548.36,24590, 248452, 52.68
2817,MFSL,2025-11-07,1576.2,1633.8,1562.1,1620.2,1618.1,352093,5668.29,22444, 165680, 47.06
2818,MFSL,2025-11-10,1625.1,1638.0,1612.4,1620.0,1619.1,466129,7581.96,20908, 285971, 61.35
2819,MFSL,2025-11-11,1634.0,1642.0,1600.3,1640.0,1635.5,693696,11223.79,32833, 449938, 64.86
2820,MFSL,2025-11-12,1600.0,1727.7,1600.0,1718.8,1718.8,4176641,70626.57,132384, 1521284, 36.42
2821,MFSL,2025-11-13,1718.8,1729.9,1691.8,1705.1,1707.4,658661,11269.02,46997, 292199, 44.36
2822,MFSL,2025-11-14,1707.4,1707.6,1662.0,1682.6,1673.4,688238,11562.78,28075, 426044, 61.90
2823,MFSL,2025-11-17,1688.0,1707.9,1678.1,1699.1,1698.3,698271,11795.31,36411, 407533, 58.36
2824,MFSL,2025-11-18,1702.0,1707.1,1677.5,1679.5,1679.8,719728,12114.37,28335, 496495, 68.98
2825,MFSL,2025-11-19,1676.0,1688.5,1656.0,1670.3,1668.0,609918,10143.53,17992, 476115, 78.06
2826,MFSL,2025-11-20,1677.0,1701.7,1660.5,1699.0,1692.6,514684,8689.82,30334, 231664, 45.01
2827,MFSL,2025-11-21,1700.0,1717.2,1646.4,1660.9,1661.5,817662,13677.3,47746, 252083, 30.83
2828,MFSL,2025-11-24,1669.8,1686.0,1639.8,1682.0,1679.6,1130095,18823.89,55144, 663093, 58.68
2829,MFSL,2025-11-25,1682.0,1702.7,1670.1,1697.3,1697.9,814292,13755.47,52352, 573821, 70.47
2830,MFSL,2025-11-26,1710.0,1740.8,1704.9,1738.0,1736.7,827564,14272.77,39895, 429284, 51.87
2831,MFSL,2025-11-27,1747.0,1751.4,1724.1,1733.0,1728.4,593016,10267.2,38366, 347458, 58.59
2832,MFSL,2025-11-28,1735.8,1750.0,1693.2,1702.0,1702.1,275775,4720.59,31243, 136920, 49.65
2833,MFSL,2025-12-01,1709.6,1717.7,1702.2,1717.7,1713.4,171625,2933.56,20327, 89224, 51.99
2834,MFSL,2025-12-02,1715.0,1717.4,1670.0,1687.8,1691.8,506292,8535.64,28755, 251781, 49.73
2835,MFSL,2025-12-03,1688.0,1693.8,1661.5,1665.0,1664.8,276739,4614.7,19617, 175721, 63.50
2836,MFSL,2025-12-04,1661.1,1693.5,1648.2,1685.0,1689.4,529661,8892.65,35177, 317587, 59.96
2837,MFSL,2025-12-05,1685.0,1694.8,1665.7,1691.9,1690.2,415985,7006.85,29382, 259940, 62.49
2838,MOTHERSON,2025-11-06,104.49,105.07,102.08,104.01,103.92,11443281,11894.29,60996, 5732599, 50.10
2839,MOTHERSON,2025-11-07,103.92,104.27,102.35,104.27,103.8,8431755,8723.13,48171, 3210734, 38.08
2840,MOTHERSON,2025-11-10,103.75,104.27,102.18,102.35,102.55,18067302,18640.49,58069, 10874253, 60.19
2841,MOTHERSON,2025-11-11,102.65,105.98,101.08,105.8,105.46,20357785,21060.24,75587, 9905445, 48.66
2842,MOTHERSON,2025-11-12,105.9,106.85,104.51,105.82,105.92,26930415,28408.22,61652, 15545225, 57.72
2843,MOTHERSON,2025-11-13,106.3,111.75,103.89,111.6,109.13,45246799,48731.98,103436, 16985835, 37.54
2844,MOTHERSON,2025-11-14,111.31,113.47,108.8,109.71,109.84,68460187,76041.11,232555, 28865754, 42.16
2845,MOTHERSON,2025-11-17,109.85,110.7,109.06,110.2,110.02,12995776,14276.02,71457, 5407506, 41.61
2846,MOTHERSON,2025-11-18,110.0,110.4,108.14,108.91,108.96,9891961,10806.87,43088, 4328326, 43.76
2847,MOTHERSON,2025-11-19,108.91,112.99,108.45,112.14,112.16,33900889,37937.34,133994, 10093541, 29.77
2848,MOTHERSON,2025-11-20,112.75,113.39,111.39,112.0,112.0,15140498,17010.91,63784, 6444248, 42.56
2849,MOTHERSON,2025-11-21,111.97,112.5,109.49,109.87,109.8,12406270,13753.89,43178, 6195856, 49.94
2850,MOTHERSON,2025-11-24,109.8,110.5,108.86,109.2,109.22,59352567,64857.63,63201, 43293311, 72.94
2851,MOTHERSON,2025-11-25,109.22,110.96,108.71,110.08,110.21,13551413,14940.8,97359, 7439429, 54.90
2852,MOTHERSON,2025-11-26,110.21,112.0,109.9,111.77,111.81,13388286,14925.9,111666, 7551396, 56.40
2853,MOTHERSON,2025-11-27,112.0,116.35,111.83,116.25,116.13,42435479,48839.53,138703, 19484920, 45.92
2854,MOTHERSON,2025-11-28,116.64,117.7,115.65,116.35,116.31,22765742,26556.06,80755, 10610367, 46.61
2855,MOTHERSON,2025-12-01,116.5,118.02,115.24,116.28,116.55,14172449,16509.13,55596, 6152100, 43.41
2856,MOTHERSON,2025-12-02,115.5,119.6,115.46,118.91,119.26,31242759,36966.64,90768, 14686389, 47.01
2857,MOTHERSON,2025-12-03,119.0,119.14,115.99,116.67,116.57,23947588,28022.19,96693, 13485814, 56.31
2858,MOTHERSON,2025-12-04,116.57,118.11,116.46,117.34,117.56,14828624,17408.86,76590, 8388837, 56.57
2859,MOTHERSON,2025-12-05,117.5,118.27,116.48,116.75,117.05,8681992,10180.32,46597, 4092080, 47.13
2860,MPHASIS,2025-11-06,2763.9,2786.0,2743.6,2772.0,2773.9,354396,9811.28,24873, 190504, 53.75
2861,MPHASIS,2025-11-07,2761.0,2764.8,2705.3,2734.9,2736.0,268774,7354.88,21725, 136636, 50.84
2862,MPHASIS,2025-11-10,2736.0,2804.0,2726.6,2775.0,2776.2,430038,11952.55,38534, 118456, 27.55
2863,MPHASIS,2025-11-11,2785.0,2798.9,2758.5,2788.0,2777.5,590878,16397.35,22951, 453701, 76.78
2864,MPHASIS,2025-11-12,2795.0,2859.0,2788.0,2835.5,2825.8,558402,15861.77,40299, 279257, 50.01
2865,MPHASIS,2025-11-13,2835.9,2843.9,2801.1,2815.1,2822.0,312058,8812.97,23498, 164501, 52.71
2866,MPHASIS,2025-11-14,2790.0,2814.0,2744.1,2772.0,2772.1,430174,11920.02,33185, 213034, 49.52
2867,MPHASIS,2025-11-17,2785.9,2798.9,2676.9,2682.0,2688.7,794655,21520.36,42410, 390430, 49.13
2868,MPHASIS,2025-11-18,2651.0,2708.0,2626.8,2663.0,2658.5,4967271,132074.01,89794, 2259076, 45.48
2869,MPHASIS,2025-11-19,2674.5,2725.9,2665.4,2710.0,2713.7,814207,22043.28,42122, 365709, 44.92
2870,MPHASIS,2025-11-20,2736.8,2758.9,2702.9,2745.0,2740.4,1216126,33302.34,49031, 787209, 64.73
2871,MPHASIS,2025-11-21,2734.9,2777.2,2713.5,2733.7,2747.1,2115723,58140.39,57905, 1204387, 56.93
2872,MPHASIS,2025-11-24,2757.1,2821.6,2751.7,2772.8,2765.3,1388293,38683.54,76207, 641107, 46.18
2873,MPHASIS,2025-11-25,2782.9,2809.0,2760.0,2794.0,2797.2,599773,16694.09,31934, 317590, 52.95
2874,MPHASIS,2025-11-26,2802.3,2820.9,2775.9,2799.0,2800.2,671295,18801.99,30697, 399366, 59.49
2875,MPHASIS,2025-11-27,2810.0,2827.0,2783.0,2798.0,2791.5,683457,19156.67,36663, 403292, 59.01
2876,MPHASIS,2025-11-28,2805.1,2819.5,2787.3,2809.0,2811.4,295505,8289.03,21992, 183392, 62.06
2877,MPHASIS,2025-12-01,2822.0,2842.6,2809.9,2826.2,2832.3,312556,8835.94,34156, 169274, 54.16
2878,MPHASIS,2025-12-02,2820.1,2849.0,2810.0,2846.0,2838.1,309489,8763.12,27490, 169930, 54.91
2879,MPHASIS,2025-12-03,2838.1,2875.0,2829.3,2862.0,2861.0,474601,13561.56,29681, 225359, 47.48
2880,MPHASIS,2025-12-04,2865.0,2933.1,2865.0,2911.0,2908.4,866476,25232.05,53205, 434051, 50.09
2881,MPHASIS,2025-12-05,2911.9,2968.9,2911.9,2946.5,2953.6,810701,23889.18,46227, 434404, 53.58
2882,MUTHOOTFIN,2025-11-06,3188.3,3228.0,3164.9,3180.0,3183.8,375247,11982.33,36163, 218081, 58.12
2883,MUTHOOTFIN,2025-11-07,3161.0,3238.4,3145.2,3223.0,3230.0,397869,12766.52,36365, 184341, 46.33
2884,MUTHOOTFIN,2025-11-10,3245.0,3335.0,3220.3,3325.0,3328.2,452157,14852.7,37618, 194624, 43.04
2885,MUTHOOTFIN,2025-11-11,3350.0,3398.0,3316.6,3378.0,3389.3,468605,15733.06,37372, 163372, 34.86
2886,MUTHOOTFIN,2025-11-12,3389.3,3389.3,3305.0,3324.6,3324.9,349779,11639.44,39755, 126241, 36.09
2887,MUTHOOTFIN,2025-11-13,3325.0,3406.8,3307.2,3400.0,3393.1,509408,17214.49,38434, 185283, 36.37
2888,MUTHOOTFIN,2025-11-14,3650.0,3755.0,3580.0,3730.0,3725.6,4743416,175857.28,186456, 677038, 14.27
2889,MUTHOOTFIN,2025-11-17,3725.6,3767.8,3701.0,3746.8,3760.5,1176503,43980.16,57639, 517785, 44.01
2890,MUTHOOTFIN,2025-11-18,3680.1,3748.1,3680.1,3692.1,3695.9,525413,19477.8,64368, 291544, 55.49
2891,MUTHOOTFIN,2025-11-19,3692.1,3709.8,3676.5,3705.0,3701.7,314805,11631.1,49279, 166587, 52.92
2892,MUTHOOTFIN,2025-11-20,3709.2,3726.3,3692.6,3700.5,3697.5,307177,11388.89,50245, 172907, 56.29
2893,MUTHOOTFIN,2025-11-21,3693.0,3698.0,3630.6,3641.9,3636.0,290515,10627.58,40712, 127650, 43.94
2894,MUTHOOTFIN,2025-11-24,3636.0,3650.0,3594.4,3601.0,3614.4,489543,17719.22,27596, 331219, 67.66
2895,MUTHOOTFIN,2025-11-25,3638.0,3697.9,3625.0,3697.9,3681.4,639146,23474.17,49558, 263032, 41.15
2896,MUTHOOTFIN,2025-11-26,3709.9,3735.0,3690.0,3728.1,3725.6,334780,12415.17,31253, 183659, 54.86
2897,MUTHOOTFIN,2025-11-27,3725.6,3773.9,3725.6,3753.0,3760.5,382058,14352.7,46272, 194279, 50.85
2898,MUTHOOTFIN,2025-11-28,3765.0,3772.5,3731.5,3739.9,3744.2,356642,13378.73,40534, 202462, 56.77
2899,MUTHOOTFIN,2025-12-01,3779.0,3833.0,3770.0,3810.0,3811.1,453900,17281.65,44790, 211544, 46.61
2900,MUTHOOTFIN,2025-12-02,3800.0,3827.4,3765.2,3785.0,3779.9,353585,13411.19,40411, 202632, 57.31
2901,MUTHOOTFIN,2025-12-03,3795.0,3795.0,3709.2,3758.9,3763.4,287386,10775.07,38098, 136446, 47.48
2902,MUTHOOTFIN,2025-12-04,3770.0,3778.5,3688.3,3700.0,3702.0,330361,12299.47,42911, 193116, 58.46
2903,MUTHOOTFIN,2025-12-05,3702.0,3807.0,3702.0,3791.8,3800.1,328682,12388.76,35055, 104429, 31.77
2904,NATIONALUM,2025-11-06,233.27,233.3,228.03,230.81,230.59,6052538,13941.07,53189, 2406841, 39.77
2905,NATIONALUM,2025-11-07,228.0,238.1,228.0,234.61,234.73,12249764,28707.18,61553, 5133685, 41.91
2906,NATIONALUM,2025-11-10,241.15,259.64,241.15,257.29,257.36,72663239,184756.88,327479, 17069669, 23.49
2907,NATIONALUM,2025-11-11,258.0,266.4,256.26,265.5,265.66,36187656,95318.43,236599, 11862012, 32.78
2908,NATIONALUM,2025-11-12,265.5,269.25,264.2,266.1,266.95,17311954,46223.42,101280, 7606825, 43.94
2909,NATIONALUM,2025-11-13,267.0,271.89,266.11,268.4,268.67,13490312,36353.4,101498, 6149718, 45.59
2910,NATIONALUM,2025-11-14,263.2,267.68,260.18,263.49,262.57,10276305,27025.94,73447, 4205267, 40.92
2911,NATIONALUM,2025-11-17,262.5,264.3,259.06,261.38,260.76,7951795,20814.24,59885, 2940731, 36.98
2912,NATIONALUM,2025-11-18,259.0,259.0,254.96,257.3,257.3,10067138,25849.16,88264, 5288781, 52.54
2913,NATIONALUM,2025-11-19,257.0,260.1,254.7,257.19,256.6,8673115,22287.18,68013, 3843501, 44.32
2914,NATIONALUM,2025-11-20,258.5,262.15,256.46,258.65,257.62,10392121,26947.84,92129, 4437406, 42.70
2915,NATIONALUM,2025-11-21,255.98,256.57,249.78,250.48,250.68,6895899,17445.64,84282, 3879998, 56.27
2916,NATIONALUM,2025-11-24,250.66,254.15,249.4,250.72,251.06,9372498,23564.6,62964, 5251639, 56.03
2917,NATIONALUM,2025-11-25,252.0,255.75,251.4,254.4,253.97,7543168,19147.3,64049, 3278061, 43.46
2918,NATIONALUM,2025-11-26,255.5,259.43,255.11,258.03,258.18,8640403,22274.6,76228, 3777666, 43.72
2919,NATIONALUM,2025-11-27,259.6,265.51,259.6,261.0,261.33,9372072,24590.3,100742, 2385126, 25.45
2920,NATIONALUM,2025-11-28,262.65,264.65,259.57,260.4,259.98,7387530,19320.99,56472, 3155780, 42.72
2921,NATIONALUM,2025-12-01,264.1,267.5,262.5,264.2,263.8,12442220,32989.68,78316, 4266098, 34.29
2922,NATIONALUM,2025-12-02,266.0,268.25,264.15,265.0,265.15,10847037,28831.81,56476, 5770219, 53.20
2923,NATIONALUM,2025-12-03,265.8,268.0,261.85,267.85,266.5,10320888,27386.92,77212, 6026422, 58.39
2924,NATIONALUM,2025-12-04,268.0,270.25,267.25,269.2,269.25,10377125,27912.74,67361, 5388902, 51.93
2925,NATIONALUM,2025-12-05,269.25,274.5,266.65,273.25,273.15,10796032,29362.98,72259, 3752175, 34.76
2926,NAUKRI,2025-11-06,1325.1,1350.1,1317.3,1327.0,1326.8,855886,11391.29,50988, 527761, 61.66
2927,NAUKRI,2025-11-07,1321.0,1358.3,1302.1,1344.5,1345.4,1077290,14303.48,46856, 640805, 59.48
2928,NAUKRI,2025-11-10,1340.0,1353.0,1330.8,1348.0,1342.4,689807,9253.01,28136, 402342, 58.33
2929,NAUKRI,2025-11-11,1349.0,1349.7,1327.0,1344.0,1341.0,565605,7553.42,27902, 358259, 63.34
2930,NAUKRI,2025-11-12,1347.6,1382.5,1341.3,1375.8,1376.4,1917141,26111.67,53178, 746332, 38.93
2931,NAUKRI,2025-11-13,1382.5,1384.0,1331.6,1347.0,1347.3,1870419,25289.62,75563, 939602, 50.23
2932,NAUKRI,2025-11-14,1345.0,1354.9,1311.5,1323.0,1323.5,1323927,17561.89,53088, 865596, 65.38
2933,NAUKRI,2025-11-17,1329.0,1337.9,1321.0,1334.1,1332.2,803936,10676.23,36298, 445794, 55.45
2934,NAUKRI,2025-11-18,1332.2,1333.6,1311.1,1322.0,1324.9,561417,7422.1,23849, 306006, 54.51
2935,NAUKRI,2025-11-19,1324.9,1364.0,1318.0,1363.2,1362.2,862715,11638.06,43339, 491587, 56.98
2936,NAUKRI,2025-11-20,1374.0,1374.0,1356.8,1367.5,1365.4,729780,9968.66,33081, 484172, 66.34
2937,NAUKRI,2025-11-21,1364.0,1364.0,1333.0,1335.0,1340.4,792639,10683.16,29168, 505460, 63.77
2938,NAUKRI,2025-11-24,1340.9,1365.6,1332.8,1338.0,1346.3,1774967,23934.99,50044, 1137223, 64.07
2939,NAUKRI,2025-11-25,1351.9,1351.9,1325.2,1335.0,1332.0,608562,8133.3,35164, 414081, 68.04
2940,NAUKRI,2025-11-26,1330.0,1354.2,1325.3,1340.0,1341.5,590377,7920.89,27167, 367476, 62.24
2941,NAUKRI,2025-11-27,1347.0,1348.0,1315.6,1338.2,1339.4,977874,13017.04,36668, 491605, 50.27
2942,NAUKRI,2025-11-28,1339.4,1339.4,1320.1,1330.8,1330.2,655737,8707.98,37660, 426656, 65.07
2943,NAUKRI,2025-12-01,1326.4,1369.0,1326.4,1361.0,1365.1,939714,12699.14,40340, 553259, 58.88
2944,NAUKRI,2025-12-02,1375.0,1402.8,1354.2,1386.0,1386.6,2136679,29654.41,76636, 805883, 37.72
2945,NAUKRI,2025-12-03,1374.0,1389.8,1361.5,1377.1,1377.2,628631,8643.05,25479, 317533, 50.51
2946,NAUKRI,2025-12-04,1371.4,1401.0,1371.3,1394.6,1396.2,1390101,19365.92,60316, 907546, 65.29
2947,NAUKRI,2025-12-05,1396.9,1398.8,1382.2,1387.5,1388.7,437945,6085.07,23286, 241037, 55.04
2948,NBCC,2025-11-06,113.94,115.05,111.1,111.25,111.44,5870038,6617.13,35364, 2203914, 37.55
2949,NBCC,2025-11-07,110.59,114.07,110.3,113.46,113.39,7763252,8721.61,35275, 2148159, 27.67
2950,NBCC,2025-11-10,113.6,114.43,112.22,113.28,113.19,5382984,6098.93,32097, 1724036, 32.03
2951,NBCC,2025-11-11,113.5,113.95,110.81,113.6,113.59,6082457,6841.87,33429, 2395259, 39.38
2952,NBCC,2025-11-12,113.99,115.1,111.8,111.99,112.06,6197092,6992.42,30728, 2545626, 41.08
2953,NBCC,2025-11-13,112.06,113.5,108.3,108.58,108.98,16615090,18418.21,64571, 5540163, 33.34
2954,NBCC,2025-11-14,110.0,116.6,108.31,114.44,114.14,37966431,43019.42,105921, 7254796, 19.11
2955,NBCC,2025-11-17,114.7,117.5,113.7,116.95,116.82,15262875,17670.85,52541, 5046551, 33.06
2956,NBCC,2025-11-18,116.95,117.4,114.8,115.05,114.96,9444590,10970.55,38699, 2872846, 30.42
2957,NBCC,2025-11-19,114.57,114.84,112.55,112.9,113.04,6455676,7315.02,29074, 1862738, 28.85
2958,NBCC,2025-11-20,116.0,117.55,113.8,115.8,115.99,40833678,47326.79,118463, 6041128, 14.79
2959,NBCC,2025-11-21,115.5,115.5,112.3,112.8,112.61,10280182,11669.01,45003, 3267044, 31.78
2960,NBCC,2025-11-24,113.0,118.9,112.66,116.25,116.47,55013786,64378.17,154210, 14302684, 26.00
2961,NBCC,2025-11-25,116.47,118.05,114.67,117.51,117.59,12545517,14643.03,50630, 3387758, 27.00
2962,NBCC,2025-11-26,117.2,119.29,117.2,118.52,118.51,11921723,14114.5,48702, 4927415, 41.33
2963,NBCC,2025-11-27,118.64,119.64,117.0,117.64,117.42,8681290,10248.59,30552, 3110393, 35.83
2964,NBCC,2025-11-28,117.64,118.6,116.5,116.65,116.69,5885849,6921.23,31350, 1743829, 29.63
2965,NBCC,2025-12-01,116.55,118.5,116.16,117.79,118.01,6989299,8208.19,38812, 2248796, 32.17
2966,NBCC,2025-12-02,117.5,117.78,114.57,115.3,115.26,5926749,6865.37,33598, 2449216, 41.32
2967,NBCC,2025-12-03,115.26,115.78,112.51,113.59,113.21,6645723,7557.72,38755, 2220418, 33.41
2968,NBCC,2025-12-04,113.18,114.21,111.85,112.31,112.52,6596946,7455.11,32242, 2303558, 34.92
2969,NBCC,2025-12-05,112.5,112.59,110.71,112.07,112.06,5759775,6429.41,33763, 1890513, 32.82
2970,NCC,2025-11-06,205.83,206.29,193.25,197.7,195.54,7208721,14304.15,55609, 2792996, 38.74
2971,NCC,2025-11-07,195.54,201.45,191.85,195.42,195.31,7024733,13805.0,49525, 1642352, 23.38
2972,NCC,2025-11-10,195.6,195.94,187.47,188.98,188.03,8132410,15462.41,57609, 3371842, 41.46
2973,NCC,2025-11-11,188.6,189.96,185.8,188.19,188.79,6248953,11709.47,47195, 3184565, 50.96
2974,NCC,2025-11-12,188.9,189.8,185.81,186.97,186.8,8466191,15824.61,47877, 4764594, 56.28
2975,NCC,2025-11-13,186.8,187.8,184.0,184.2,184.18,7226291,13402.4,31631, 4096845, 56.69
2976,NCC,2025-11-14,184.18,185.63,182.01,184.01,184.13,3449729,6348.51,21231, 1575918, 45.68
2977,NCC,2025-11-17,184.13,185.74,183.5,184.1,184.23,2410328,4446.67,19016, 1163935, 48.29
2978,NCC,2025-11-18,185.0,185.12,181.4,182.18,181.85,3443281,6289.23,21780, 1600301, 46.48
2979,NCC,2025-11-19,182.8,182.8,179.5,180.7,180.83,3529936,6380.16,36160, 1710692, 48.46
2980,NCC,2025-11-20,180.5,180.76,178.45,179.0,179.03,2385449,4291.08,19470, 1237947, 51.90
2981,NCC,2025-11-21,178.0,178.88,175.35,175.8,175.62,1826432,3226.37,19423, 852681, 46.69
2982,NCC,2025-11-24,176.0,176.39,171.49,172.84,172.35,3265102,5654.06,31241, 1653913, 50.65
2983,NCC,2025-11-25,172.35,173.91,171.71,173.9,173.23,3188006,5505.64,22605, 1472737, 46.20
2984,NCC,2025-11-26,179.29,179.35,173.8,175.8,175.75,13355045,23469.84,59171, 3021020, 22.62
2985,NCC,2025-11-27,177.0,178.49,174.03,174.6,174.63,3964073,6972.64,24202, 1160699, 29.28
2986,NCC,2025-11-28,174.69,175.0,171.0,171.34,171.41,2339457,4034.2,18486, 1052562, 44.99
2987,NCC,2025-12-01,173.1,175.38,170.05,170.99,171.02,5643683,9727.69,34675, 1763380, 31.25
2988,NCC,2025-12-02,171.02,172.9,170.11,172.35,172.26,2853982,4902.35,21802, 1253301, 43.91
2989,NCC,2025-12-03,172.26,172.35,168.1,168.95,168.95,3266458,5538.22,29681, 1553661, 47.56
2990,NCC,2025-12-04,168.95,170.72,167.76,169.06,169.48,1620535,2748.65,15395, 614536, 37.92
2991,NCC,2025-12-05,170.1,170.47,167.0,168.0,168.16,1877824,3158.78,16700, 746403, 39.75
2992,NESTLEIND,2025-11-06,1265.0,1278.9,1260.1,1272.9,1266.1,1171263,14876.26,53749, 667924, 57.03
2993,NESTLEIND,2025-11-07,1264.0,1270.9,1256.4,1262.8,1262.7,596683,7531.98,38241, 363181, 60.87
2994,NESTLEIND,2025-11-10,1263.1,1273.2,1260.2,1262.0,1262.9,737986,9351.81,43373, 429798, 58.24
2995,NESTLEIND,2025-11-11,1268.0,1270.2,1255.0,1268.0,1268.1,729912,9234.75,39920, 421280, 57.72
2996,NESTLEIND,2025-11-12,1270.0,1286.9,1261.6,1278.9,1278.2,824792,10529.07,37918, 436340, 52.90
2997,NESTLEIND,2025-11-13,1280.0,1289.3,1270.3,1274.5,1275.2,691337,8855.33,41032, 424217, 61.36
2998,NESTLEIND,2025-11-14,1275.2,1279.0,1262.4,1269.7,1271.6,675047,8572.06,36082, 361678, 53.58
2999,NESTLEIND,2025-11-17,1272.0,1278.0,1264.1,1270.0,1270.3,774802,9834.73,27274, 483401, 62.39
3000,NESTLEIND,2025-11-18,1262.1,1269.9,1252.6,1265.0,1265.1,810387,10245.1,30664, 489652, 60.42
3001,NESTLEIND,2025-11-19,1267.9,1280.0,1263.0,1279.9,1279.0,726287,9256.28,42084, 405620, 55.85
3002,NESTLEIND,2025-11-20,1288.0,1288.6,1275.2,1278.0,1279.2,796864,10202.3,33449, 484842, 60.84
3003,NESTLEIND,2025-11-21,1275.0,1288.9,1273.0,1277.7,1280.7,673231,8630.66,27775, 359608, 53.42
3004,NESTLEIND,2025-11-24,1285.0,1285.8,1259.5,1267.5,1269.2,2636542,33514.01,57181, 2004326, 76.02
3005,NESTLEIND,2025-11-25,1267.4,1270.9,1250.8,1263.0,1263.2,1065974,13465.75,41695, 597213, 56.03
3006,NESTLEIND,2025-11-26,1257.1,1282.7,1257.1,1274.5,1276.8,810809,10354.07,37566, 500476, 61.73
3007,NESTLEIND,2025-11-27,1276.0,1279.5,1260.5,1268.0,1266.4,708607,8985.39,41091, 458054, 64.64
3008,NESTLEIND,2025-11-28,1266.3,1269.7,1258.2,1262.0,1261.1,626947,7915.07,32455, 451638, 72.04
3009,NESTLEIND,2025-12-01,1260.6,1264.0,1251.6,1257.0,1260.6,644563,8107.1,39603, 367010, 56.94
3010,NESTLEIND,2025-12-02,1251.0,1261.8,1251.0,1258.1,1258.9,911551,11469.4,40748, 617874, 67.78
3011,NESTLEIND,2025-12-03,1257.0,1258.0,1236.1,1241.2,1241.9,642993,7991.45,32451, 360854, 56.12
3012,NESTLEIND,2025-12-04,1241.9,1245.0,1233.2,1241.0,1242.4,664641,8242.02,48009, 433324, 65.20
3013,NESTLEIND,2025-12-05,1237.5,1249.0,1234.2,1246.9,1246.9,911699,11315.4,31774, 625325, 68.59
3014,NHPC,2025-11-06,84.05,84.55,81.72,82.8,82.85,15881779,13109.2,60197, 6278753, 39.53
3015,NHPC,2025-11-07,82.5,82.72,80.25,81.52,81.48,21856711,17718.12,64691, 7661372, 35.05
3016,NHPC,2025-11-10,80.9,82.72,80.68,82.52,82.31,10235432,8369.64,35442, 4760145, 46.51
3017,NHPC,2025-11-11,82.31,82.75,80.9,82.1,81.89,8771807,7163.17,38709, 4549455, 51.86
3018,NHPC,2025-11-12,82.1,82.85,81.26,82.01,81.98,9269353,7588.74,41536, 5102599, 55.05
3019,NHPC,2025-11-13,81.91,82.28,81.31,81.51,81.46,6504616,5316.7,29748, 3350622, 51.51
3020,NHPC,2025-11-14,81.51,81.6,80.0,80.49,80.3,14292619,11524.72,55102, 9308150, 65.13
3021,NHPC,2025-11-17,80.54,81.5,80.41,81.3,81.25,7827088,6347.68,31576, 4595047, 58.71
3022,NHPC,2025-11-18,81.59,81.59,80.1,80.6,80.53,9471269,7624.3,35936, 5524608, 58.33
3023,NHPC,2025-11-19,80.53,80.68,79.64,80.1,80.05,11017010,8813.92,39141, 6342886, 57.57
3024,NHPC,2025-11-20,80.59,81.17,80.0,80.05,80.12,6838932,5502.37,36887, 3048842, 44.58
3025,NHPC,2025-11-21,80.0,80.12,78.65,78.82,78.82,7146540,5656.77,38668, 3431830, 48.02
3026,NHPC,2025-11-24,78.82,78.89,75.93,77.21,76.96,26744638,20590.01,87498, 16522449, 61.78
3027,NHPC,2025-11-25,77.1,77.98,76.6,77.18,77.23,13344341,10324.41,53397, 6861471, 51.42
3028,NHPC,2025-11-26,77.23,77.97,76.61,77.4,77.43,12028891,9316.43,50164, 6937334, 57.67
3029,NHPC,2025-11-27,77.51,77.85,76.72,76.93,76.95,8611413,6635.23,40120, 4496201, 52.21
3030,NHPC,2025-11-28,76.95,77.01,76.36,76.65,76.74,5085508,3898.92,31150, 2791365, 54.89
3031,NHPC,2025-12-01,76.31,77.59,76.02,77.51,77.3,10203101,7829.66,43599, 4699950, 46.06
3032,NHPC,2025-12-02,77.35,77.49,76.7,77.3,77.28,8538683,6586.08,33393, 4923948, 57.67
3033,NHPC,2025-12-03,77.4,77.59,76.05,76.8,76.83,6591641,5056.22,53182, 3405516, 51.66
3034,NHPC,2025-12-04,76.8,77.42,76.62,76.78,76.89,5539974,4267.8,35158, 2543648, 45.91
3035,NHPC,2025-12-05,76.82,77.2,76.64,77.03,77.07,4704567,3621.25,27726, 2403873, 51.10
3036,NMDC,2025-11-06,74.2,74.33,72.6,73.2,73.12,11864374,8689.31,46989, 5920719, 49.90
3037,NMDC,2025-11-07,72.51,74.38,72.41,74.2,74.24,12084844,8879.92,43840, 4484452, 37.11
3038,NMDC,2025-11-10,74.25,76.5,74.24,75.19,75.08,34560732,26161.79,59052, 10768604, 31.16
3039,NMDC,2025-11-11,75.2,76.0,74.3,75.95,75.79,19958566,15042.81,33549, 6587837, 33.01
3040,NMDC,2025-11-12,76.2,77.42,76.0,77.0,77.18,38795708,29853.05,52884, 15269652, 39.36
3041,NMDC,2025-11-13,77.5,78.64,77.08,77.15,77.39,42475486,33119.6,75890, 19359219, 45.58
3042,NMDC,2025-11-14,77.4,77.4,75.78,76.5,76.55,14182276,10854.24,39956, 5515564, 38.89
3043,NMDC,2025-11-17,76.5,77.35,76.35,76.52,76.54,15567147,11949.19,38243, 7539537, 48.43
3044,NMDC,2025-11-18,76.48,76.48,74.93,75.74,75.72,15218821,11501.53,41584, 5617903, 36.91
3045,NMDC,2025-11-19,75.5,75.95,75.0,75.27,75.26,9109693,6866.46,30097, 5070875, 55.66
3046,NMDC,2025-11-20,75.23,75.34,73.91,74.4,74.46,24164668,18001.36,54966, 14408396, 59.63
3047,NMDC,2025-11-21,74.0,74.2,73.21,73.3,73.51,23896675,17602.31,49663, 10966719, 45.89
3048,NMDC,2025-11-24,73.51,73.81,72.26,72.45,72.54,21985740,16003.51,52985, 13982407, 63.60
3049,NMDC,2025-11-25,72.57,73.1,72.24,72.5,72.7,12512694,9093.38,36165, 6023762, 48.14
3050,NMDC,2025-11-26,73.6,74.45,72.89,74.28,74.29,13223415,9783.45,40085, 6339410, 47.94
3051,NMDC,2025-11-27,74.9,75.15,73.7,74.33,74.21,10707179,7950.6,50578, 4285653, 40.03
3052,NMDC,2025-11-28,74.4,75.03,73.5,73.9,73.92,16024318,11876.57,38404, 7502050, 46.82
3053,NMDC,2025-12-01,74.2,75.75,73.87,75.45,75.39,24997800,18752.56,44254, 11705460, 46.83
3054,NMDC,2025-12-02,75.69,77.05,75.45,76.02,76.09,31583291,24078.06,70626, 16162192, 51.17
3055,NMDC,2025-12-03,76.43,76.9,75.6,76.11,76.05,11892197,9063.3,33155, 5085146, 42.76
3056,NMDC,2025-12-04,76.18,77.14,75.81,75.9,75.97,11526558,8810.24,37782, 4824572, 41.86
3057,NMDC,2025-12-05,75.97,76.59,74.8,76.36,76.46,17203665,13057.46,45904, 9395793, 54.62
3058,NTPC,2025-11-06,332.05,332.95,324.6,327.0,326.65,11587302,37884.02,141436, 7482803, 64.58
3059,NTPC,2025-11-07,324.4,327.1,320.85,326.0,326.1,8578167,27863.42,112832, 5777378, 67.35
3060,NTPC,2025-11-10,326.1,328.25,324.0,325.3,325.45,5246998,17083.3,90496, 2986861, 56.93
3061,NTPC,2025-11-11,325.95,327.45,322.85,327.0,326.65,6103758,19874.86,82355, 3236786, 53.03
3062,NTPC,2025-11-12,327.5,328.25,325.55,326.9,327.15,6850550,22407.39,79520, 4273919, 62.39
3063,NTPC,2025-11-13,327.15,329.95,325.55,327.5,326.95,7276001,23867.91,67836, 4686634, 64.41
3064,NTPC,2025-11-14,327.0,329.9,326.2,328.85,328.45,9169855,30079.67,76040, 6846707, 74.67
3065,NTPC,2025-11-17,329.0,331.45,328.55,330.1,330.2,6283156,20737.45,80876, 4234500, 67.39
3066,NTPC,2025-11-18,329.05,329.75,327.15,328.4,328.45,6776200,22248.36,65963, 4415774, 65.17
3067,NTPC,2025-11-19,328.95,328.95,325.05,326.1,326.6,6935056,22626.56,87505, 4127903, 59.52
3068,NTPC,2025-11-20,328.0,330.0,326.2,326.85,326.6,5155775,16906.83,68423, 3130077, 60.71
3069,NTPC,2025-11-21,326.85,328.4,325.0,326.4,326.65,6142545,20068.05,69603, 3563096, 58.01
3070,NTPC,2025-11-24,326.7,327.1,322.05,324.75,323.45,13719726,44493.31,120108, 10791382, 78.66
3071,NTPC,2025-11-25,323.45,325.6,322.5,323.3,323.7,8074651,26182.51,114353, 5561480, 68.88
3072,NTPC,2025-11-26,324.3,327.8,324.0,326.4,326.1,7101095,23162.56,89326, 4506543, 63.46
3073,NTPC,2025-11-27,327.15,328.75,325.0,327.2,327.35,6755179,22110.57,82771, 4196993, 62.13
3074,NTPC,2025-11-28,328.0,328.15,324.25,326.7,326.45,8930988,29145.6,106653, 6215710, 69.60
3075,NTPC,2025-12-01,327.1,328.25,325.45,327.95,327.1,6936186,22664.32,92193, 4585981, 66.12
3076,NTPC,2025-12-02,327.45,329.95,326.75,328.25,328.6,5806943,19087.51,65559, 3645214, 62.77
3077,NTPC,2025-12-03,329.0,329.0,321.3,323.3,322.95,8546132,27622.85,98608, 5094687, 59.61
3078,NTPC,2025-12-04,322.9,324.3,321.1,322.8,322.95,5965357,19267.75,83669, 3556101, 59.61
3079,NTPC,2025-12-05,322.25,324.15,320.95,323.5,323.3,6574010,21233.31,90066, 4574532, 69.59
3080,NUVAMA,2025-11-06,7100.0,7440.0,7100.0,7339.5,7308.0,397795,29204.43,62182, 146326, 36.78
3081,NUVAMA,2025-11-07,7310.5,7396.0,7064.5,7280.0,7300.0,197526,14307.74,28387, 67379, 34.11
3082,NUVAMA,2025-11-10,7335.0,7573.5,7276.5,7468.5,7468.5,178725,13350.54,28330, 61831, 34.60
3083,NUVAMA,2025-11-11,7410.0,7448.5,7251.0,7345.0,7346.5,93670,6888.87,14886, 39356, 42.02
3084,NUVAMA,2025-11-12,7379.5,7431.5,7280.5,7330.5,7351.5,92965,6839.23,17236, 46444, 49.96
3085,NUVAMA,2025-11-13,7351.5,7530.0,7333.0,7384.5,7372.5,136906,10198.97,15590, 64918, 47.42
3086,NUVAMA,2025-11-14,7409.0,7417.0,7285.5,7341.0,7339.5,74551,5458.77,11674, 39218, 52.61
3087,NUVAMA,2025-11-17,7349.0,7409.5,7301.0,7372.0,7365.5,149783,11028.57,15954, 81269, 54.26
3088,NUVAMA,2025-11-18,7375.0,7405.5,7232.0,7312.0,7319.5,83604,6106.19,11299, 41573, 49.73
3089,NUVAMA,2025-11-19,7301.0,7395.0,7249.5,7335.0,7344.0,61291,4491.59,10141, 27219, 44.41
3090,NUVAMA,2025-11-20,7330.0,7384.0,7301.5,7321.0,7336.0,45178,3318.15,7893, 20831, 46.11
3091,NUVAMA,2025-11-21,7344.0,7360.0,7225.5,7250.0,7249.5,71831,5225.73,13679, 42976, 59.83
3092,NUVAMA,2025-11-24,7215.5,7280.0,7005.0,7020.5,7053.0,127833,9169.23,17661, 76454, 59.81
3093,NUVAMA,2025-11-25,7053.0,7100.0,6925.0,6989.5,6972.5,51008,3568.42,9814, 21129, 41.42
3094,NUVAMA,2025-11-26,6990.0,7349.5,6972.5,7293.0,7313.0,253697,18463.49,26863, 50171, 19.78
3095,NUVAMA,2025-11-27,7315.0,7399.5,7275.0,7362.5,7384.5,97935,7185.34,16676, 36433, 37.20
3096,NUVAMA,2025-11-28,7380.0,7574.5,7251.0,7452.0,7462.5,218089,16205.9,27844, 100842, 46.24
3097,NUVAMA,2025-12-01,7465.0,7598.5,7418.5,7457.0,7453.0,115661,8685.13,23445, 45433, 39.28
3098,NUVAMA,2025-12-02,7488.0,7488.0,7231.5,7260.0,7269.0,54399,3992.28,9047, 20282, 37.28
3099,NUVAMA,2025-12-03,7231.0,7274.5,7051.0,7107.0,7077.5,70340,5017.09,10749, 26594, 37.81
3100,NUVAMA,2025-12-04,7118.0,7139.0,7038.0,7079.0,7078.5,40602,2875.12,7184, 14646, 36.07
3101,NUVAMA,2025-12-05,7099.0,7215.0,7001.5,7179.5,7172.5,66557,4748.83,11558, 28321, 42.55
3102,NYKAA,2025-11-06,253.9,253.9,244.1,246.4,246.14,3367756,8348.87,43452, 1539913, 45.73
3103,NYKAA,2025-11-07,246.14,247.74,241.85,246.0,245.87,5292476,12994.23,74394, 2332529, 44.07
3104,NYKAA,2025-11-10,253.02,265.2,249.6,260.0,260.82,35673331,92671.83,210761, 6668397, 18.69
3105,NYKAA,2025-11-11,259.0,263.35,256.31,261.6,262.02,7434869,19379.59,59158, 2698651, 36.30
3106,NYKAA,2025-11-12,262.42,262.7,255.8,256.6,256.81,2961717,7651.6,28900, 1463140, 49.40
3107,NYKAA,2025-11-13,257.99,261.2,254.06,256.65,256.95,7830669,20207.06,57787, 2859928, 36.52
3108,NYKAA,2025-11-14,256.0,261.45,255.03,260.0,260.13,9990212,25774.8,51664, 5564114, 55.70
3109,NYKAA,2025-11-17,260.75,269.9,257.69,269.9,268.74,12544339,33432.25,88582, 5424786, 43.24
3110,NYKAA,2025-11-18,271.8,273.22,267.83,268.5,269.0,8683313,23467.02,51186, 2860187, 32.94
3111,NYKAA,2025-11-19,269.0,270.47,265.53,268.99,269.15,3887160,10453.41,32042, 1895028, 48.75
3112,NYKAA,2025-11-20,269.5,270.85,267.46,268.73,268.74,3927110,10565.49,47152, 1968283, 50.12
3113,NYKAA,2025-11-21,267.7,272.65,266.77,268.36,268.52,6910681,18637.47,72027, 2799988, 40.52
3114,NYKAA,2025-11-24,268.5,273.07,264.2,270.6,271.16,14569265,39382.56,81872, 8975420, 61.61
3115,NYKAA,2025-11-25,271.16,272.87,266.41,271.25,270.45,6737276,18212.04,41781, 2794493, 41.48
3116,NYKAA,2025-11-26,270.0,271.67,263.25,264.5,264.45,3154248,8438.02,33248, 1346989, 42.70
3117,NYKAA,2025-11-27,266.5,267.89,264.0,265.53,264.85,2847232,7550.15,27095, 1456876, 51.17
3118,NYKAA,2025-11-28,264.85,270.5,264.3,267.02,267.31,9335860,24920.54,48418, 6448974, 69.08
3119,NYKAA,2025-12-01,267.05,268.25,262.45,264.9,264.9,5874913,15538.93,51596, 2933800, 49.94
3120,NYKAA,2025-12-02,263.9,265.35,257.95,261.0,261.8,4511787,11784.99,48407, 2297706, 50.93
3121,NYKAA,2025-12-03,262.15,262.15,256.55,258.75,258.1,5258936,13575.62,38433, 3076536, 58.50
3122,NYKAA,2025-12-04,257.2,258.8,254.7,255.85,255.5,3296361,8446.29,35476, 2068239, 62.74
3123,NYKAA,2025-12-05,255.35,255.35,252.7,254.8,254.8,3699608,9409.33,28434, 2114522, 57.16
3124,OBEROIRLTY,2025-11-06,1790.0,1796.9,1768.5,1776.0,1780.4,352524,6270.84,29214, 188726, 53.54
3125,OBEROIRLTY,2025-11-07,1760.0,1801.1,1756.4,1786.9,1792.9,290632,5174.48,20125, 117748, 40.51
3126,OBEROIRLTY,2025-11-10,1794.0,1813.0,1782.9,1788.0,1787.2,202911,3634.88,12614, 127579, 62.87
3127,OBEROIRLTY,2025-11-11,1795.0,1795.0,1758.0,1766.0,1762.7,408478,7258.53,13699, 323423, 79.18
3128,OBEROIRLTY,2025-11-12,1770.2,1783.2,1731.0,1733.8,1738.7,242614,4243.08,19560, 126963, 52.33
3129,OBEROIRLTY,2025-11-13,1735.2,1764.7,1735.2,1749.0,1744.2,240206,4203.6,29228, 121661, 50.65
3130,OBEROIRLTY,2025-11-14,1748.0,1763.7,1733.8,1755.0,1752.4,183727,3210.44,25832, 89951, 48.96
3131,OBEROIRLTY,2025-11-17,1760.4,1778.4,1740.2,1749.0,1745.2,150217,2632.17,12255, 71927, 47.88
3132,OBEROIRLTY,2025-11-18,1745.0,1753.0,1705.4,1707.0,1710.4,233440,4007.49,18745, 112047, 48.00
3133,OBEROIRLTY,2025-11-19,1701.9,1722.7,1689.1,1714.8,1708.7,334415,5703.47,24742, 200186, 59.86
3134,OBEROIRLTY,2025-11-20,1715.0,1724.9,1698.0,1709.9,1708.5,154835,2649.89,12199, 65580, 42.35
3135,OBEROIRLTY,2025-11-21,1714.9,1715.0,1649.0,1649.0,1655.4,204081,3408.98,16706, 96503, 47.29
3136,OBEROIRLTY,2025-11-24,1655.4,1668.6,1600.1,1613.0,1607.1,808792,13084.24,34514, 524588, 64.86
3137,OBEROIRLTY,2025-11-25,1613.0,1649.0,1604.7,1630.0,1629.6,660500,10711.86,31748, 374425, 56.69
3138,OBEROIRLTY,2025-11-26,1637.6,1666.4,1631.7,1660.0,1662.8,166675,2756.76,15371, 85499, 51.30
3139,OBEROIRLTY,2025-11-27,1680.0,1680.0,1651.7,1661.0,1661.6,419476,6974.9,30731, 152707, 36.40
3140,OBEROIRLTY,2025-11-28,1665.0,1666.8,1641.6,1649.0,1647.2,225018,3710.89,21118, 123934, 55.08
3141,OBEROIRLTY,2025-12-01,1649.0,1656.2,1612.0,1623.0,1618.9,393897,6401.87,27179, 222441, 56.47
3142,OBEROIRLTY,2025-12-02,1618.9,1640.0,1616.0,1633.0,1632.6,575858,9395.17,24831, 321231, 55.78
3143,OBEROIRLTY,2025-12-03,1632.6,1645.6,1620.0,1638.0,1640.6,295186,4823.62,22943, 148141, 50.19
3144,OBEROIRLTY,2025-12-04,1633.0,1675.5,1630.6,1667.0,1663.7,221691,3676.57,23294, 112431, 50.72
3145,OBEROIRLTY,2025-12-05,1661.0,1706.0,1643.2,1659.0,1657.7,644702,10820.53,31850, 202251, 31.37
3146,OFSS,2025-11-06,8325.5,8357.5,8199.5,8210.0,8212.5,76986,6351.89,14577, 35530, 46.15
3147,OFSS,2025-11-07,8210.0,8210.0,8036.0,8080.0,8076.5,91422,7394.98,17191, 32977, 36.07
3148,OFSS,2025-11-10,8141.5,8254.5,8087.0,8190.0,8176.5,78362,6408.52,13942, 26385, 33.67
3149,OFSS,2025-11-11,8176.5,8264.0,8168.5,8248.0,8242.0,74067,6083.08,12154, 26966, 36.41
3150,OFSS,2025-11-12,8300.0,8430.0,8271.5,8393.0,8394.0,104111,8716.97,17576, 42836, 41.14
3151,OFSS,2025-11-13,8380.5,8410.0,8286.5,8294.5,8303.5,57121,4770.0,10736, 28957, 50.69
3152,OFSS,2025-11-14,8296.0,8296.0,8159.0,8220.0,8223.5,71224,5857.41,13925, 31807, 44.66
3153,OFSS,2025-11-17,8276.5,8349.0,8240.0,8300.0,8286.5,63753,5290.53,11597, 30499, 47.84
3154,OFSS,2025-11-18,8282.0,8290.0,8157.5,8175.0,8177.5,63320,5198.01,11494, 30316, 47.88
3155,OFSS,2025-11-19,8189.0,8372.0,8165.0,8341.0,8333.0,144973,12051.68,20336, 58219, 40.16
3156,OFSS,2025-11-20,8400.0,8514.5,8345.0,8368.0,8372.5,133670,11275.27,21137, 36599, 27.38
3157,OFSS,2025-11-21,8330.5,8371.5,8150.0,8160.0,8169.5,84765,6984.99,17609, 32920, 38.84
3158,OFSS,2025-11-24,8175.0,8275.0,8113.0,8160.0,8146.5,272790,22268.88,24357, 169856, 62.27
3159,OFSS,2025-11-25,8200.0,8222.0,8060.0,8092.0,8084.0,79913,6472.74,14388, 37857, 47.37
3160,OFSS,2025-11-26,8120.0,8220.0,8076.0,8188.0,8177.5,167920,13718.8,18724, 99817, 59.44
3161,OFSS,2025-11-27,8199.0,8276.0,8115.0,8149.5,8150.5,197830,16165.6,22253, 123392, 62.37
3162,OFSS,2025-11-28,8122.5,8265.0,8087.5,8102.0,8107.0,91091,7391.49,11068, 49447, 54.28
3163,OFSS,2025-12-01,8149.5,8190.0,8110.0,8185.5,8149.5,82563,6731.3,12197, 49692, 60.19
3164,OFSS,2025-12-02,8149.5,8196.5,8065.0,8107.0,8099.0,93379,7572.22,13543, 61371, 65.72
3165,OFSS,2025-12-03,8124.0,8190.0,8042.5,8075.0,8075.5,120259,9733.38,17216, 66227, 55.07
3166,OFSS,2025-12-04,8091.0,8225.0,8058.5,8175.0,8191.5,76182,6231.03,13318, 28676, 37.64
3167,OFSS,2025-12-05,8220.0,8279.0,8158.0,8210.0,8219.0,89963,7395.13,13175, 28681, 31.88
3168,OIL,2025-11-06,431.5,435.9,429.55,433.15,433.05,1300076,5626.65,27177, 757761, 58.29
3169,OIL,2025-11-07,432.85,438.3,428.1,433.95,433.7,1285300,5577.8,26273, 574417, 44.69
3170,OIL,2025-11-10,433.7,438.95,430.9,431.15,431.8,1186554,5157.08,20981, 526998, 44.41
3171,OIL,2025-11-11,432.0,437.6,430.3,437.0,435.95,852274,3702.66,22802, 390713, 45.84
3172,OIL,2025-11-12,437.05,449.5,436.05,441.0,441.15,2447507,10877.07,35167, 725061, 29.62
3173,OIL,2025-11-13,442.7,442.7,432.75,434.85,434.45,1340682,5835.2,25938, 606515, 45.24
3174,OIL,2025-11-14,435.95,439.6,431.05,434.5,436.85,1413722,6175.05,23220, 596959, 42.23
3175,OIL,2025-11-17,436.95,443.6,433.0,436.2,436.25,1947670,8549.53,34704, 666337, 34.21
3176,OIL,2025-11-18,437.55,438.0,430.7,433.6,433.35,1415722,6132.38,26821, 628572, 44.40
3177,OIL,2025-11-19,431.7,437.75,431.5,436.25,436.85,760053,3315.16,13963, 343284, 45.17
3178,OIL,2025-11-20,438.0,438.9,434.5,436.2,436.2,1092339,4766.94,21043, 476850, 43.65
3179,OIL,2025-11-21,431.9,432.9,423.5,425.9,425.05,3508596,14971.13,35145, 1500198, 42.76
3180,OIL,2025-11-24,425.7,426.25,415.25,418.9,420.6,7911440,33254.75,68892, 5549991, 70.15
3181,OIL,2025-11-25,419.0,422.6,414.55,419.15,421.05,1194721,5020.39,29595, 638240, 53.42
3182,OIL,2025-11-26,419.1,424.95,417.9,422.1,423.15,844279,3566.62,23429, 419147, 49.65
3183,OIL,2025-11-27,423.05,424.55,414.5,416.65,417.2,1069299,4470.25,30460, 478814, 44.78
3184,OIL,2025-11-28,419.85,419.9,411.15,413.0,413.2,1004484,4150.4,18472, 443242, 44.13
3185,OIL,2025-12-01,413.2,417.5,412.0,415.1,414.2,1126148,4661.51,42761, 634904, 56.38
3186,OIL,2025-12-02,412.05,417.7,412.05,417.0,416.65,664332,2761.39,23175, 351587, 52.92
3187,OIL,2025-12-03,420.0,420.0,407.05,410.9,410.7,1765944,7258.32,50182, 856505, 48.50
3188,OIL,2025-12-04,411.65,411.75,407.05,407.5,408.15,2221247,9075.19,27542, 1424757, 64.14
3189,OIL,2025-12-05,408.2,412.9,406.35,412.1,411.95,760930,3121.88,14929, 367787, 48.33
3190,ONGC,2025-11-06,253.55,255.5,250.45,252.1,251.5,6987258,17638.18,80574, 3588663, 51.36
3191,ONGC,2025-11-07,250.0,253.6,250.0,252.5,252.2,4449104,11216.13,48360, 2368898, 53.24
3192,ONGC,2025-11-10,252.0,255.5,249.5,251.5,251.4,7418162,18701.92,66078, 3780742, 50.97
3193,ONGC,2025-11-11,254.2,254.2,246.0,249.9,249.45,16183880,40245.68,110895, 7862989, 48.59
3194,ONGC,2025-11-12,252.6,255.6,249.9,253.9,253.85,11917811,30241.99,105711, 5904585, 49.54
3195,ONGC,2025-11-13,253.7,253.7,247.3,251.55,250.85,13057927,32664.67,95303, 6369604, 48.78
3196,ONGC,2025-11-14,245.5,249.65,245.1,247.5,247.6,9185042,22745.91,80309, 4965792, 54.06
3197,ONGC,2025-11-17,247.6,249.7,247.45,248.35,248.05,6281588,15606.86,66099, 3502355, 55.76
3198,ONGC,2025-11-18,247.0,249.45,246.3,246.9,246.95,7708871,19091.78,60958, 4972160, 64.50
3199,ONGC,2025-11-19,246.95,250.3,245.4,248.75,249.0,7075882,17574.78,55097, 4475827, 63.25
3200,ONGC,2025-11-20,249.0,251.1,247.6,247.8,248.05,6918642,17244.52,66828, 4495316, 64.97
3201,ONGC,2025-11-21,247.05,248.3,246.2,246.4,246.95,7589240,18773.4,58912, 5755917, 75.84
3202,ONGC,2025-11-24,246.95,247.45,244.3,245.75,245.75,15875282,39027.93,66010, 11987338, 75.51
3203,ONGC,2025-11-25,245.75,247.5,244.6,244.8,245.35,8983620,22126.72,70899, 6511959, 72.49
3204,ONGC,2025-11-26,245.35,248.0,245.05,247.55,247.7,7232643,17881.02,59221, 5111527, 70.67
3205,ONGC,2025-11-27,248.0,248.8,242.8,243.95,244.0,5600832,13686.22,81158, 3280581, 58.57
3206,ONGC,2025-11-28,245.0,245.35,242.55,242.95,243.25,3804191,9264.66,50494, 2513581, 66.07
3207,ONGC,2025-12-01,244.05,245.85,243.01,244.8,244.83,6307936,15439.7,66219, 4512621, 71.54
3208,ONGC,2025-12-02,243.5,246.26,242.5,243.65,243.54,5413988,13202.84,54988, 3364720, 62.15
3209,ONGC,2025-12-03,244.05,244.36,239.56,240.01,240.02,11829802,28447.07,99443, 8247258, 69.72
3210,ONGC,2025-12-04,240.5,242.7,239.69,242.0,242.23,10825420,26186.27,67076, 7624028, 70.43
3211,ONGC,2025-12-05,242.7,243.2,240.91,241.85,241.23,7645591,18489.97,90643, 5229701, 68.40
3212,PAGEIND,2025-11-06,40285.0,40295.0,39675.0,39700.0,39760.0,16531,6588.49,7915, 10880, 65.82
3213,PAGEIND,2025-11-07,39800.0,39900.0,39330.0,39750.0,39740.0,16589,6576.79,9418, 9740, 58.71
3214,PAGEIND,2025-11-10,39750.0,40340.0,39530.0,40065.0,40200.0,12791,5127.86,7798, 7108, 55.57
3215,PAGEIND,2025-11-11,40100.0,40345.0,39775.0,40250.0,40220.0,11613,4652.12,6051, 5918, 50.96
3216,PAGEIND,2025-11-12,40220.0,40865.0,40220.0,40735.0,40720.0,14708,5969.5,8005, 7755, 52.73
3217,PAGEIND,2025-11-13,40970.0,41245.0,39215.0,39350.0,39585.0,52117,21082.89,24926, 19973, 38.32
3218,PAGEIND,2025-11-14,39500.0,39985.0,38765.0,39890.0,39765.0,36040,14278.74,19406, 15657, 43.44
3219,PAGEIND,2025-11-17,39995.0,40370.0,39375.0,39585.0,39470.0,12913,5138.76,7396, 5628, 43.58
3220,PAGEIND,2025-11-18,39700.0,39700.0,38740.0,39375.0,39255.0,24783,9699.23,13211, 11762, 47.46
3221,PAGEIND,2025-11-19,39155.0,39240.0,38755.0,38850.0,38810.0,20119,7819.72,7563, 13174, 65.48
3222,PAGEIND,2025-11-20,39170.0,39170.0,38500.0,38560.0,38565.0,14684,5684.56,7373, 8563, 58.32
3223,PAGEIND,2025-11-21,38705.0,38980.0,38160.0,38900.0,38885.0,32805,12713.32,15947, 17423, 53.11
3224,PAGEIND,2025-11-24,39000.0,39150.0,38500.0,38835.0,38860.0,40078,15583.68,17132, 27343, 68.22
3225,PAGEIND,2025-11-25,39025.0,39025.0,38455.0,38585.0,38535.0,33982,13110.74,13879, 22156, 65.20
3226,PAGEIND,2025-11-26,38585.0,39055.0,38310.0,38970.0,39000.0,26059,10130.6,7888, 18904, 72.54
3227,PAGEIND,2025-11-27,39200.0,39270.0,38750.0,38810.0,38930.0,58192,22648.57,14901, 44797, 76.98
3228,PAGEIND,2025-11-28,39080.0,39080.0,38100.0,38100.0,38320.0,20663,7932.92,9752, 10567, 51.14
3229,PAGEIND,2025-12-01,38320.0,38350.0,37205.0,37340.0,37405.0,34231,12867.47,17673, 18302, 53.47
3230,PAGEIND,2025-12-02,37340.0,37650.0,37110.0,37505.0,37605.0,54634,20420.53,16886, 38911, 71.22
3231,PAGEIND,2025-12-03,37640.0,37665.0,36785.0,37505.0,37240.0,51521,19172.97,19304, 33015, 64.08
3232,PAGEIND,2025-12-04,37320.0,37750.0,37165.0,37500.0,37505.0,24162,9064.22,8405, 15616, 64.63
3233,PAGEIND,2025-12-05,37650.0,37650.0,37240.0,37490.0,37455.0,26318,9848.28,10355, 17463, 66.35
3234,PATANJALI,2025-11-06,576.0,582.6,567.25,572.0,573.0,1036633,5961.36,20076, 354403, 34.19
3235,PATANJALI,2025-11-07,573.3,580.0,565.8,576.0,578.9,952756,5479.02,16793, 454756, 47.73
3236,PATANJALI,2025-11-10,579.95,584.4,576.7,578.7,580.0,1155667,6700.77,15686, 591690, 51.20
3237,PATANJALI,2025-11-11,580.95,583.7,574.4,581.3,582.5,402988,2338.53,11010, 186738, 46.34
3238,PATANJALI,2025-11-12,586.0,589.9,580.25,588.0,588.3,882672,5185.86,13961, 467040, 52.91
3239,PATANJALI,2025-11-13,588.3,593.9,584.2,590.5,590.45,1688646,9970.67,29967, 434957, 25.76
3240,PATANJALI,2025-11-14,589.5,592.75,581.5,587.5,587.8,488732,2867.58,10468, 189882, 38.85
3241,PATANJALI,2025-11-17,587.8,590.5,584.65,586.0,586.9,1391118,8176.48,13802, 638414, 45.89
3242,PATANJALI,2025-11-18,593.0,594.95,582.0,586.05,587.05,2112668,12494.71,24163, 950848, 45.01
3243,PATANJALI,2025-11-19,585.0,589.95,578.65,580.85,582.9,468012,2737.86,10226, 199422, 42.61
3244,PATANJALI,2025-11-20,581.3,586.55,579.5,581.8,584.25,524362,3059.71,12904, 215400, 41.08
3245,PATANJALI,2025-11-21,582.6,583.7,575.0,579.05,579.3,745872,4317.05,15616, 360554, 48.34
3246,PATANJALI,2025-11-24,579.3,580.45,568.0,568.9,569.75,439901,2520.38,11369, 203197, 46.19
3247,PATANJALI,2025-11-25,568.05,571.5,565.55,569.4,569.35,680112,3869.08,15373, 331406, 48.73
3248,PATANJALI,2025-11-26,568.0,575.4,567.55,570.0,569.65,1058621,6061.92,11888, 651200, 61.51
3249,PATANJALI,2025-11-27,569.95,573.9,565.1,569.5,569.45,377745,2149.99,9750, 186779, 49.45
3250,PATANJALI,2025-11-28,567.5,570.25,565.6,566.8,568.15,360701,2048.63,8521, 162322, 45.00
3251,PATANJALI,2025-12-01,568.15,570.8,562.8,567.85,569.25,553676,3139.19,12773, 283273, 51.16
3252,PATANJALI,2025-12-02,565.1,568.85,561.9,563.35,563.35,510611,2882.26,10718, 264769, 51.85
3253,PATANJALI,2025-12-03,560.9,564.25,551.8,554.95,555.15,1166556,6496.83,20385, 445758, 38.21
3254,PATANJALI,2025-12-04,552.0,558.35,521.0,523.9,528.75,1644469,8894.57,26331, 805513, 48.98
3255,PATANJALI,2025-12-05,527.45,555.15,522.65,548.0,550.8,5471238,29618.09,60513, 1823375, 33.33
3256,PAYTM,2025-11-06,1310.0,1333.8,1292.7,1321.9,1320.6,10267401,135249.55,215458, 3412889, 33.24
3257,PAYTM,2025-11-07,1315.0,1351.7,1302.8,1345.0,1346.5,5871932,78616.3,134576, 2588366, 44.08
3258,PAYTM,2025-11-10,1340.0,1353.8,1325.4,1330.0,1330.7,2677468,35800.21,61202, 1436429, 53.65
3259,PAYTM,2025-11-11,1330.7,1345.1,1317.2,1326.4,1332.6,2604486,34598.98,61338, 1444043, 55.44
3260,PAYTM,2025-11-12,1332.6,1341.9,1300.2,1304.1,1306.2,2274788,29965.65,66595, 1115554, 49.04
3261,PAYTM,2025-11-13,1310.0,1316.8,1298.6,1310.1,1307.5,2141870,28003.56,53386, 1150363, 53.71
3262,PAYTM,2025-11-14,1307.5,1315.0,1289.0,1300.9,1299.2,1913597,24904.54,62346, 906455, 47.37
3263,PAYTM,2025-11-17,1306.1,1336.0,1302.6,1330.1,1332.9,2603235,34499.28,59446, 1337492, 51.38
3264,PAYTM,2025-11-18,1314.0,1333.9,1290.5,1292.9,1295.5,18480822,241408.61,117422, 14541443, 78.68
3265,PAYTM,2025-11-19,1300.0,1300.5,1275.2,1283.0,1282.6,3729532,48029.96,80423, 1966209, 52.72
3266,PAYTM,2025-11-20,1289.0,1303.8,1280.6,1284.2,1283.9,2760654,35528.31,72557, 1511499, 54.75
3267,PAYTM,2025-11-21,1283.0,1292.0,1252.0,1266.0,1265.8,2793810,35463.21,99736, 1146128, 41.02
3268,PAYTM,2025-11-24,1274.6,1283.3,1248.9,1257.3,1260.7,52117312,657361.49,182163, 30756422, 59.01
3269,PAYTM,2025-11-25,1266.7,1272.6,1231.0,1242.0,1241.4,3548352,44224.47,57128, 1919759, 54.10
3270,PAYTM,2025-11-26,1250.0,1288.9,1245.0,1288.0,1286.5,2425988,30925.77,69710, 971678, 40.05
3271,PAYTM,2025-11-27,1305.0,1309.1,1283.0,1293.0,1293.1,3799617,49177.13,103635, 1068609, 28.12
3272,PAYTM,2025-11-28,1308.1,1338.8,1308.1,1320.0,1320.6,6950734,92203.45,133768, 2289148, 32.93
3273,PAYTM,2025-12-01,1335.0,1371.0,1322.0,1368.1,1367.8,6146500,83406.07,125904, 2355487, 38.32
3274,PAYTM,2025-12-02,1366.7,1381.8,1360.5,1365.0,1364.2,3828123,52451.26,88850, 1563039, 40.83
3275,PAYTM,2025-12-03,1364.2,1368.0,1319.5,1339.0,1338.9,2835074,37845.64,101454, 1053700, 37.17
3276,PAYTM,2025-12-04,1338.9,1348.0,1320.0,1329.0,1328.6,1454122,19351.96,40663, 485843, 33.41
3277,PAYTM,2025-12-05,1328.6,1351.7,1326.9,1349.0,1344.6,2002627,26848.61,54414, 658416, 32.88
3278,PERSISTENT,2025-11-06,5926.5,5926.5,5796.5,5831.5,5842.0,341274,19954.7,44192, 204461, 59.91
3279,PERSISTENT,2025-11-07,5842.0,5842.0,5699.0,5789.0,5781.0,279260,16098.25,32014, 156527, 56.05
3280,PERSISTENT,2025-11-10,5789.0,5889.0,5766.5,5879.0,5864.5,304472,17802.95,46156, 155417, 51.04
3281,PERSISTENT,2025-11-11,5899.5,6040.0,5880.5,6034.0,6031.0,766563,45923.67,73596, 355379, 46.36
3282,PERSISTENT,2025-11-12,6045.5,6168.0,6045.5,6117.0,6134.5,505785,31003.27,44347, 274093, 54.19
3283,PERSISTENT,2025-11-13,6135.0,6185.5,6077.5,6130.0,6137.0,301945,18565.91,26018, 177683, 58.85
3284,PERSISTENT,2025-11-14,6100.0,6136.5,6034.0,6112.0,6101.0,198063,12054.7,25283, 96983, 48.97
3285,PERSISTENT,2025-11-17,6129.0,6135.0,6069.0,6105.0,6116.5,239271,14616.12,28796, 152267, 63.64
3286,PERSISTENT,2025-11-18,6110.0,6125.0,6062.0,6075.0,6079.5,255511,15577.61,34580, 180834, 70.77
3287,PERSISTENT,2025-11-19,6080.0,6342.0,6076.0,6315.0,6316.0,874803,54890.56,72313, 295140, 33.74
3288,PERSISTENT,2025-11-20,6316.0,6419.0,6315.0,6338.0,6350.5,481898,30717.91,57398, 228271, 47.37
3289,PERSISTENT,2025-11-21,6324.5,6370.0,6262.5,6278.0,6296.5,342405,21579.37,40850, 199466, 58.25
3290,PERSISTENT,2025-11-24,6300.0,6426.5,6297.0,6364.0,6374.5,1378541,87924.84,60025, 914167, 66.31
3291,PERSISTENT,2025-11-25,6421.5,6421.5,6324.0,6384.5,6370.5,225848,14367.13,25730, 102091, 45.20
3292,PERSISTENT,2025-11-26,6404.5,6421.5,6360.0,6410.0,6415.0,167018,10685.26,17904, 95260, 57.04
3293,PERSISTENT,2025-11-27,6425.0,6478.0,6383.5,6436.0,6432.0,445809,28592.36,31577, 300828, 67.48
3294,PERSISTENT,2025-11-28,6440.0,6455.0,6318.5,6360.0,6353.0,208808,13321.85,29728, 120323, 57.62
3295,PERSISTENT,2025-12-01,6375.5,6425.0,6331.0,6403.0,6406.0,199542,12745.58,30660, 104727, 52.48
3296,PERSISTENT,2025-12-02,6390.0,6447.0,6337.5,6378.5,6393.5,253320,16193.35,30333, 131675, 51.98
3297,PERSISTENT,2025-12-03,6393.5,6408.0,6295.0,6335.0,6331.0,342367,21685.68,40259, 228683, 66.79
3298,PERSISTENT,2025-12-04,6380.0,6528.5,6334.0,6441.0,6452.0,668828,43204.11,56808, 339626, 50.78
3299,PERSISTENT,2025-12-05,6453.0,6531.5,6428.0,6519.0,6520.5,204572,13302.17,28367, 91769, 44.86
3300,PETRONET,2025-11-06,283.3,283.3,274.0,275.4,275.0,1791494,4967.21,27703, 1069862, 59.72
3301,PETRONET,2025-11-07,274.95,279.7,274.05,278.5,278.5,1096702,3040.3,21175, 494188, 45.06
3302,PETRONET,2025-11-10,276.0,282.55,275.85,277.5,277.65,3963479,11031.43,28555, 2319676, 58.53
3303,PETRONET,2025-11-11,277.6,279.55,271.5,277.7,277.55,2100630,5785.56,32692, 1003513, 47.77
3304,PETRONET,2025-11-12,279.0,282.85,278.65,280.8,280.45,1776442,4992.01,31759, 1025867, 57.75
3305,PETRONET,2025-11-13,283.0,283.45,278.2,279.65,278.9,3032159,8476.44,68548, 1866147, 61.55
3306,PETRONET,2025-11-14,271.9,275.3,271.45,274.2,273.6,1790555,4893.4,38391, 898787, 50.20
3307,PETRONET,2025-11-17,274.0,276.6,272.0,276.0,276.05,4622702,12711.08,37519, 3202607, 69.28
3308,PETRONET,2025-11-18,276.05,276.7,272.7,275.2,274.85,1735701,4760.4,18188, 1080888, 62.27
3309,PETRONET,2025-11-19,275.5,275.85,273.3,273.6,274.25,1397603,3836.32,29949, 929379, 66.50
3310,PETRONET,2025-11-20,274.0,275.85,272.95,274.5,274.35,2008463,5514.49,43334, 1470930, 73.24
3311,PETRONET,2025-11-21,275.0,276.9,272.9,275.1,275.15,1135312,3118.07,28928, 665714, 58.64
3312,PETRONET,2025-11-24,275.0,275.85,270.45,272.0,271.4,2563697,6966.43,21943, 1869973, 72.94
3313,PETRONET,2025-11-25,271.0,273.4,270.7,271.6,272.15,804261,2188.12,21117, 443086, 55.09
3314,PETRONET,2025-11-26,271.75,276.35,271.55,275.6,275.1,3032466,8311.83,37761, 2312710, 76.26
3315,PETRONET,2025-11-27,275.6,276.55,273.55,274.0,273.95,1727350,4739.28,40424, 1206103, 69.82
3316,PETRONET,2025-11-28,273.8,274.55,271.5,272.3,271.85,2277281,6198.93,31222, 1697067, 74.52
3317,PETRONET,2025-12-01,272.05,273.1,270.5,271.75,271.9,1573594,4278.13,30577, 1065659, 67.72
3318,PETRONET,2025-12-02,270.6,272.85,270.05,271.25,271.1,2475590,6718.28,21799, 1902791, 76.86
3319,PETRONET,2025-12-03,270.6,271.4,268.0,268.5,268.75,1078937,2901.88,52614, 739033, 68.50
3320,PETRONET,2025-12-04,271.45,281.4,271.1,280.95,280.95,12174889,33926.33,112130, 2812372, 23.10
3321,PETRONET,2025-12-05,280.9,280.95,273.7,275.2,274.8,2705927,7481.28,34850, 1186292, 43.84
3322,PFC,2025-11-06,396.2,397.95,385.45,387.5,386.1,6401150,24930.6,82106, 3839184, 59.98
3323,PFC,2025-11-07,386.1,394.7,374.2,375.9,380.25,16021457,61739.55,93633, 7547709, 47.11
3324,PFC,2025-11-10,378.0,381.65,374.3,377.4,377.3,7558172,28483.18,112016, 3449704, 45.64
3325,PFC,2025-11-11,378.05,378.4,369.5,374.9,375.0,8888268,33178.47,111161, 5014984, 56.42
3326,PFC,2025-11-12,376.0,380.45,373.65,374.8,375.3,5333409,20111.64,47655, 3375916, 63.30
3327,PFC,2025-11-13,375.0,377.45,372.2,373.45,372.9,5884580,22029.29,71240, 3663972, 62.26
3328,PFC,2025-11-14,373.25,375.45,371.15,375.15,374.6,4954031,18482.39,83572, 2947445, 59.50
3329,PFC,2025-11-17,375.6,380.2,375.5,377.6,376.4,5325450,20100.04,57000, 3380023, 63.47
3330,PFC,2025-11-18,379.35,379.35,373.15,375.5,374.6,5223085,19626.3,48149, 3089365, 59.15
3331,PFC,2025-11-19,374.6,377.0,372.0,374.0,373.65,5830083,21772.44,66648, 3931262, 67.43
3332,PFC,2025-11-20,374.2,376.4,372.25,373.45,372.75,4429516,16585.75,51687, 3183842, 71.88
3333,PFC,2025-11-21,372.75,373.45,369.0,369.75,369.7,3904024,14465.25,69468, 2382137, 61.02
3334,PFC,2025-11-24,370.0,370.9,362.0,363.4,362.65,11744103,42758.87,84075, 8308184, 70.74
3335,PFC,2025-11-25,363.8,367.0,361.0,361.3,361.4,6113266,22219.47,55500, 3640626, 59.55
3336,PFC,2025-11-26,359.0,364.7,357.55,362.2,362.4,5145168,18634.55,56139, 2996001, 58.23
3337,PFC,2025-11-27,362.4,367.65,361.75,365.3,365.15,5016640,18329.24,45919, 2313562, 46.12
3338,PFC,2025-11-28,364.0,365.15,361.05,362.8,362.7,3452880,12514.11,43011, 2311679, 66.95
3339,PFC,2025-12-01,364.2,365.85,360.0,360.5,360.95,3010315,10898.97,59924, 1809117, 60.10
3340,PFC,2025-12-02,356.4,363.3,356.4,360.6,360.3,4957405,17872.22,52161, 3014079, 60.80
3341,PFC,2025-12-03,361.0,361.8,350.65,352.0,351.95,7313684,25827.58,74694, 4644750, 63.51
3342,PFC,2025-12-04,352.15,354.65,350.6,351.95,352.05,3426935,12068.87,38499, 2115723, 61.74
3343,PFC,2025-12-05,351.95,353.95,348.8,353.2,352.65,5225025,18374.24,67894, 2765917, 52.94
3344,PGEL,2025-11-06,569.9,572.45,547.1,551.0,550.1,1529475,8483.75,48436, 809620, 52.93
3345,PGEL,2025-11-07,542.0,542.0,516.25,530.25,528.3,5118663,26985.74,101517, 1725920, 33.72
3346,PGEL,2025-11-10,530.0,537.3,523.0,535.0,532.3,1187879,6301.49,29512, 334824, 28.19
3347,PGEL,2025-11-11,533.0,536.9,524.45,535.0,529.2,1294251,6851.91,35107, 575463, 44.46
3348,PGEL,2025-11-12,534.0,536.05,519.55,527.0,528.0,1917942,10119.87,45426, 726557, 37.88
3349,PGEL,2025-11-13,532.0,567.9,528.0,560.5,559.45,12142780,67464.14,143062, 2258407, 18.60
3350,PGEL,2025-11-14,540.0,582.0,537.05,580.0,578.1,15358796,87140.14,201700, 3075040, 20.02
3351,PGEL,2025-11-17,578.85,586.5,560.0,580.0,580.35,4389402,25239.23,57730, 1200385, 27.35
3352,PGEL,2025-11-18,580.0,593.0,573.05,581.5,582.9,3329546,19451.95,48378, 1019736, 30.63
3353,PGEL,2025-11-19,582.0,586.3,574.05,580.0,579.8,1766917,10234.76,32163, 484185, 27.40
3354,PGEL,2025-11-20,581.1,596.75,578.2,591.0,590.55,3184478,18763.81,42066, 1271186, 39.92
3355,PGEL,2025-11-21,588.2,607.35,585.95,591.8,591.4,6802438,40821.12,93413, 1786842, 26.27
3356,PGEL,2025-11-24,593.45,598.0,569.15,572.0,573.9,2468095,14331.22,37553, 827448, 33.53
3357,PGEL,2025-11-25,570.1,577.5,566.85,570.0,570.35,1189469,6811.25,28714, 283797, 23.86
3358,PGEL,2025-11-26,575.0,607.1,569.3,606.0,604.2,5281182,31435.73,97079, 1145702, 21.69
3359,PGEL,2025-11-27,606.0,607.35,584.0,584.15,585.5,1803899,10671.38,33291, 468240, 25.96
3360,PGEL,2025-11-28,585.5,598.3,582.85,590.0,590.9,2063578,12188.96,34629, 594087, 28.79
3361,PGEL,2025-12-01,590.0,597.65,586.55,592.55,592.5,930540,5498.32,16035, 371893, 39.97
3362,PGEL,2025-12-02,591.0,597.2,582.7,587.25,587.2,1274027,7527.13,26725, 471468, 37.01
3363,PGEL,2025-12-03,584.0,584.8,569.35,572.0,572.1,1584179,9099.68,27700, 538068, 33.97
3364,PGEL,2025-12-04,572.1,589.85,569.15,578.9,579.05,2158733,12516.96,33776, 628620, 29.12
3365,PGEL,2025-12-05,578.5,579.05,544.3,553.75,553.9,2324872,13035.94,40493, 637307, 27.41
3366,PHOENIXLTD,2025-11-06,1767.7,1780.0,1738.9,1738.9,1744.8,476612,8360.96,40396, 283113, 59.40
3367,PHOENIXLTD,2025-11-07,1740.2,1785.6,1727.5,1761.1,1773.3,680512,12021.27,36519, 374728, 55.07
3368,PHOENIXLTD,2025-11-10,1780.0,1782.3,1746.1,1752.2,1760.9,175925,3096.64,17684, 79864, 45.40
3369,PHOENIXLTD,2025-11-11,1769.0,1770.5,1725.0,1738.5,1736.7,511582,8910.84,22288, 319194, 62.39
3370,PHOENIXLTD,2025-11-12,1738.0,1744.4,1718.8,1731.9,1732.2,238006,4123.11,19254, 134643, 56.57
3371,PHOENIXLTD,2025-11-13,1734.2,1760.1,1710.5,1716.5,1714.8,531016,9190.78,32792, 299213, 56.35
3372,PHOENIXLTD,2025-11-14,1711.5,1741.6,1710.0,1736.1,1736.4,295812,5116.89,17332, 167021, 56.46
3373,PHOENIXLTD,2025-11-17,1736.4,1750.0,1720.1,1743.3,1745.6,191049,3326.96,18263, 107566, 56.30
3374,PHOENIXLTD,2025-11-18,1745.9,1749.0,1717.7,1729.9,1724.1,287932,4969.47,31546, 204548, 71.04
3375,PHOENIXLTD,2025-11-19,1712.0,1727.8,1693.5,1711.5,1715.1,242539,4151.23,19062, 133636, 55.10
3376,PHOENIXLTD,2025-11-20,1710.5,1722.9,1698.0,1715.2,1715.7,334590,5716.57,22161, 222575, 66.52
3377,PHOENIXLTD,2025-11-21,1715.7,1726.9,1685.2,1693.2,1698.0,407218,6960.56,30936, 278699, 68.44
3378,PHOENIXLTD,2025-11-24,1683.1,1722.9,1662.8,1672.0,1677.9,1112093,18757.84,39182, 783103, 70.42
3379,PHOENIXLTD,2025-11-25,1690.0,1737.0,1679.0,1734.0,1731.7,1043795,18016.01,46908, 330745, 31.69
3380,PHOENIXLTD,2025-11-26,1731.7,1762.0,1729.1,1742.5,1751.7,440793,7720.09,29797, 259026, 58.76
3381,PHOENIXLTD,2025-11-27,1745.0,1749.6,1727.9,1741.3,1741.0,150976,2626.52,19160, 75244, 49.84
3382,PHOENIXLTD,2025-11-28,1751.0,1751.0,1726.6,1732.6,1736.8,287936,5001.95,15821, 195457, 67.88
3383,PHOENIXLTD,2025-12-01,1738.2,1750.0,1722.1,1735.0,1729.9,247727,4297.74,22358, 167340, 67.55
3384,PHOENIXLTD,2025-12-02,1729.9,1739.5,1709.7,1732.1,1731.2,323944,5586.91,21713, 190565, 58.83
3385,PHOENIXLTD,2025-12-03,1731.2,1737.9,1701.7,1720.9,1721.2,162588,2793.87,20815, 92104, 56.65
3386,PHOENIXLTD,2025-12-04,1730.0,1739.0,1715.6,1732.0,1734.1,228660,3961.16,16931, 165052, 72.18
3387,PHOENIXLTD,2025-12-05,1720.0,1755.2,1709.9,1725.0,1725.1,354160,6151.8,22948, 210101, 59.32
3388,PIDILITIND,2025-11-06,1463.0,1468.5,1438.0,1451.0,1442.8,692357,10029.34,44391, 448922, 64.84
3389,PIDILITIND,2025-11-07,1448.0,1458.1,1445.4,1447.0,1454.8,533597,7744.5,45397, 259366, 48.61
3390,PIDILITIND,2025-11-10,1460.0,1467.0,1451.0,1451.4,1456.6,283000,4132.7,30754, 164456, 58.11
3391,PIDILITIND,2025-11-11,1456.6,1477.0,1452.2,1474.2,1472.9,292665,4288.9,29353, 185516, 63.39
3392,PIDILITIND,2025-11-12,1477.0,1487.0,1469.7,1481.0,1482.0,417016,6168.37,33956, 255660, 61.31
3393,PIDILITIND,2025-11-13,1491.0,1496.3,1478.6,1480.0,1481.4,798904,11871.91,42352, 504081, 63.10
3394,PIDILITIND,2025-11-14,1472.6,1476.3,1453.0,1459.8,1459.8,549299,8042.8,36939, 354357, 64.51
3395,PIDILITIND,2025-11-17,1468.0,1486.0,1450.0,1480.0,1475.5,898284,13243.93,43781, 647921, 72.13
3396,PIDILITIND,2025-11-18,1483.0,1496.8,1472.0,1494.0,1491.0,1135472,16927.6,42082, 744952, 65.61
3397,PIDILITIND,2025-11-19,1495.0,1497.2,1473.6,1480.0,1476.7,631671,9360.57,44860, 438833, 69.47
3398,PIDILITIND,2025-11-20,1482.0,1494.9,1477.1,1490.9,1489.0,829582,12354.56,46182, 615155, 74.15
3399,PIDILITIND,2025-11-21,1480.0,1487.1,1468.9,1474.0,1472.1,331504,4890.26,20283, 167470, 50.52
3400,PIDILITIND,2025-11-24,1471.0,1528.9,1453.7,1472.5,1463.0,3427226,50145.39,54093, 2782336, 81.18
3401,PIDILITIND,2025-11-25,1465.9,1470.0,1454.3,1467.5,1466.6,449171,6584.61,29941, 298006, 66.35
3402,PIDILITIND,2025-11-26,1461.1,1490.0,1460.9,1480.9,1484.4,371398,5499.86,34675, 217339, 58.52
3403,PIDILITIND,2025-11-27,1484.3,1490.0,1467.2,1470.1,1472.3,421269,6219.97,32989, 253631, 60.21
3404,PIDILITIND,2025-11-28,1478.0,1478.0,1463.3,1472.0,1469.8,380330,5587.03,26150, 270008, 70.99
3405,PIDILITIND,2025-12-01,1469.9,1474.0,1460.0,1468.6,1468.6,197122,2891.2,22523, 130375, 66.14
3406,PIDILITIND,2025-12-02,1461.0,1471.5,1458.1,1470.6,1468.9,586303,8583.62,29669, 433053, 73.86
3407,PIDILITIND,2025-12-03,1471.0,1487.5,1471.0,1479.0,1478.6,717275,10618.33,33002, 355437, 49.55
3408,PIDILITIND,2025-12-04,1478.0,1487.0,1475.6,1478.1,1484.7,308126,4565.14,21974, 205957, 66.84
3409,PIDILITIND,2025-12-05,1480.0,1482.4,1467.3,1475.0,1475.1,328473,4841.32,21503, 181753, 55.33
3410,PIIND,2025-11-06,3685.8,3775.0,3679.4,3740.0,3750.1,338796,12680.74,38113, 120861, 35.67
3411,PIIND,2025-11-07,3759.8,3792.9,3722.0,3768.0,3758.3,146865,5518.15,16071, 65301, 44.46
3412,PIIND,2025-11-10,3768.1,3832.9,3745.7,3814.0,3820.5,136496,5189.27,14579, 59131, 43.32
3413,PIIND,2025-11-11,3819.9,3819.9,3750.0,3772.1,3786.8,149809,5667.15,14511, 73459, 49.04
3414,PIIND,2025-11-12,3750.0,3750.0,3568.0,3580.0,3588.9,1207676,43794.16,110084, 740348, 61.30
3415,PIIND,2025-11-13,3588.9,3590.0,3511.0,3575.7,3572.5,541697,19221.52,57354, 249138, 45.99
3416,PIIND,2025-11-14,3571.0,3571.0,3512.0,3563.0,3560.5,167191,5934.1,16303, 86804, 51.92
3417,PIIND,2025-11-17,3576.3,3582.0,3528.0,3545.0,3542.6,84301,2989.12,11380, 40575, 48.13
3418,PIIND,2025-11-18,3536.0,3554.9,3452.7,3460.0,3458.3,219418,7632.11,20750, 121235, 55.25
3419,PIIND,2025-11-19,3458.3,3463.6,3415.2,3431.6,3439.9,200324,6871.54,15176, 151409, 75.58
3420,PIIND,2025-11-20,3460.0,3483.8,3430.0,3440.1,3441.1,288764,9943.95,24448, 231558, 80.19
3421,PIIND,2025-11-21,3441.1,3459.9,3415.8,3435.0,3427.4,353690,12152.53,33173, 229597, 64.91
3422,PIIND,2025-11-24,3434.5,3442.0,3385.2,3430.3,3425.1,545491,18621.62,44045, 302680, 55.49
3423,PIIND,2025-11-25,3425.0,3480.0,3406.3,3478.0,3448.5,198913,6847.19,17817, 84745, 42.60
3424,PIIND,2025-11-26,3450.5,3451.9,3412.9,3440.0,3438.1,144038,4937.23,12339, 53442, 37.10
3425,PIIND,2025-11-27,3436.3,3459.5,3421.1,3436.0,3432.2,111897,3841.17,19993, 75204, 67.21
3426,PIIND,2025-11-28,3450.0,3453.4,3391.1,3395.0,3395.6,92982,3170.03,13380, 54255, 58.35
3427,PIIND,2025-12-01,3409.5,3410.5,3357.0,3388.9,3388.9,112178,3791.76,17287, 63111, 56.26
3428,PIIND,2025-12-02,3388.1,3388.1,3342.6,3370.0,3374.0,319415,10749.01,24639, 220321, 68.98
3429,PIIND,2025-12-03,3380.0,3403.1,3365.8,3366.7,3374.6,92926,3144.2,12497, 49375, 53.13
3430,PIIND,2025-12-04,3370.0,3416.9,3370.0,3409.0,3409.7,120547,4100.22,11756, 86509, 71.76
3431,PIIND,2025-12-05,3415.0,3432.1,3378.7,3395.4,3396.1,91272,3111.09,12395, 50517, 55.35
3432,PNB,2025-11-06,123.99,123.99,120.16,120.7,120.46,18897936,22976.56,57872, 9831625, 52.02
3433,PNB,2025-11-07,120.4,122.98,118.86,122.3,122.38,16935021,20531.36,59485, 6254465, 36.93
3434,PNB,2025-11-10,122.5,123.24,121.56,122.39,122.34,10675833,13049.74,43199, 4978547, 46.63
3435,PNB,2025-11-11,122.36,122.62,120.07,121.76,122.02,13743470,16671.46,50387, 5599174, 40.74
3436,PNB,2025-11-12,122.5,123.3,122.0,122.23,122.45,10330951,12657.89,46530, 4171177, 40.38
3437,PNB,2025-11-13,122.61,123.5,120.8,121.3,121.07,10840343,13239.76,45190, 4350324, 40.13
3438,PNB,2025-11-14,121.4,122.58,121.35,122.3,122.21,7534146,9185.68,39408, 3008894, 39.94
3439,PNB,2025-11-17,122.7,124.85,122.31,123.1,123.0,18039214,22342.25,67295, 7298804, 40.46
3440,PNB,2025-11-18,123.64,123.78,122.17,122.6,122.38,10071535,12363.67,50760, 3957721, 39.30
3441,PNB,2025-11-19,122.75,125.45,121.65,125.3,125.06,22108922,27382.78,79214, 9963878, 45.07
3442,PNB,2025-11-20,125.92,126.16,123.41,123.79,123.86,17701274,22121.96,73631, 6661998, 37.64
3443,PNB,2025-11-21,123.26,123.83,121.99,122.45,122.37,12407897,15236.1,68381, 5911826, 47.65
3444,PNB,2025-11-24,122.9,123.43,121.1,121.59,121.75,16932622,20729.73,63906, 10439416, 61.65
3445,PNB,2025-11-25,121.7,123.45,121.37,123.04,123.05,11550766,14159.74,45048, 4638533, 40.16
3446,PNB,2025-11-26,123.64,126.06,123.35,124.9,124.99,19458499,24322.86,75819, 7659035, 39.36
3447,PNB,2025-11-27,125.4,126.24,123.95,124.9,124.93,9718546,12135.1,56496, 3732406, 38.40
3448,PNB,2025-11-28,125.3,125.3,124.11,124.69,124.5,9945691,12392.6,40560, 4789587, 48.16
3449,PNB,2025-12-01,124.99,126.38,124.75,125.3,125.3,17513004,21986.01,86958, 6900383, 39.40
3450,PNB,2025-12-02,125.3,127.8,124.73,125.0,125.35,26941925,34146.45,85858, 12269986, 45.54
3451,PNB,2025-12-03,125.75,125.75,119.0,119.95,119.8,31754551,38350.8,96194, 12883008, 40.57
3452,PNB,2025-12-04,119.8,120.78,118.79,119.64,119.53,14258192,17052.98,50607, 5914683, 41.48
3453,PNB,2025-12-05,119.69,121.9,119.15,121.62,121.71,22667150,27425.31,65737, 7068926, 31.19
3454,PNBHOUSING,2025-11-06,930.0,931.3,903.55,907.6,908.55,858553,7848.16,38319, 489710, 57.04
3455,PNBHOUSING,2025-11-07,900.5,907.85,885.4,898.5,896.15,1391793,12466.86,49282, 745915, 53.59
3456,PNBHOUSING,2025-11-10,896.95,911.5,894.15,900.2,898.95,1404326,12631.66,29645, 889190, 63.32
3457,PNBHOUSING,2025-11-11,895.0,901.8,882.35,896.05,898.5,698596,6227.39,29453, 352768, 50.50
3458,PNBHOUSING,2025-11-12,900.0,903.65,892.1,902.5,899.05,935459,8416.39,18869, 620135, 66.29
3459,PNBHOUSING,2025-11-13,895.0,919.25,894.3,910.8,912.55,870435,7940.92,24724, 430719, 49.48
3460,PNBHOUSING,2025-11-14,912.0,923.85,907.85,914.4,915.4,541570,4965.85,17321, 242523, 44.78
3461,PNBHOUSING,2025-11-17,918.7,921.75,911.0,919.0,917.65,383284,3513.56,18674, 179033, 46.71
3462,PNBHOUSING,2025-11-18,925.0,942.95,916.9,920.25,920.0,1798495,16758.16,59476, 545047, 30.31
3463,PNBHOUSING,2025-11-19,925.0,930.45,899.05,910.0,908.85,1014303,9245.24,38967, 367378, 36.22
3464,PNBHOUSING,2025-11-20,912.8,915.85,902.05,905.0,905.25,366619,3330.83,14614, 156157, 42.59
3465,PNBHOUSING,2025-11-21,905.25,909.7,884.45,886.0,887.15,1069079,9528.61,21340, 640093, 59.87
3466,PNBHOUSING,2025-11-24,887.15,892.0,870.0,871.3,872.1,923444,8106.25,24669, 525387, 56.89
3467,PNBHOUSING,2025-11-25,871.6,889.0,868.05,885.0,881.45,802649,7040.71,35537, 380961, 47.46
3468,PNBHOUSING,2025-11-26,881.45,918.3,881.45,916.4,915.9,924269,8413.12,34920, 445418, 48.19
3469,PNBHOUSING,2025-11-27,918.0,921.0,906.7,910.0,910.8,440900,4020.93,20148, 150535, 34.14
3470,PNBHOUSING,2025-11-28,908.95,918.0,904.05,905.0,905.3,525845,4772.55,17146, 305776, 58.15
3471,PNBHOUSING,2025-12-01,910.2,916.9,902.0,908.0,908.8,322102,2933.51,15961, 136514, 42.38
3472,PNBHOUSING,2025-12-02,908.8,916.85,895.0,897.95,899.45,462993,4191.43,23524, 200766, 43.36
3473,PNBHOUSING,2025-12-03,898.95,901.0,872.3,884.15,878.05,614936,5412.12,24645, 291535, 47.41
3474,PNBHOUSING,2025-12-04,880.0,893.8,878.45,882.5,882.25,405898,3602.78,14877, 127748, 31.47
3475,PNBHOUSING,2025-12-05,882.9,905.9,878.0,903.8,903.85,896426,8034.07,37799, 220080, 24.55
3476,POLICYBZR,2025-11-06,1810.2,1812.5,1728.9,1756.6,1757.4,1940836,34258.98,77991, 889111, 45.81
3477,POLICYBZR,2025-11-07,1749.0,1805.4,1730.1,1787.3,1783.8,1906537,33785.67,54262, 965969, 50.67
3478,POLICYBZR,2025-11-10,1783.8,1812.9,1761.8,1800.0,1798.5,800584,14375.99,32984, 445492, 55.65
3479,POLICYBZR,2025-11-11,1795.3,1806.3,1767.2,1799.9,1796.4,435019,7775.2,22637, 191422, 44.00
3480,POLICYBZR,2025-11-12,1801.1,1807.0,1776.9,1777.8,1786.3,1044014,18657.0,23722, 718994, 68.87
3481,POLICYBZR,2025-11-13,1776.7,1776.7,1729.1,1736.6,1734.7,1917918,33541.32,53380, 1217117, 63.46
3482,POLICYBZR,2025-11-14,1741.9,1748.0,1715.0,1746.7,1738.6,1048282,18133.69,41216, 659579, 62.92
3483,POLICYBZR,2025-11-17,1746.7,1821.0,1721.2,1819.8,1815.7,3081344,54459.81,88162, 1809225, 58.72
3484,POLICYBZR,2025-11-18,1815.0,1831.0,1789.0,1803.0,1800.3,1391840,25118.45,44489, 801021, 57.55
3485,POLICYBZR,2025-11-19,1800.3,1866.5,1798.4,1844.3,1850.7,2484013,45935.99,46643, 1693399, 68.17
3486,POLICYBZR,2025-11-20,1850.9,1861.2,1826.0,1839.4,1843.9,837376,15452.77,31319, 497864, 59.46
3487,POLICYBZR,2025-11-21,1846.0,1846.0,1795.5,1806.0,1810.8,1053381,19097.13,50211, 696590, 66.13
3488,POLICYBZR,2025-11-24,1819.0,1823.4,1775.0,1779.0,1781.3,1782882,31859.69,54373, 1145785, 64.27
3489,POLICYBZR,2025-11-25,1790.0,1793.0,1755.4,1768.2,1765.9,849412,15001.76,33642, 481803, 56.72
3490,POLICYBZR,2025-11-26,1773.5,1802.7,1766.5,1788.0,1787.1,816676,14608.82,37175, 487963, 59.75
3491,POLICYBZR,2025-11-27,1800.5,1816.3,1785.9,1810.0,1808.7,710265,12822.58,40747, 400891, 56.44
3492,POLICYBZR,2025-11-28,1808.7,1821.3,1786.8,1816.0,1818.9,484994,8770.42,37871, 265750, 54.79
3493,POLICYBZR,2025-12-01,1818.9,1872.0,1816.0,1872.0,1863.6,1418116,26283.53,62903, 808452, 57.01
3494,POLICYBZR,2025-12-02,1867.1,1883.7,1841.9,1861.0,1866.3,834965,15566.67,31531, 393841, 47.17
3495,POLICYBZR,2025-12-03,1854.4,1854.5,1817.7,1840.0,1839.1,1216134,22311.87,65348, 680903, 55.99
3496,POLICYBZR,2025-12-04,1840.0,1889.0,1840.0,1848.5,1854.3,1751302,32779.95,94204, 1110273, 63.40
3497,POLICYBZR,2025-12-05,1854.4,1899.4,1854.3,1895.0,1893.8,1258109,23712.92,53279, 624230, 49.62
3498,POLYCAB,2025-11-06,7585.0,7670.0,7572.5,7593.0,7591.5,201409,15344.09,29526, 115732, 57.46
3499,POLYCAB,2025-11-07,7585.0,7589.5,7451.5,7540.0,7542.0,127993,9643.01,22011, 61204, 47.82
3500,POLYCAB,2025-11-10,7560.0,7662.5,7500.5,7617.5,7608.0,112624,8546.92,18796, 54771, 48.63
3501,POLYCAB,2025-11-11,7620.0,7690.0,7549.0,7662.0,7659.5,105930,8102.4,20073, 51503, 48.62
3502,POLYCAB,2025-11-12,7688.0,7745.5,7634.5,7655.0,7680.0,129351,9957.36,23366, 66988, 51.79
3503,POLYCAB,2025-11-13,7662.5,7816.0,7637.5,7743.0,7721.0,182942,14185.07,28476, 87198, 47.66
3504,POLYCAB,2025-11-14,7740.0,7747.5,7602.5,7631.0,7632.0,127917,9788.31,18174, 70707, 55.28
3505,POLYCAB,2025-11-17,7630.0,7708.5,7580.5,7675.0,7683.0,146747,11240.14,22630, 89210, 60.79
3506,POLYCAB,2025-11-18,7679.5,7730.0,7650.0,7675.5,7661.0,255512,19638.71,20932, 194538, 76.14
3507,POLYCAB,2025-11-19,7663.0,7704.0,7641.0,7667.0,7688.0,138316,10622.47,18623, 88065, 63.67
3508,POLYCAB,2025-11-20,7700.0,7740.0,7630.5,7649.5,7648.5,220950,16978.88,17145, 162079, 73.36
3509,POLYCAB,2025-11-21,7648.0,7648.0,7506.0,7522.0,7521.0,169885,12824.95,31271, 96003, 56.51
3510,POLYCAB,2025-11-24,7550.0,7550.0,7390.5,7401.0,7427.0,305698,22753.01,34189, 174576, 57.11
3511,POLYCAB,2025-11-25,7420.0,7520.0,7384.0,7415.0,7439.0,130117,9717.92,19143, 56493, 43.42
3512,POLYCAB,2025-11-26,7429.5,7568.5,7416.0,7545.0,7539.0,132131,9950.58,20037, 59659, 45.15
3513,POLYCAB,2025-11-27,7560.0,7560.0,7425.0,7490.0,7479.0,170964,12770.69,27124, 94020, 54.99
3514,POLYCAB,2025-11-28,7489.0,7520.0,7451.5,7460.0,7470.0,223708,16751.5,26448, 172300, 77.02
3515,POLYCAB,2025-12-01,7478.0,7530.0,7382.5,7400.0,7401.0,199441,14834.06,29283, 129961, 65.16
3516,POLYCAB,2025-12-02,7409.5,7462.5,7281.0,7338.0,7347.0,185659,13657.07,29785, 100862, 54.33
3517,POLYCAB,2025-12-03,7370.0,7370.0,7206.5,7230.0,7227.0,278984,20213.34,31725, 178146, 63.86
3518,POLYCAB,2025-12-04,7250.0,7382.5,7233.0,7310.5,7348.5,179869,13199.98,24373, 92295, 51.31
3519,POLYCAB,2025-12-05,7321.0,7336.0,7171.0,7270.0,7257.0,191949,13900.46,27644, 79022, 41.17
3520,POWERGRID,2025-11-06,278.0,278.5,269.85,270.25,270.2,21919591,59558.62,150603, 13561375, 61.87
3521,POWERGRID,2025-11-07,270.2,272.8,268.75,271.75,272.0,11379131,30886.19,79210, 8327537, 73.18
3522,POWERGRID,2025-11-10,268.6,270.55,266.55,268.35,268.2,10717941,28828.74,95966, 7010409, 65.41
3523,POWERGRID,2025-11-11,268.25,269.15,264.65,268.15,267.65,11154806,29762.86,99964, 7362933, 66.01
3524,POWERGRID,2025-11-12,269.0,270.25,266.5,266.85,267.1,16444701,44156.09,126273, 12749246, 77.53
3525,POWERGRID,2025-11-13,267.1,270.45,265.65,270.4,269.85,12573141,33822.61,90099, 8440110, 67.13
3526,POWERGRID,2025-11-14,270.35,272.3,269.5,270.9,271.3,10308317,27924.08,127366, 6063228, 58.82
3527,POWERGRID,2025-11-17,272.1,273.95,270.0,273.7,273.55,9884392,26955.99,89984, 7219582, 73.04
3528,POWERGRID,2025-11-18,274.0,276.8,272.3,274.15,274.2,16434280,45141.13,80036, 11718569, 71.31
3529,POWERGRID,2025-11-19,275.95,276.0,272.5,275.2,275.15,15765235,43278.52,77562, 11984142, 76.02
3530,POWERGRID,2025-11-20,275.25,279.05,274.5,277.2,277.2,15337345,42581.44,99778, 11323664, 73.83
3531,POWERGRID,2025-11-21,277.2,279.0,275.4,277.6,277.6,12941485,35905.06,66807, 10060956, 77.74
3532,POWERGRID,2025-11-24,278.0,279.05,272.5,275.5,275.8,49791096,137263.55,90160, 43123324, 86.61
3533,POWERGRID,2025-11-25,275.0,276.9,272.65,272.65,273.45,12114606,33244.41,96719, 8963727, 73.99
3534,POWERGRID,2025-11-26,274.0,276.95,273.5,274.4,275.05,8352869,22972.08,68826, 5550881, 66.45
3535,POWERGRID,2025-11-27,277.0,277.0,273.3,273.95,273.7,9865039,27059.71,98121, 7165504, 72.64
3536,POWERGRID,2025-11-28,273.8,274.35,269.45,270.0,269.95,12580231,34060.79,92273, 9415290, 74.84
3537,POWERGRID,2025-12-01,272.45,272.45,268.75,269.9,269.65,10428760,28162.31,130049, 6997639, 67.10
3538,POWERGRID,2025-12-02,269.0,270.65,266.9,267.5,267.45,11029817,29562.6,101674, 7637430, 69.24
3539,POWERGRID,2025-12-03,267.45,269.0,264.5,268.35,268.45,9063557,24188.49,93238, 6118713, 67.51
3540,POWERGRID,2025-12-04,266.55,270.2,265.6,269.1,269.1,5103204,13714.53,67712, 3362610, 65.89
3541,POWERGRID,2025-12-05,268.2,271.5,267.8,269.9,269.8,5535798,14934.35,67426, 3424874, 61.87
3542,POWERINDIA,2025-11-06,20305.0,20556.0,20076.0,20200.0,20207.0,176282,35750.47,47913, 36198, 20.53
3543,POWERINDIA,2025-11-07,20020.0,20939.0,19914.0,20890.0,20863.0,289064,59787.49,68447, 71595, 24.77
3544,POWERINDIA,2025-11-10,20970.0,21550.0,20952.0,21269.0,21297.0,216386,46102.3,52362, 53812, 24.87
3545,POWERINDIA,2025-11-11,21300.0,22069.0,21255.0,21831.0,21854.0,229187,49754.16,53360, 62062, 27.08
3546,POWERINDIA,2025-11-12,21968.0,22090.0,21625.0,21950.0,22018.0,142206,31175.02,39410, 50890, 35.79
3547,POWERINDIA,2025-11-13,21950.0,21992.0,21366.0,21400.0,21415.0,129322,27898.55,37022, 41975, 32.46
3548,POWERINDIA,2025-11-14,21380.0,21619.0,21315.0,21379.0,21466.0,62139,13340.18,20114, 22334, 35.94
3549,POWERINDIA,2025-11-17,21575.0,21763.0,21416.0,21466.0,21474.0,63502,13694.95,17918, 20071, 31.61
3550,POWERINDIA,2025-11-18,21474.0,21636.0,21126.0,21378.0,21415.0,80940,17314.43,23355, 33455, 41.33
3551,POWERINDIA,2025-11-19,21400.0,21700.0,21226.0,21615.0,21624.0,76408,16449.88,25569, 24235, 31.72
3552,POWERINDIA,2025-11-20,21700.0,22450.0,21690.0,22425.0,22397.0,186683,41578.29,48116, 54088, 28.97
3553,POWERINDIA,2025-11-21,22239.0,22325.0,21470.0,21631.0,21563.0,101928,22239.68,31472, 30339, 29.77
3554,POWERINDIA,2025-11-24,21563.0,21724.0,21227.0,21500.0,21542.0,185041,39827.74,33603, 94490, 51.06
3555,POWERINDIA,2025-11-25,21480.0,21799.0,21326.0,21772.0,21742.0,61863,13370.73,19942, 20805, 33.63
3556,POWERINDIA,2025-11-26,21740.0,22280.0,21551.0,22245.0,22204.0,81145,17905.43,24725, 25142, 30.98
3557,POWERINDIA,2025-11-27,22204.0,22273.0,21752.0,21819.0,21798.0,58001,12725.29,18065, 22866, 39.42
3558,POWERINDIA,2025-11-28,21861.0,22170.0,21809.0,22149.0,22056.0,61973,13636.52,20695, 17758, 28.65
3559,POWERINDIA,2025-12-01,22160.0,22450.0,22125.0,22150.0,22185.0,77308,17215.8,25183, 30257, 39.14
3560,POWERINDIA,2025-12-02,22090.0,22810.0,22050.0,22730.0,22755.0,196298,44297.27,49418, 90329, 46.02
3561,POWERINDIA,2025-12-03,22700.0,22840.0,21630.0,21780.0,21850.0,152935,33800.53,38530, 52520, 34.34
3562,POWERINDIA,2025-12-04,21805.0,21805.0,20000.0,20100.0,20085.0,352238,72604.29,91822, 119167, 33.83
3563,POWERINDIA,2025-12-05,20105.0,20395.0,19220.0,19365.0,19305.0,265846,52143.66,69782, 91005, 34.23
3564,PPLPHARMA,2025-11-06,196.5,209.25,196.5,200.6,199.33,14705456,29962.99,83217, 4240478, 28.84
3565,PPLPHARMA,2025-11-07,198.6,201.08,196.0,199.18,199.15,3105483,6166.77,32121, 734427, 23.65
3566,PPLPHARMA,2025-11-10,199.25,199.85,194.4,195.94,195.45,2888782,5664.57,34303, 1448128, 50.13
3567,PPLPHARMA,2025-11-11,195.4,196.43,192.9,194.3,194.22,1904002,3695.91,25520, 768988, 40.39
3568,PPLPHARMA,2025-11-12,195.0,196.59,193.67,195.9,195.64,2142816,4179.9,19017, 965769, 45.07
3569,PPLPHARMA,2025-11-13,195.9,196.6,193.4,193.9,193.84,2144573,4178.41,21227, 1057478, 49.31
3570,PPLPHARMA,2025-11-14,193.84,197.99,193.1,194.13,194.03,2531346,4948.57,21974, 709514, 28.03
3571,PPLPHARMA,2025-11-17,194.99,197.16,192.65,195.77,195.47,1619560,3162.64,14116, 504010, 31.12
3572,PPLPHARMA,2025-11-18,195.47,195.88,191.6,191.95,192.13,2356015,4536.95,23405, 1121453, 47.60
3573,PPLPHARMA,2025-11-19,192.95,192.99,188.07,189.2,188.8,3241928,6151.86,33291, 1871893, 57.74
3574,PPLPHARMA,2025-11-20,190.0,192.0,189.11,190.15,189.64,1601706,3045.89,18491, 631851, 39.45
3575,PPLPHARMA,2025-11-21,190.15,190.15,187.5,187.5,188.38,2106643,3973.78,17733, 832626, 39.52
3576,PPLPHARMA,2025-11-24,188.38,189.91,185.25,186.72,186.33,3111398,5819.03,31124, 1400987, 45.03
3577,PPLPHARMA,2025-11-25,186.0,187.75,184.2,184.93,184.87,2048124,3804.3,21906, 828234, 40.44
3578,PPLPHARMA,2025-11-26,185.5,189.07,184.63,187.31,187.38,2454457,4601.69,18075, 1218414, 49.64
3579,PPLPHARMA,2025-11-27,188.75,188.82,185.84,186.42,186.4,1641129,3065.84,16920, 733237, 44.68
3580,PPLPHARMA,2025-11-28,186.4,190.8,186.11,187.49,187.21,3572225,6717.41,24902, 1538188, 43.06
3581,PPLPHARMA,2025-12-01,187.9,189.2,184.15,184.51,184.87,2221428,4144.07,25818, 1050662, 47.30
3582,PPLPHARMA,2025-12-02,184.6,185.9,182.5,185.52,185.27,2016737,3715.87,19265, 749614, 37.17
3583,PPLPHARMA,2025-12-03,184.56,187.7,181.29,182.0,182.05,2687250,4939.93,29951, 1025958, 38.18
3584,PPLPHARMA,2025-12-04,182.48,182.5,179.6,180.54,180.85,4307960,7795.25,35384, 2159115, 50.12
3585,PPLPHARMA,2025-12-05,181.62,181.62,177.44,179.99,179.85,2246077,4019.29,21633, 744548, 33.15
3586,PRESTIGE,2025-11-06,1754.6,1760.0,1718.2,1725.2,1725.2,520525,9015.29,26958, 321616, 61.79
3587,PRESTIGE,2025-11-07,1725.1,1744.4,1698.0,1736.0,1738.6,277342,4794.07,20116, 125270, 45.17
3588,PRESTIGE,2025-11-10,1744.5,1760.8,1734.5,1752.3,1750.7,750870,13126.73,32066, 576356, 76.76
3589,PRESTIGE,2025-11-11,1756.0,1772.9,1736.0,1765.0,1758.6,243017,4265.18,24219, 99753, 41.05
3590,PRESTIGE,2025-11-12,1766.0,1781.4,1693.0,1695.8,1701.2,683080,11852.15,38564, 345282, 50.55
3591,PRESTIGE,2025-11-13,1721.0,1776.5,1720.0,1751.9,1755.2,1755417,30767.78,82174, 511622, 29.15
3592,PRESTIGE,2025-11-14,1750.0,1758.8,1703.5,1749.0,1744.9,701183,12152.32,35437, 144627, 20.63
3593,PRESTIGE,2025-11-17,1762.3,1778.4,1740.0,1754.7,1753.2,400973,7040.69,22045, 166114, 41.43
3594,PRESTIGE,2025-11-18,1760.0,1764.1,1715.0,1722.3,1722.3,478489,8282.28,29212, 200674, 41.94
3595,PRESTIGE,2025-11-19,1725.1,1738.3,1703.1,1720.0,1717.3,844878,14527.01,37314, 383647, 45.41
3596,PRESTIGE,2025-11-20,1725.0,1729.9,1699.1,1724.0,1717.2,487889,8348.58,21949, 245904, 50.40
3597,PRESTIGE,2025-11-21,1718.0,1735.0,1676.1,1691.0,1688.5,442988,7491.88,18682, 233370, 52.68
3598,PRESTIGE,2025-11-24,1699.4,1711.9,1621.2,1633.9,1631.3,1138372,18718.92,39800, 683533, 60.04
3599,PRESTIGE,2025-11-25,1633.0,1677.9,1622.5,1646.0,1655.9,947658,15737.83,45666, 457770, 48.31
3600,PRESTIGE,2025-11-26,1635.9,1684.4,1635.9,1683.7,1667.8,679574,11314.33,35091, 368038, 54.16
3601,PRESTIGE,2025-11-27,1680.0,1693.0,1657.8,1665.5,1669.5,203471,3398.08,17741, 74546, 36.64
3602,PRESTIGE,2025-11-28,1660.0,1682.6,1657.9,1673.0,1677.3,251437,4204.4,19389, 125788, 50.03
3603,PRESTIGE,2025-12-01,1680.1,1690.2,1643.2,1658.9,1659.2,271498,4519.24,23180, 122690, 45.19
3604,PRESTIGE,2025-12-02,1659.2,1669.9,1625.5,1651.1,1652.5,260818,4314.71,19451, 146573, 56.20
3605,PRESTIGE,2025-12-03,1658.2,1660.0,1630.5,1640.0,1642.2,140072,2301.32,22196, 64014, 45.70
3606,PRESTIGE,2025-12-04,1642.0,1667.1,1629.3,1657.4,1659.2,188376,3112.99,18627, 88981, 47.24
3607,PRESTIGE,2025-12-05,1659.2,1699.9,1652.1,1691.2,1689.7,428649,7225.36,24990, 130310, 30.40
3608,RBLBANK,2025-11-06,327.0,332.0,324.85,325.5,325.6,10775022,35301.84,51330, 3868571, 35.90
3609,RBLBANK,2025-11-07,324.85,330.0,319.85,328.5,328.25,7953347,25900.64,28739, 3466526, 43.59
3610,RBLBANK,2025-11-10,328.9,331.0,321.95,323.3,324.0,7494051,24326.86,55814, 4510740, 60.19
3611,RBLBANK,2025-11-11,323.45,324.5,316.0,320.4,320.4,5671161,18117.14,32344, 2565680, 45.24
3612,RBLBANK,2025-11-12,320.8,322.6,316.2,319.5,319.55,5092785,16224.89,32241, 2104330, 41.32
3613,RBLBANK,2025-11-13,320.55,322.7,314.55,315.45,315.45,4057852,12929.22,24726, 1753790, 43.22
3614,RBLBANK,2025-11-14,315.25,319.5,314.35,317.5,318.65,5156226,16337.34,35744, 2695463, 52.28
3615,RBLBANK,2025-11-17,321.0,321.0,315.95,317.15,316.7,2615820,8328.13,20244, 1245718, 47.62
3616,RBLBANK,2025-11-18,318.0,319.4,313.45,314.0,314.05,4853216,15333.08,29639, 2925705, 60.28
3617,RBLBANK,2025-11-19,314.0,314.85,308.55,309.8,309.6,6438780,20021.97,66413, 3306061, 51.35
3618,RBLBANK,2025-11-20,309.6,315.3,309.05,313.1,313.65,4991279,15651.7,28331, 2355422, 47.19
3619,RBLBANK,2025-11-21,311.95,318.4,311.0,311.15,312.45,4259450,13400.79,29406, 1772060, 41.60
3620,RBLBANK,2025-11-24,312.1,316.9,306.65,307.8,308.3,3839441,11984.35,25385, 1544895, 40.24
3621,RBLBANK,2025-11-25,307.6,310.0,306.5,309.3,308.25,3017233,9306.67,21828, 1443294, 47.84
3622,RBLBANK,2025-11-26,309.05,318.15,308.95,317.2,317.5,4294290,13567.01,42071, 1490947, 34.72
3623,RBLBANK,2025-11-27,317.5,318.1,308.3,312.1,311.75,5707931,17826.05,44329, 2518462, 44.12
3624,RBLBANK,2025-11-28,313.3,314.2,309.65,312.5,312.4,2877894,8977.22,20925, 1321856, 45.93
3625,RBLBANK,2025-12-01,313.25,314.1,303.7,306.6,307.05,5327751,16396.77,48269, 2475144, 46.46
3626,RBLBANK,2025-12-02,307.0,307.25,300.7,302.8,302.25,4085596,12411.99,27036, 2110982, 51.67
3627,RBLBANK,2025-12-03,302.0,306.0,299.45,304.0,304.3,4279637,12947.98,30675, 1638652, 38.29
3628,RBLBANK,2025-12-04,304.05,304.3,296.2,298.3,298.45,4816287,14394.28,32437, 2634248, 54.69
3629,RBLBANK,2025-12-05,297.0,306.75,296.8,305.6,305.8,4484867,13582.92,39547, 1840150, 41.03
3630,RECLTD,2025-11-06,372.5,372.7,362.0,362.8,362.7,9880195,36089.29,119069, 5990287, 60.63
3631,RECLTD,2025-11-07,360.3,368.3,358.2,365.0,364.95,6342222,23046.9,84643, 2938746, 46.34
3632,RECLTD,2025-11-10,365.25,367.15,362.0,362.75,362.4,2951020,10733.62,47482, 1706076, 57.81
3633,RECLTD,2025-11-11,363.0,363.5,356.5,362.1,362.05,4740197,17050.64,67589, 2230655, 47.06
3634,RECLTD,2025-11-12,363.5,367.7,361.5,361.95,362.25,8852954,32136.76,58200, 5860506, 66.20
3635,RECLTD,2025-11-13,362.25,364.4,358.55,359.4,359.05,5159178,18665.92,51010, 2996768, 58.09
3636,RECLTD,2025-11-14,359.05,362.65,356.65,358.8,358.05,5905363,21205.16,81083, 3117699, 52.79
3637,RECLTD,2025-11-17,359.75,363.7,358.9,361.85,361.4,4493041,16250.02,53141, 2774762, 61.76
3638,RECLTD,2025-11-18,362.45,362.45,358.3,359.3,359.05,3554141,12773.73,45050, 2066430, 58.14
3639,RECLTD,2025-11-19,359.05,360.25,357.35,360.05,359.45,3569363,12809.33,70337, 2199166, 61.61
3640,RECLTD,2025-11-20,360.5,363.95,359.9,361.75,361.4,4168805,15092.36,53848, 2662964, 63.88
3641,RECLTD,2025-11-21,360.0,361.2,357.55,358.3,358.2,5875570,21077.07,47102, 4266209, 72.61
3642,RECLTD,2025-11-24,358.2,359.25,354.55,356.85,355.85,19478651,69305.54,100377, 14028224, 72.02
3643,RECLTD,2025-11-25,354.5,356.0,350.3,351.3,351.75,6515065,22995.79,80980, 4332288, 66.50
3644,RECLTD,2025-11-26,351.75,359.8,351.75,356.3,356.4,6349414,22681.94,66393, 4002359, 63.04
3645,RECLTD,2025-11-27,356.4,364.35,356.0,362.6,362.25,5683705,20581.59,58697, 2971707, 52.28
3646,RECLTD,2025-11-28,362.25,363.6,359.7,360.55,360.9,3053285,11016.66,40812, 1995412, 65.35
3647,RECLTD,2025-12-01,361.9,362.8,357.0,357.9,358.2,3297383,11842.97,61483, 1883818, 57.13
3648,RECLTD,2025-12-02,356.0,359.8,355.05,357.75,357.45,7352239,26285.14,41619, 5338235, 72.61
3649,RECLTD,2025-12-03,358.0,359.2,349.1,350.85,350.3,6490892,22838.57,80617, 4376936, 67.43
3650,RECLTD,2025-12-04,350.3,354.6,350.1,352.05,352.75,8305258,29291.97,52708, 5714610, 68.81
3651,RECLTD,2025-12-05,352.1,354.3,348.2,353.9,353.3,6012088,21127.01,62238, 3334708, 55.47
3652,RELIANCE,2025-11-06,1484.0,1501.6,1476.2,1494.8,1496.1,16772678,250596.57,269902, 9133200, 54.45
3653,RELIANCE,2025-11-07,1494.6,1498.4,1475.9,1480.0,1478.0,7821765,116287.33,139608, 4772863, 61.02
3654,RELIANCE,2025-11-10,1477.9,1501.0,1475.5,1490.1,1489.3,7068438,105509.78,154602, 4298505, 60.81
3655,RELIANCE,2025-11-11,1497.0,1498.8,1480.2,1493.8,1493.4,7127506,106169.77,149607, 3557777, 49.92
3656,RELIANCE,2025-11-12,1505.0,1524.7,1500.0,1511.8,1511.5,12384459,187625.17,252417, 7862490, 63.49
3657,RELIANCE,2025-11-13,1515.0,1522.1,1506.8,1512.1,1510.9,7196443,108979.56,209774, 4619589, 64.19
3658,RELIANCE,2025-11-14,1505.5,1520.9,1505.5,1518.2,1518.9,7682823,116510.85,194941, 5426632, 70.63
3659,RELIANCE,2025-11-17,1520.9,1523.7,1511.5,1518.0,1518.3,5871416,89062.94,123473, 3191232, 54.35
3660,RELIANCE,2025-11-18,1521.7,1527.8,1510.5,1520.0,1519.4,11045042,167905.05,165850, 5992310, 54.25
3661,RELIANCE,2025-11-19,1517.4,1522.3,1512.0,1519.0,1518.9,5692366,86446.4,131481, 3425018, 60.17
3662,RELIANCE,2025-11-20,1530.0,1550.9,1526.7,1549.5,1549.1,18171724,280493.06,246552, 12259441, 67.46
3663,RELIANCE,2025-11-21,1541.0,1557.8,1540.1,1543.7,1546.6,9615271,148973.86,240250, 5216783, 54.26
3664,RELIANCE,2025-11-24,1550.0,1550.0,1531.8,1534.9,1535.9,18433951,283378.41,198313, 12818848, 69.54
3665,RELIANCE,2025-11-25,1535.9,1559.6,1525.1,1540.0,1539.7,15033482,232469.1,299805, 7863116, 52.30
3666,RELIANCE,2025-11-26,1542.3,1571.6,1540.5,1569.6,1569.9,14054299,219665.89,285274, 8561296, 60.92
3667,RELIANCE,2025-11-27,1575.0,1575.5,1556.0,1564.8,1563.4,9794643,153157.05,278929, 5655438, 57.74
3668,RELIANCE,2025-11-28,1568.0,1581.3,1563.0,1569.0,1567.5,8959508,140838.39,229373, 4892138, 54.60
3669,RELIANCE,2025-12-01,1575.0,1577.5,1563.6,1566.5,1566.1,8920233,140164.87,292601, 4919907, 55.15
3670,RELIANCE,2025-12-02,1561.1,1567.5,1542.0,1548.3,1546.3,11389150,176602.97,323713, 7433861, 65.27
3671,RELIANCE,2025-12-03,1545.2,1552.4,1533.0,1539.1,1538.8,6090883,93765.94,156721, 4053636, 66.55
3672,RELIANCE,2025-12-04,1536.0,1560.5,1517.6,1525.3,1535.6,11867930,183208.33,203260, 7707822, 64.95
3673,RELIANCE,2025-12-05,1530.4,1545.8,1520.6,1544.6,1540.6,10183266,156292.91,181528, 6539615, 64.22
3674,RVNL,2025-11-06,325.9,327.45,317.3,317.5,317.8,3610101,11575.17,56115, 1660666, 46.00
3675,RVNL,2025-11-07,317.7,319.8,314.0,318.95,318.0,3577541,11351.4,43923, 987365, 27.60
3676,RVNL,2025-11-10,318.3,320.85,315.55,316.25,315.9,2271236,7218.35,32294, 864229, 38.05
3677,RVNL,2025-11-11,317.5,320.3,315.05,317.8,317.75,2711458,8600.36,32855, 931954, 34.37
3678,RVNL,2025-11-12,314.0,320.5,308.0,315.8,316.35,7164298,22607.81,67866, 1507694, 21.04
3679,RVNL,2025-11-13,316.05,320.9,314.0,314.35,314.3,3602435,11421.23,45199, 1088679, 30.22
3680,RVNL,2025-11-14,314.35,325.25,314.3,322.4,321.05,7162206,22930.34,57419, 1563870, 21.84
3681,RVNL,2025-11-17,322.65,335.65,321.4,327.0,327.0,13111023,43304.78,105213, 2412414, 18.40
3682,RVNL,2025-11-18,327.0,327.4,320.3,321.2,321.2,3136355,10120.39,34913, 1136423, 36.23
3683,RVNL,2025-11-19,320.9,322.2,316.5,320.2,320.15,2950970,9414.91,36002, 940553, 31.87
3684,RVNL,2025-11-20,320.45,324.15,318.1,319.05,319.1,2390778,7682.51,28952, 748255, 31.30
3685,RVNL,2025-11-21,319.05,319.05,313.6,314.0,314.0,2555681,8055.01,34753, 1038317, 40.63
3686,RVNL,2025-11-24,316.9,329.95,312.6,328.35,324.85,9809535,31543.24,80642, 3823080, 38.97
3687,RVNL,2025-11-25,323.55,326.0,315.2,323.0,322.9,10977583,35139.69,80038, 1724723, 15.71
3688,RVNL,2025-11-26,319.75,324.9,317.9,323.05,323.6,5359842,17274.74,45227, 1144201, 21.35
3689,RVNL,2025-11-27,326.8,329.7,321.6,324.3,324.55,4946518,16085.96,49307, 1096583, 22.17
3690,RVNL,2025-11-28,323.0,324.8,321.5,324.1,324.1,3243378,10474.72,37992, 920006, 28.37
3691,RVNL,2025-12-01,323.8,327.5,320.55,320.95,321.65,3356315,10864.56,40509, 744043, 22.17
3692,RVNL,2025-12-02,320.0,320.4,316.55,317.7,317.9,2598203,8270.35,31186, 827341, 31.84
3693,RVNL,2025-12-03,317.45,318.8,311.05,311.9,311.65,3009610,9437.54,41713, 1241067, 41.24
3694,RVNL,2025-12-04,313.25,316.4,310.7,312.0,312.4,4042661,12662.34,42005, 845067, 20.90
3695,RVNL,2025-12-05,312.3,312.4,307.85,311.6,310.85,3104280,9624.44,36911, 735130, 23.68
3696,SAIL,2025-11-06,138.0,139.69,136.0,137.75,137.91,18170970,25045.62,65524, 6226907, 34.27
3697,SAIL,2025-11-07,136.49,141.98,134.66,140.65,141.0,32646925,45537.89,74869, 13789561, 42.24
3698,SAIL,2025-11-10,141.0,145.82,141.0,143.98,144.34,41386043,59645.99,134864, 12681231, 30.64
3699,SAIL,2025-11-11,144.27,145.25,141.65,144.05,144.4,19224266,27627.02,69697, 8715574, 45.34
3700,SAIL,2025-11-12,145.04,145.28,142.8,143.0,143.49,14977228,21554.29,52841, 6971785, 46.55
3701,SAIL,2025-11-13,144.25,145.9,143.0,144.15,144.72,24530062,35485.77,77546, 9300294, 37.91
3702,SAIL,2025-11-14,144.15,145.0,141.33,141.49,141.99,13373663,19137.37,42103, 6270222, 46.88
3703,SAIL,2025-11-17,142.0,143.1,140.2,141.3,141.33,8529282,12089.46,37510, 3007292, 35.26
3704,SAIL,2025-11-18,140.61,140.87,137.18,138.65,138.9,16189299,22427.55,55009, 6936639, 42.85
3705,SAIL,2025-11-19,138.7,140.99,138.28,139.78,139.99,10782966,15086.49,40906, 5414161, 50.21
3706,SAIL,2025-11-20,139.8,140.61,137.8,138.3,138.19,9904118,13735.71,38523, 4620539, 46.65
3707,SAIL,2025-11-21,137.89,138.78,132.8,133.49,134.08,11154148,15151.34,47194, 4584070, 41.10
3708,SAIL,2025-11-24,134.0,134.51,131.7,132.14,132.08,12377263,16424.79,44450, 6098546, 49.27
3709,SAIL,2025-11-25,132.25,133.68,131.1,132.64,132.25,37889153,50130.31,73163, 21498444, 56.74
3710,SAIL,2025-11-26,133.85,138.3,133.71,136.48,136.92,37106654,50773.71,81596, 16997896, 45.81
3711,SAIL,2025-11-27,137.8,139.65,135.82,136.46,136.21,15805364,21675.43,36710, 8132565, 51.45
3712,SAIL,2025-11-28,136.79,137.29,134.49,135.0,134.91,12338284,16742.2,37130, 4849201, 39.30
3713,SAIL,2025-12-01,135.91,136.8,134.53,135.04,135.05,10957771,14836.66,31515, 5115195, 46.68
3714,SAIL,2025-12-02,135.05,135.12,131.24,132.55,132.46,11909464,15819.01,46636, 4755758, 39.93
3715,SAIL,2025-12-03,132.46,133.6,130.29,132.0,131.92,15579248,20493.37,53657, 7263184, 46.62
3716,SAIL,2025-12-04,132.0,134.3,131.66,132.0,132.14,13313343,17681.59,43583, 4069891, 30.57
3717,SAIL,2025-12-05,132.2,133.2,130.66,132.4,132.54,6506989,8593.03,32016, 1510871, 23.22
3718,SAMMAANCAP,2025-11-06,187.5,188.79,184.59,185.58,185.3,13434682,25052.94,40572, 5981531, 44.52
3719,SAMMAANCAP,2025-11-07,184.75,187.94,182.0,185.23,185.41,10631181,19696.81,47918, 5070288, 47.69
3720,SAMMAANCAP,2025-11-10,185.41,185.9,177.3,180.4,179.24,12487193,22566.04,47271, 4528579, 36.27
3721,SAMMAANCAP,2025-11-11,180.0,180.15,175.5,176.64,176.36,7972151,14137.21,32100, 3001267, 37.65
3722,SAMMAANCAP,2025-11-12,177.8,180.5,176.06,177.0,176.97,7361836,13087.22,25757, 3302147, 44.85
3723,SAMMAANCAP,2025-11-13,178.7,180.94,176.9,177.91,178.33,10449696,18679.9,39075, 4896568, 46.86
3724,SAMMAANCAP,2025-11-14,179.0,179.84,174.76,175.91,176.14,8467235,14964.98,29073, 3803087, 44.92
3725,SAMMAANCAP,2025-11-17,177.0,184.72,175.77,183.69,183.66,13973301,25400.4,55786, 4651562, 33.29
3726,SAMMAANCAP,2025-11-18,183.68,185.0,181.41,182.19,182.76,8401253,15387.33,31624, 2964058, 35.28
3727,SAMMAANCAP,2025-11-19,182.93,182.93,157.25,158.4,159.55,67471907,112352.73,169357, 20891223, 30.96
3728,SAMMAANCAP,2025-11-20,164.58,165.5,151.41,156.6,157.02,102179494,162386.65,285211, 22183564, 21.71
3729,SAMMAANCAP,2025-11-21,156.91,164.97,156.0,158.89,158.91,41593319,67260.67,120058, 8692864, 20.90
3730,SAMMAANCAP,2025-11-24,160.0,161.13,151.0,152.2,152.29,18989622,29424.56,52211, 6662995, 35.09
3731,SAMMAANCAP,2025-11-25,153.19,154.35,148.1,153.01,151.74,40718336,61554.17,108641, 14176957, 34.82
3732,SAMMAANCAP,2025-11-26,154.5,159.2,154.27,156.84,156.79,41113514,64639.93,88810, 16025104, 38.98
3733,SAMMAANCAP,2025-11-27,157.05,157.85,154.2,155.0,155.49,11385940,17734.84,37893, 4493823, 39.47
3734,SAMMAANCAP,2025-11-28,155.99,155.99,152.56,154.29,153.76,11839018,18189.36,37653, 4501405, 38.02
3735,SAMMAANCAP,2025-12-01,154.03,155.43,151.1,151.99,152.53,8546308,13070.84,32312, 3905111, 45.69
3736,SAMMAANCAP,2025-12-02,151.56,152.19,149.65,149.68,150.0,5739588,8654.74,19655, 2453148, 42.74
3737,SAMMAANCAP,2025-12-03,150.5,154.0,148.05,153.37,153.47,11508227,17426.49,32351, 4954806, 43.05
3738,SAMMAANCAP,2025-12-04,153.02,156.37,149.05,149.4,149.69,9944805,15169.75,32058, 3571599, 35.91
3739,SAMMAANCAP,2025-12-05,149.45,150.7,147.1,148.18,148.32,6815192,10129.22,24171, 2682196, 39.36
3740,SBICARD,2025-11-06,881.05,885.95,867.1,869.75,870.2,645583,5636.08,29819, 287507, 44.53
3741,SBICARD,2025-11-07,865.0,875.7,859.1,870.1,872.0,663704,5766.46,33351, 269166, 40.56
3742,SBICARD,2025-11-10,870.9,880.75,864.3,873.05,875.05,375947,3285.41,23510, 149421, 39.75
3743,SBICARD,2025-11-11,875.25,889.9,857.0,862.4,863.45,1033769,8926.69,36020, 540424, 52.28
3744,SBICARD,2025-11-12,870.0,874.95,864.05,870.0,869.8,1194966,10398.87,33079, 866279, 72.49
3745,SBICARD,2025-11-13,874.0,886.85,866.35,879.7,877.65,1877134,16476.1,39148, 1161547, 61.88
3746,SBICARD,2025-11-14,877.65,886.8,867.1,874.4,874.95,1863347,16319.45,51198, 1144998, 61.45
3747,SBICARD,2025-11-17,875.0,894.65,873.95,888.6,889.2,701225,6203.59,29233, 284237, 40.53
3748,SBICARD,2025-11-18,889.2,889.3,865.05,867.0,867.35,784965,6841.75,24201, 443262, 56.47
3749,SBICARD,2025-11-19,869.05,869.1,852.4,863.0,863.7,862548,7419.91,43079, 441433, 51.18
3750,SBICARD,2025-11-20,863.7,877.35,863.7,873.75,874.1,390374,3408.92,21984, 180041, 46.12
3751,SBICARD,2025-11-21,874.1,881.25,867.8,878.65,878.05,459811,4022.95,19064, 189810, 41.28
3752,SBICARD,2025-11-24,884.0,902.7,867.2,869.4,869.7,4097096,35983.12,66479, 2364880, 57.72
3753,SBICARD,2025-11-25,870.0,888.25,870.0,874.45,873.4,1962290,17163.17,44156, 1050227, 53.52
3754,SBICARD,2025-11-26,874.05,880.0,870.5,879.8,877.75,676067,5917.64,24870, 388522, 57.47
3755,SBICARD,2025-11-27,878.4,885.7,875.85,881.0,880.4,1072239,9438.06,19902, 855109, 79.75
3756,SBICARD,2025-11-28,880.0,881.95,873.9,880.5,880.15,349529,3071.88,12189, 196415, 56.19
3757,SBICARD,2025-12-01,881.05,883.15,870.1,875.7,876.5,783244,6858.85,23055, 498083, 63.59
3758,SBICARD,2025-12-02,871.1,893.75,871.1,884.4,883.45,1264882,11199.83,33398, 658268, 52.04
3759,SBICARD,2025-12-03,881.75,885.0,866.05,870.0,867.95,565296,4948.35,23291, 318999, 56.43
3760,SBICARD,2025-12-04,870.0,874.95,853.85,858.5,855.9,573572,4929.07,22188, 315201, 54.95
3761,SBICARD,2025-12-05,859.6,887.8,856.3,886.4,885.15,1752612,15416.61,33582, 779861, 44.50
3762,SBILIFE,2025-11-06,1976.9,1990.8,1964.0,1969.7,1970.8,1094086,21592.29,78297, 724028, 66.18
3763,SBILIFE,2025-11-07,1962.1,2004.0,1957.7,2003.9,1998.9,1241016,24712.23,58288, 881731, 71.05
3764,SBILIFE,2025-11-10,2000.1,2017.9,1985.2,1990.3,1989.3,1087154,21697.42,60573, 791950, 72.85
3765,SBILIFE,2025-11-11,1994.9,2002.2,1982.3,1995.6,1997.3,901898,17980.59,71864, 615614, 68.26
3766,SBILIFE,2025-11-12,1997.3,2009.0,1983.8,1997.0,1996.7,1006737,20092.88,64948, 697159, 69.25
3767,SBILIFE,2025-11-13,1980.6,2005.0,1975.5,1985.7,1987.9,671028,13336.2,45796, 422177, 62.91
3768,SBILIFE,2025-11-14,1982.6,2003.9,1977.8,2000.0,2000.9,678599,13506.05,43562, 441552, 65.07
3769,SBILIFE,2025-11-17,2000.9,2012.9,1993.3,1993.8,1996.0,726715,14540.48,41766, 511314, 70.36
3770,SBILIFE,2025-11-18,1991.1,2013.5,1988.0,1990.4,1993.3,855558,17094.36,48160, 553195, 64.66
3771,SBILIFE,2025-11-19,1990.9,2008.3,1985.0,2000.2,2004.8,894171,17908.86,55045, 687937, 76.94
3772,SBILIFE,2025-11-20,2013.9,2032.0,2000.0,2030.0,2027.1,805778,16269.2,31816, 551572, 68.45
3773,SBILIFE,2025-11-21,2026.9,2030.5,2016.6,2018.2,2022.5,506477,10250.49,34796, 319581, 63.10
3774,SBILIFE,2025-11-24,2027.0,2086.6,2005.0,2075.0,2014.8,2592739,52225.06,81742, 2142884, 82.65
3775,SBILIFE,2025-11-25,1972.4,2044.0,1972.4,2031.0,2031.0,748087,15127.47,43344, 366790, 49.03
3776,SBILIFE,2025-11-26,2031.0,2045.0,2024.0,2027.0,2029.1,826123,16782.2,46463, 564552, 68.34
3777,SBILIFE,2025-11-27,2030.0,2036.0,2000.8,2001.8,2004.5,652128,13089.41,35922, 441703, 67.73
3778,SBILIFE,2025-11-28,2011.0,2011.1,1961.0,1970.0,1966.0,1011160,20000.42,50844, 644072, 63.70
3779,SBILIFE,2025-12-01,1967.0,1977.0,1951.2,1974.0,1971.6,483716,9499.87,41733, 279424, 57.77
3780,SBILIFE,2025-12-02,1952.0,1989.9,1952.0,1985.0,1981.5,942591,18563.61,55575, 545753, 57.90
3781,SBILIFE,2025-12-03,1982.0,1991.0,1959.9,1974.0,1972.8,515105,10153.15,32213, 300420, 58.32
3782,SBILIFE,2025-12-04,1970.2,2009.0,1959.0,2000.7,2002.9,660360,13202.21,49507, 365752, 55.39
3783,SBILIFE,2025-12-05,2003.0,2046.3,2000.7,2018.8,2023.7,749526,15191.64,44203, 301019, 40.16
3784,SBIN,2025-11-06,969.65,971.4,955.3,959.85,960.75,23088096,222166.71,295608, 13397703, 58.03
3785,SBIN,2025-11-07,958.75,964.85,944.0,954.8,955.85,13371323,127770.09,213279, 7959780, 59.53
3786,SBIN,2025-11-10,956.0,963.2,949.1,950.55,951.15,7343249,69959.81,152876, 3897836, 53.08
3787,SBIN,2025-11-11,953.6,954.95,945.05,954.0,953.3,8648917,82264.99,194994, 4657015, 53.85
3788,SBIN,2025-11-12,957.7,961.55,951.4,953.7,957.15,7043323,67483.4,135063, 4074618, 57.85
3789,SBIN,2025-11-13,954.25,963.95,952.45,954.9,954.0,8894441,85202.61,164831, 5037758, 56.64
3790,SBIN,2025-11-14,952.95,969.05,952.0,967.95,967.85,11032927,106178.44,191862, 7101035, 64.36
3791,SBIN,2025-11-17,971.0,976.0,968.5,973.0,973.35,7415026,72154.89,117287, 4733813, 63.84
3792,SBIN,2025-11-18,975.6,976.7,968.85,971.3,972.45,6594686,64149.42,107945, 3596058, 54.53
3793,SBIN,2025-11-19,972.45,984.45,968.8,980.5,982.75,8291226,81196.88,142097, 4914972, 59.28
3794,SBIN,2025-11-20,986.0,986.6,979.35,981.05,981.55,6440857,63256.85,139178, 3856730, 59.88
3795,SBIN,2025-11-21,979.7,980.6,971.05,972.45,972.6,5377241,52434.1,113553, 3526428, 65.58
3796,SBIN,2025-11-24,975.55,977.7,968.05,969.7,970.6,9901946,96276.96,112062, 6465112, 65.29
3797,SBIN,2025-11-25,975.55,988.95,971.35,983.5,983.6,9140201,89877.62,207975, 4782863, 52.33
3798,SBIN,2025-11-26,986.6,999.0,982.15,983.05,983.9,13943490,137956.95,178538, 8480096, 60.82
3799,SBIN,2025-11-27,986.7,988.55,968.9,973.0,972.85,11909168,116188.05,174267, 6251102, 52.49
3800,SBIN,2025-11-28,976.8,983.0,973.05,976.35,979.0,8117842,79464.4,150394, 4945604, 60.92
3801,SBIN,2025-12-01,985.45,991.2,969.85,972.6,973.1,8808306,86247.53,237856, 4672529, 53.05
3802,SBIN,2025-12-02,976.0,980.45,964.9,969.9,967.3,13444314,130843.54,177697, 8460301, 62.93
3803,SBIN,2025-12-03,970.45,972.55,947.55,950.8,951.05,14051968,133859.9,233255, 9786367, 69.64
3804,SBIN,2025-12-04,951.05,952.55,944.45,948.8,948.1,13622724,129070.04,272677, 10093237, 74.09
3805,SBIN,2025-12-05,948.85,973.3,946.7,971.7,971.5,17347847,166812.38,190193, 8919256, 51.41
3806,SHREECEM,2025-11-06,27620.0,27690.0,27400.0,27400.0,27450.0,15109,4156.94,6157, 6851, 45.34
3807,SHREECEM,2025-11-07,27400.0,27760.0,27210.0,27400.0,27375.0,23046,6339.03,8707, 12552, 54.46
3808,SHREECEM,2025-11-10,27400.0,27535.0,27035.0,27170.0,27090.0,32166,8755.5,14303, 21983, 68.34
3809,SHREECEM,2025-11-11,27250.0,27250.0,26915.0,27025.0,27035.0,19431,5254.76,9474, 13376, 68.84
3810,SHREECEM,2025-11-12,27245.0,27245.0,26970.0,27090.0,27095.0,24395,6606.17,9916, 18879, 77.39
3811,SHREECEM,2025-11-13,27200.0,27275.0,26950.0,27060.0,26995.0,14547,3943.78,6769, 7053, 48.48
3812,SHREECEM,2025-11-14,26955.0,27090.0,26610.0,26820.0,26700.0,18167,4859.05,6880, 12096, 66.58
3813,SHREECEM,2025-11-17,26820.0,26820.0,26610.0,26660.0,26680.0,20761,5541.4,9193, 12403, 59.74
3814,SHREECEM,2025-11-18,26690.0,26760.0,26300.0,26460.0,26420.0,36817,9756.33,13504, 26045, 70.74
3815,SHREECEM,2025-11-19,26495.0,26630.0,26405.0,26550.0,26510.0,12630,3347.44,5693, 7744, 61.31
3816,SHREECEM,2025-11-20,26520.0,26620.0,26395.0,26475.0,26480.0,15461,4097.37,6687, 10536, 68.15
3817,SHREECEM,2025-11-21,26505.0,26750.0,26420.0,26500.0,26480.0,15422,4099.62,6263, 8165, 52.94
3818,SHREECEM,2025-11-24,26490.0,26540.0,26325.0,26505.0,26490.0,23404,6196.26,9066, 16248, 69.42
3819,SHREECEM,2025-11-25,26490.0,26505.0,26360.0,26505.0,26455.0,35989,9521.06,9735, 29478, 81.91
3820,SHREECEM,2025-11-26,26655.0,26975.0,26480.0,26945.0,26935.0,16119,4317.68,4278, 10529, 65.32
3821,SHREECEM,2025-11-27,26935.0,26945.0,26615.0,26780.0,26755.0,25657,6854.09,6589, 17557, 68.43
3822,SHREECEM,2025-11-28,26780.0,26865.0,26325.0,26420.0,26400.0,15137,4003.49,4364, 10777, 71.20
3823,SHREECEM,2025-12-01,26550.0,26565.0,26320.0,26320.0,26415.0,16587,4381.54,4965, 10453, 63.02
3824,SHREECEM,2025-12-02,26250.0,26645.0,26165.0,26645.0,26545.0,34844,9187.0,9979, 24810, 71.20
3825,SHREECEM,2025-12-03,26645.0,26685.0,26115.0,26235.0,26300.0,36102,9496.06,10346, 26044, 72.14
3826,SHREECEM,2025-12-04,26270.0,26490.0,26180.0,26400.0,26450.0,9275,2444.51,4447, 6003, 64.72
3827,SHREECEM,2025-12-05,26450.0,26455.0,26015.0,26100.0,26075.0,30319,7973.77,6836, 25190, 83.08
3828,SHRIRAMFIN,2025-11-06,792.6,800.6,785.0,791.95,792.5,10930939,86560.26,162770, 6912843, 63.24
3829,SHRIRAMFIN,2025-11-07,792.5,820.0,780.8,817.7,816.35,9765252,78832.4,232482, 4747264, 48.61
3830,SHRIRAMFIN,2025-11-10,822.0,830.7,816.65,820.9,821.1,8623863,71029.11,196459, 5169289, 59.94
3831,SHRIRAMFIN,2025-11-11,821.1,833.3,804.05,831.0,832.3,7336169,60175.82,119815, 3855073, 52.55
3832,SHRIRAMFIN,2025-11-12,832.3,838.65,821.4,822.1,822.5,4239741,35046.04,141117, 2551681, 60.18
3833,SHRIRAMFIN,2025-11-13,826.0,826.35,809.75,813.5,814.0,6048569,49290.74,84968, 3358236, 55.52
3834,SHRIRAMFIN,2025-11-14,809.5,817.95,803.9,808.5,809.3,5672058,45932.38,104103, 4120533, 72.65
3835,SHRIRAMFIN,2025-11-17,809.0,828.35,808.6,817.55,817.9,7386312,60615.64,134218, 4190996, 56.74
3836,SHRIRAMFIN,2025-11-18,820.0,827.7,810.0,823.0,820.2,6684086,54918.75,88578, 4108834, 61.47
3837,SHRIRAMFIN,2025-11-19,824.15,826.7,815.8,816.0,818.05,3711577,30474.03,61650, 2153838, 58.03
3838,SHRIRAMFIN,2025-11-20,822.0,828.7,816.5,824.65,826.6,3187958,26249.85,62569, 1608736, 50.46
3839,SHRIRAMFIN,2025-11-21,825.0,832.0,810.6,822.15,823.3,3831244,31501.28,74571, 1685875, 44.00
3840,SHRIRAMFIN,2025-11-24,825.0,839.5,821.1,827.0,828.2,8140579,67580.46,118273, 5137950, 63.12
3841,SHRIRAMFIN,2025-11-25,828.2,841.85,827.2,838.6,838.25,5418151,45309.45,106670, 3191437, 58.90
3842,SHRIRAMFIN,2025-11-26,841.95,858.85,838.3,853.5,856.6,7052927,60089.23,122055, 3657870, 51.86
3843,SHRIRAMFIN,2025-11-27,860.0,869.5,857.25,867.95,867.65,6752154,58423.52,138433, 4004272, 59.30
3844,SHRIRAMFIN,2025-11-28,870.05,872.0,848.75,855.95,851.65,8198342,70109.74,80024, 5504527, 67.14
3845,SHRIRAMFIN,2025-12-01,857.85,865.0,849.45,851.95,851.55,6330770,54109.15,144850, 3761185, 59.41
3846,SHRIRAMFIN,2025-12-02,855.75,855.95,840.8,844.2,843.4,5587375,47341.32,126052, 3893075, 69.68
3847,SHRIRAMFIN,2025-12-03,843.4,846.45,818.95,828.0,828.1,9931005,82235.56,157919, 6285489, 63.29
3848,SHRIRAMFIN,2025-12-04,830.45,836.0,821.0,831.05,828.15,11436899,94492.29,128582, 7258489, 63.47
3849,SHRIRAMFIN,2025-12-05,828.15,857.0,828.15,853.35,854.9,12137708,103124.26,188462, 5237128, 43.15
3850,SIEMENS,2025-11-06,3109.9,3127.4,3071.5,3084.0,3083.5,297842,9215.73,22025, 179987, 60.43
3851,SIEMENS,2025-11-07,3085.0,3085.1,3005.0,3030.0,3033.4,304289,9240.95,26807, 176734, 58.08
3852,SIEMENS,2025-11-10,3033.4,3088.0,3003.1,3053.0,3054.4,465289,14147.95,35232, 262658, 56.45
3853,SIEMENS,2025-11-11,3064.0,3069.9,3007.1,3025.3,3022.0,214908,6496.05,22206, 98840, 45.99
3854,SIEMENS,2025-11-12,3050.0,3068.4,3017.7,3068.0,3056.6,284010,8632.66,20521, 146648, 51.63
3855,SIEMENS,2025-11-13,3065.0,3124.7,3056.5,3064.0,3066.1,324328,10035.98,27703, 143234, 44.16
3856,SIEMENS,2025-11-14,3070.0,3105.0,3037.7,3093.4,3084.2,284674,8766.08,22742, 128858, 45.27
3857,SIEMENS,2025-11-17,3093.4,3242.0,3093.4,3238.0,3232.6,1556685,49755.71,82532, 618299, 39.72
3858,SIEMENS,2025-11-18,3244.8,3269.9,3201.3,3249.0,3249.5,596935,19340.12,39863, 249204, 41.75
3859,SIEMENS,2025-11-19,3222.0,3246.0,3186.1,3210.0,3211.5,336775,10839.74,27048, 163903, 48.67
3860,SIEMENS,2025-11-20,3220.0,3243.8,3205.7,3212.0,3216.3,344112,11086.96,34931, 161329, 46.88
3861,SIEMENS,2025-11-21,3205.0,3214.9,3146.0,3168.0,3173.5,424858,13490.84,32818, 228199, 53.71
3862,SIEMENS,2025-11-24,3174.9,3184.5,3147.0,3165.6,3163.9,597847,18927.17,37799, 375780, 62.86
3863,SIEMENS,2025-11-25,3198.2,3202.9,3154.0,3189.4,3181.1,397365,12603.2,34200, 206607, 51.99
3864,SIEMENS,2025-11-26,3195.0,3332.6,3184.8,3310.0,3318.8,1149408,37949.47,75904, 505571, 43.99
3865,SIEMENS,2025-11-27,3310.0,3316.6,3266.2,3302.0,3312.1,269573,8886.79,22254, 121115, 44.93
3866,SIEMENS,2025-11-28,3309.0,3311.9,3285.0,3300.0,3297.0,186409,6146.2,13708, 99207, 53.22
3867,SIEMENS,2025-12-01,3324.9,3324.9,3274.4,3316.0,3310.2,194610,6424.17,21076, 102312, 52.57
3868,SIEMENS,2025-12-02,3310.2,3384.0,3301.1,3359.3,3361.0,744346,24964.8,53750, 395071, 53.08
3869,SIEMENS,2025-12-03,3372.1,3374.6,3308.8,3330.0,3329.9,368000,12284.07,29669, 212405, 57.72
3870,SIEMENS,2025-12-04,3332.9,3375.0,3313.0,3353.0,3362.5,268367,8983.2,25553, 136249, 50.77
3871,SIEMENS,2025-12-05,3362.5,3374.0,3280.6,3320.0,3325.9,287226,9556.4,23464, 127808, 44.50
3872,SOLARINDS,2025-11-06,13700.0,13713.0,13350.0,13410.0,13376.0,75461,10175.76,22257, 40725, 53.97
3873,SOLARINDS,2025-11-07,13410.0,13599.0,13227.0,13595.0,13573.0,62144,8347.91,19582, 28018, 45.09
3874,SOLARINDS,2025-11-10,13600.0,13740.0,13312.0,13381.0,13407.0,147395,19975.47,32088, 53716, 36.44
3875,SOLARINDS,2025-11-11,13480.0,14085.0,13231.0,13828.0,13788.0,305585,42138.45,63856, 86891, 28.43
3876,SOLARINDS,2025-11-12,13950.0,14245.0,13780.0,14045.0,14084.0,210558,29683.55,48177, 94235, 44.75
3877,SOLARINDS,2025-11-13,14145.0,14145.0,13712.0,13788.0,13759.0,114341,15864.06,25114, 49876, 43.62
3878,SOLARINDS,2025-11-14,13790.0,14016.0,13700.0,13910.0,13880.0,99365,13797.45,23597, 42043, 42.31
3879,SOLARINDS,2025-11-17,13980.0,14074.0,13822.0,13925.0,13910.0,105557,14689.31,19432, 56121, 53.17
3880,SOLARINDS,2025-11-18,13910.0,13970.0,13651.0,13770.0,13770.0,90160,12452.27,20708, 30857, 34.22
3881,SOLARINDS,2025-11-19,14000.0,14065.0,13677.0,13792.0,13809.0,175913,24326.66,34544, 53861, 30.62
3882,SOLARINDS,2025-11-20,13875.0,14060.0,13787.0,13947.0,13951.0,104582,14585.98,18649, 41446, 39.63
3883,SOLARINDS,2025-11-21,13955.0,13984.0,13730.0,13751.0,13758.0,74990,10361.98,18601, 39754, 53.01
3884,SOLARINDS,2025-11-24,13790.0,13790.0,13318.0,13362.0,13367.0,148239,19911.88,31437, 81985, 55.31
3885,SOLARINDS,2025-11-25,13355.0,13451.0,13241.0,13280.0,13267.0,79357,10573.83,20160, 36535, 46.04
3886,SOLARINDS,2025-11-26,13348.0,13548.0,13300.0,13462.0,13460.0,50316,6772.34,13778, 25511, 50.70
3887,SOLARINDS,2025-11-27,13527.0,13590.0,13290.0,13340.0,13353.0,61893,8299.56,17121, 23851, 38.54
3888,SOLARINDS,2025-11-28,13379.0,13379.0,13138.0,13315.0,13272.0,103574,13718.5,23246, 61687, 59.56
3889,SOLARINDS,2025-12-01,13329.0,13405.0,13201.0,13240.0,13248.0,85807,11415.1,24087, 48538, 56.57
3890,SOLARINDS,2025-12-02,13285.0,13340.0,13160.0,13308.0,13307.0,89898,11913.89,22476, 45848, 51.00
3891,SOLARINDS,2025-12-03,13310.0,13363.0,12785.0,12839.0,12835.0,114964,14887.96,26567, 63961, 55.64
3892,SOLARINDS,2025-12-04,12879.0,12989.0,12702.0,12945.0,12941.0,83946,10831.4,23076, 43474, 51.79
3893,SOLARINDS,2025-12-05,12936.0,12951.0,12701.0,12840.0,12819.0,50887,6516.16,14308, 22103, 43.44
3894,SONACOMS,2025-11-06,484.0,486.75,481.4,483.1,482.9,1428893,6910.02,34444, 865775, 60.59
3895,SONACOMS,2025-11-07,480.0,493.4,476.1,489.95,491.1,1644050,8002.79,42543, 930946, 56.63
3896,SONACOMS,2025-11-10,493.0,493.85,484.6,486.2,485.7,1363815,6668.06,25165, 770770, 56.52
3897,SONACOMS,2025-11-11,488.0,492.4,480.8,490.0,489.8,1089218,5299.02,17188, 482745, 44.32
3898,SONACOMS,2025-11-12,491.5,500.0,488.6,496.05,497.75,1449667,7196.95,31424, 727380, 50.18
3899,SONACOMS,2025-11-13,499.45,500.8,485.6,488.75,489.15,1626959,8010.1,33927, 1017368, 62.53
3900,SONACOMS,2025-11-14,487.1,489.45,477.75,486.25,485.6,956167,4615.2,17819, 395206, 41.33
3901,SONACOMS,2025-11-17,486.0,487.95,480.0,486.0,486.0,1700170,8249.04,45994, 1180803, 69.45
3902,SONACOMS,2025-11-18,487.7,491.35,476.3,489.05,488.55,2096390,10119.21,25982, 1242123, 59.25
3903,SONACOMS,2025-11-19,491.05,508.4,489.8,507.0,506.95,5842354,29400.79,114695, 1801220, 30.83
3904,SONACOMS,2025-11-20,509.95,515.5,502.25,506.5,507.65,2647276,13480.89,102505, 1122017, 42.38
3905,SONACOMS,2025-11-21,507.65,517.8,500.75,502.0,503.15,3119184,15914.59,81749, 1035902, 33.21
3906,SONACOMS,2025-11-24,503.0,512.4,499.7,504.1,505.8,1898547,9623.62,45131, 1056840, 55.67
3907,SONACOMS,2025-11-25,505.8,506.3,497.1,501.5,501.3,1347508,6746.06,44700, 566062, 42.01
3908,SONACOMS,2025-11-26,501.95,510.45,499.3,510.0,507.2,816531,4125.33,30771, 414686, 50.79
3909,SONACOMS,2025-11-27,511.9,520.6,507.8,509.5,509.5,2107475,10826.96,62916, 759448, 36.04
3910,SONACOMS,2025-11-28,513.0,513.7,505.7,511.2,511.75,1107443,5641.08,30934, 454786, 41.07
3911,SONACOMS,2025-12-01,514.25,515.15,505.1,511.0,508.75,1237953,6300.75,61932, 538992, 43.54
3912,SONACOMS,2025-12-02,507.0,510.85,502.25,508.0,506.4,696651,3524.14,27136, 325784, 46.76
3913,SONACOMS,2025-12-03,508.6,508.6,489.6,492.3,491.65,1154576,5710.0,28423, 547159, 47.39
3914,SONACOMS,2025-12-04,493.0,504.8,491.65,500.0,499.65,1353456,6760.92,25142, 539268, 39.84
3915,SONACOMS,2025-12-05,499.65,499.9,488.25,493.1,492.85,1038693,5117.91,22243, 599306, 57.70
3916,SRF,2025-11-06,2940.0,2949.4,2894.4,2897.0,2899.3,232346,6768.19,23328, 140570, 60.50
3917,SRF,2025-11-07,2880.0,2909.6,2871.0,2899.9,2896.8,278821,8039.53,24275, 173531, 62.24
3918,SRF,2025-11-10,2898.0,2915.0,2860.1,2905.0,2903.9,325413,9395.92,30214, 190442, 58.52
3919,SRF,2025-11-11,2918.9,2938.1,2868.8,2934.7,2929.9,510863,14835.56,34648, 298700, 58.47
3920,SRF,2025-11-12,2934.8,2951.5,2907.7,2951.5,2941.4,522290,15281.58,31983, 369587, 70.76
3921,SRF,2025-11-13,2950.0,2965.0,2884.9,2889.0,2912.0,332136,9703.09,26840, 210458, 63.37
3922,SRF,2025-11-14,2881.0,2882.4,2819.8,2835.9,2839.1,820807,23347.04,45714, 523214, 63.74
3923,SRF,2025-11-17,2830.0,2852.3,2820.8,2833.8,2833.1,474474,13450.91,38497, 331816, 69.93
3924,SRF,2025-11-18,2854.2,2854.2,2810.1,2815.0,2816.6,434039,12269.91,40241, 268999, 61.98
3925,SRF,2025-11-19,2827.9,2834.9,2772.3,2788.0,2786.4,580738,16194.62,41122, 399128, 68.73
3926,SRF,2025-11-20,2799.0,2876.0,2791.1,2850.2,2851.6,1054257,29949.21,69998, 633838, 60.12
3927,SRF,2025-11-21,2851.6,2858.0,2822.7,2823.4,2838.4,278651,7919.44,34002, 156286, 56.09
3928,SRF,2025-11-24,2838.4,2838.6,2793.4,2800.0,2807.5,1292039,36298.18,44749, 887987, 68.73
3929,SRF,2025-11-25,2811.4,2828.7,2778.3,2798.4,2793.8,437475,12252.54,35175, 241198, 55.13
3930,SRF,2025-11-26,2796.8,2825.3,2784.6,2809.5,2809.8,413644,11618.7,25734, 309345, 74.79
3931,SRF,2025-11-27,2810.0,2864.2,2810.0,2834.9,2840.0,555994,15797.64,37691, 339096, 60.99
3932,SRF,2025-11-28,2859.3,2954.8,2836.8,2933.0,2927.3,1212051,35432.02,65088, 377763, 31.17
3933,SRF,2025-12-01,2927.3,2939.9,2896.0,2916.2,2923.0,467183,13602.41,35840, 279224, 59.77
3934,SRF,2025-12-02,2922.0,2922.3,2848.8,2865.9,2859.5,526048,15101.58,42563, 300336, 57.09
3935,SRF,2025-12-03,2848.2,2868.9,2822.6,2826.0,2830.0,273168,7774.6,20576, 166833, 61.07
3936,SRF,2025-12-04,2820.0,2849.0,2815.3,2843.3,2840.1,117234,3321.13,14089, 61743, 52.67
3937,SRF,2025-12-05,2850.9,2891.6,2828.3,2887.9,2885.4,376436,10809.81,25011, 238619, 63.39
3938,SUNPHARMA,2025-11-06,1699.0,1723.9,1667.0,1686.0,1685.9,3389867,57360.75,109525, 1700433, 50.16
3939,SUNPHARMA,2025-11-07,1694.0,1710.0,1683.1,1692.7,1691.4,1512908,25612.16,59783, 750184, 49.59
3940,SUNPHARMA,2025-11-10,1697.5,1703.1,1685.8,1692.8,1697.8,1235665,20966.0,57380, 784413, 63.48
3941,SUNPHARMA,2025-11-11,1701.6,1719.0,1695.0,1719.0,1716.1,1315353,22459.52,63980, 784851, 59.67
3942,SUNPHARMA,2025-11-12,1721.4,1744.1,1710.2,1733.0,1732.1,1833097,31737.31,87893, 1089426, 59.43
3943,SUNPHARMA,2025-11-13,1734.5,1747.8,1725.4,1737.9,1737.4,1727602,30038.79,98434, 1105829, 64.01
3944,SUNPHARMA,2025-11-14,1737.4,1760.1,1734.7,1755.0,1757.1,1667322,29218.87,76895, 1170855, 70.22
3945,SUNPHARMA,2025-11-17,1765.8,1768.0,1747.7,1764.0,1763.9,1430618,25182.99,57594, 908929, 63.53
3946,SUNPHARMA,2025-11-18,1764.0,1764.5,1750.0,1759.5,1758.8,1429522,25129.26,68012, 944633, 66.08
3947,SUNPHARMA,2025-11-19,1762.0,1790.3,1751.1,1786.5,1784.1,2131124,37947.46,77851, 1419633, 66.61
3948,SUNPHARMA,2025-11-20,1790.0,1792.0,1773.1,1776.8,1777.4,1513894,26940.11,92396, 982180, 64.88
3949,SUNPHARMA,2025-11-21,1778.0,1787.4,1773.7,1782.7,1779.7,2199311,39133.63,105515, 1723197, 78.35
3950,SUNPHARMA,2025-11-24,1785.9,1785.9,1771.8,1782.0,1780.8,3434492,61115.31,75407, 2624479, 76.42
3951,SUNPHARMA,2025-11-25,1785.0,1792.1,1766.1,1767.8,1776.8,1848114,32933.8,81893, 1229894, 66.55
3952,SUNPHARMA,2025-11-26,1775.5,1806.9,1773.6,1805.5,1804.9,1158948,20817.21,59574, 673708, 58.13
3953,SUNPHARMA,2025-11-27,1802.1,1814.9,1802.1,1809.5,1810.3,2902053,52561.52,72954, 2373074, 81.77
3954,SUNPHARMA,2025-11-28,1810.3,1833.0,1807.5,1832.0,1831.6,1623103,29615.42,75151, 1057389, 65.15
3955,SUNPHARMA,2025-12-01,1841.0,1849.0,1801.0,1809.0,1807.4,1869293,33894.71,90208, 1125549, 60.21
3956,SUNPHARMA,2025-12-02,1804.0,1814.9,1788.6,1804.9,1799.5,2948688,52989.17,81274, 2067538, 70.12
3957,SUNPHARMA,2025-12-03,1805.0,1816.0,1782.5,1803.0,1806.7,2114510,38035.38,69470, 1413209, 66.83
3958,SUNPHARMA,2025-12-04,1808.4,1823.2,1798.3,1813.7,1818.3,1713961,31087.39,80509, 1120042, 65.35
3959,SUNPHARMA,2025-12-05,1819.0,1820.2,1800.2,1805.0,1805.3,1777401,32126.77,73764, 1212533, 68.22
3960,SUPREMEIND,2025-11-06,3898.0,3902.7,3832.6,3836.1,3845.1,200648,7733.63,22201, 136795, 68.18
3961,SUPREMEIND,2025-11-07,3838.9,3848.9,3765.0,3831.2,3831.2,220703,8406.96,28530, 117294, 53.15
3962,SUPREMEIND,2025-11-10,3838.9,3903.9,3824.9,3875.0,3866.5,169752,6554.98,18430, 98455, 58.00
3963,SUPREMEIND,2025-11-11,3866.5,3891.0,3814.9,3884.3,3874.2,126103,4864.12,13107, 69379, 55.02
3964,SUPREMEIND,2025-11-12,3880.0,3938.0,3853.5,3922.3,3914.3,106866,4157.05,15835, 54086, 50.61
3965,SUPREMEIND,2025-11-13,3915.0,3915.0,3803.0,3835.0,3832.0,312787,12004.18,26821, 179442, 57.37
3966,SUPREMEIND,2025-11-14,3832.0,3832.0,3692.4,3707.0,3709.8,346218,12990.13,33349, 175049, 50.56
3967,SUPREMEIND,2025-11-17,3679.0,3710.3,3612.2,3633.0,3625.7,441046,16072.7,41887, 214899, 48.72
3968,SUPREMEIND,2025-11-18,3629.0,3655.0,3596.0,3613.0,3618.4,173788,6285.84,19463, 91994, 52.93
3969,SUPREMEIND,2025-11-19,3635.0,3636.3,3571.5,3594.0,3591.0,206982,7429.03,20702, 113138, 54.66
3970,SUPREMEIND,2025-11-20,3609.5,3615.0,3547.2,3572.0,3568.7,213608,7634.97,24313, 114653, 53.67
3971,SUPREMEIND,2025-11-21,3567.0,3567.0,3463.4,3475.0,3475.3,347471,12162.0,27295, 171694, 49.41
3972,SUPREMEIND,2025-11-24,3489.5,3489.5,3420.9,3438.0,3432.5,445302,15388.46,27449, 282095, 63.35
3973,SUPREMEIND,2025-11-25,3445.0,3459.2,3418.0,3423.0,3427.3,139324,4779.97,16945, 72309, 51.90
3974,SUPREMEIND,2025-11-26,3610.5,3610.5,3402.0,3444.9,3463.9,260828,9040.96,17397, 75573, 28.97
3975,SUPREMEIND,2025-11-27,3459.0,3459.0,3401.4,3414.0,3416.9,221239,7565.51,22381, 113933, 51.50
3976,SUPREMEIND,2025-11-28,3420.0,3421.0,3384.0,3391.8,3391.6,208536,7078.41,16946, 139330, 66.81
3977,SUPREMEIND,2025-12-01,3400.0,3407.5,3322.2,3340.0,3334.5,477985,16025.74,29486, 328206, 68.66
3978,SUPREMEIND,2025-12-02,3334.3,3356.5,3310.5,3326.8,3332.1,134251,4468.29,17682, 79327, 59.09
3979,SUPREMEIND,2025-12-03,3332.0,3340.0,3288.4,3298.7,3297.4,159519,5268.28,16598, 101633, 63.71
3980,SUPREMEIND,2025-12-04,3285.0,3345.0,3285.0,3339.2,3341.1,62801,2086.44,8724, 26971, 42.95
3981,SUPREMEIND,2025-12-05,3341.2,3384.0,3280.5,3362.9,3371.1,571062,19142.01,33722, 402364, 70.46
3982,SUZLON,2025-11-06,61.5,61.5,59.46,59.5,59.61,147235071,88460.83,206401, 55305153, 37.56
3983,SUZLON,2025-11-07,59.5,59.5,56.93,57.5,57.38,122840652,70871.68,222710, 43320158, 35.27
3984,SUZLON,2025-11-10,57.9,58.2,57.01,57.49,57.43,63054794,36303.39,118402, 21751475, 34.50
3985,SUZLON,2025-11-11,57.6,58.05,56.86,58.05,57.82,50483890,29018.77,94980, 20274371, 40.16
3986,SUZLON,2025-11-12,58.2,58.95,57.67,58.29,58.48,53042828,30952.0,94019, 20415440, 38.49
3987,SUZLON,2025-11-13,58.29,58.34,57.41,57.53,57.58,40221624,23287.38,87220, 17650079, 43.88
3988,SUZLON,2025-11-14,57.5,58.29,57.03,57.7,57.68,41214942,23767.29,83177, 16622118, 40.33
3989,SUZLON,2025-11-17,57.8,58.16,57.5,57.69,57.7,36049802,20807.48,78041, 14775633, 40.99
3990,SUZLON,2025-11-18,57.88,57.88,56.7,56.8,56.9,29797672,17023.44,69678, 15461104, 51.89
3991,SUZLON,2025-11-19,56.95,57.08,56.3,56.57,56.53,35976206,20379.14,70877, 16360479, 45.48
3992,SUZLON,2025-11-20,56.6,57.15,56.52,56.71,56.7,37658777,21407.57,74478, 16062345, 42.65
3993,SUZLON,2025-11-21,56.67,56.72,55.0,55.21,55.1,42894379,23896.89,102268, 20287637, 47.30
3994,SUZLON,2025-11-24,55.1,55.54,54.4,54.59,54.61,96347031,52766.77,112288, 60784135, 63.09
3995,SUZLON,2025-11-25,54.5,54.95,54.11,54.18,54.19,36680917,19966.52,92005, 16909513, 46.10
3996,SUZLON,2025-11-26,54.2,55.69,54.14,55.66,55.58,43866679,24252.56,74208, 18404455, 41.96
3997,SUZLON,2025-11-27,55.7,55.9,54.81,54.96,54.93,28645872,15812.45,62378, 11944100, 41.70
3998,SUZLON,2025-11-28,55.0,55.0,53.75,54.12,54.01,52551047,28468.67,94918, 30592236, 58.21
3999,SUZLON,2025-12-01,54.3,54.74,53.52,53.77,53.72,33170385,17920.25,88271, 14713711, 44.36
4000,SUZLON,2025-12-02,53.75,54.1,53.21,53.5,53.42,41115861,22013.64,102850, 17983103, 43.74
4001,SUZLON,2025-12-03,53.43,53.65,52.22,52.63,52.59,42825048,22550.11,107230, 20338821, 47.49
4002,SUZLON,2025-12-04,52.65,52.84,50.6,50.9,50.85,76794810,39500.83,178762, 38395734, 50.00
4003,SUZLON,2025-12-05,51.13,52.15,50.75,51.89,51.74,61141969,31341.68,141590, 21044818, 34.42
4004,SYNGENE,2025-11-06,635.25,653.9,616.0,617.2,620.6,1642849,10303.11,76679, 737185, 44.87
4005,SYNGENE,2025-11-07,611.5,622.0,608.6,615.7,616.3,1904996,11720.78,25664, 1454622, 76.36
4006,SYNGENE,2025-11-10,612.0,632.8,609.4,630.0,630.2,391199,2441.54,17749, 172141, 44.00
4007,SYNGENE,2025-11-11,640.0,655.95,632.65,646.0,644.9,2473758,15982.81,52118, 1063969, 43.01
4008,SYNGENE,2025-11-12,649.3,667.4,640.65,666.0,663.85,1155741,7549.93,28344, 581739, 50.33
4009,SYNGENE,2025-11-13,663.85,673.4,660.5,663.9,662.1,1099229,7329.75,29773, 547159, 49.78
4010,SYNGENE,2025-11-14,662.1,666.6,650.5,654.55,654.4,491837,3238.12,13702, 264609, 53.80
4011,SYNGENE,2025-11-17,654.55,658.5,649.2,654.3,652.15,486418,3180.42,15827, 265941, 54.67
4012,SYNGENE,2025-11-18,650.05,653.0,641.55,644.35,643.1,547823,3534.21,17408, 371133, 67.75
4013,SYNGENE,2025-11-19,644.3,646.1,630.8,635.0,634.85,713649,4529.47,37119, 460837, 64.57
4014,SYNGENE,2025-11-20,635.1,636.35,630.9,633.9,634.6,173819,1101.52,8137, 98463, 56.65
4015,SYNGENE,2025-11-21,633.0,639.8,626.7,633.95,629.25,299082,1895.19,11176, 147297, 49.25
4016,SYNGENE,2025-11-24,633.0,646.45,630.25,639.2,639.7,826462,5292.49,21325, 422411, 51.11
4017,SYNGENE,2025-11-25,643.0,643.85,637.8,638.7,642.05,421080,2700.26,17140, 242902, 57.69
4018,SYNGENE,2025-11-26,641.75,649.0,641.2,648.0,646.85,171609,1109.73,12659, 85687, 49.93
4019,SYNGENE,2025-11-27,650.7,650.7,638.2,641.0,640.0,180447,1158.31,12706, 95440, 52.89
4020,SYNGENE,2025-11-28,640.0,651.8,637.05,646.5,648.3,408631,2639.23,23831, 222102, 54.35
4021,SYNGENE,2025-12-01,651.5,652.1,639.1,645.0,645.45,293778,1894.74,14016, 169630, 57.74
4022,SYNGENE,2025-12-02,642.0,647.15,634.7,635.4,637.3,350946,2246.09,13057, 227151, 64.73
4023,SYNGENE,2025-12-03,635.4,643.8,631.3,636.0,636.2,235584,1499.99,13326, 114323, 48.53
4024,SYNGENE,2025-12-04,631.0,644.95,631.0,639.6,642.35,337969,2168.53,18488, 184348, 54.55
4025,SYNGENE,2025-12-05,639.0,644.0,631.1,636.2,639.8,433951,2772.23,15777, 193336, 44.55
4026,TATACONSUM,2025-11-06,1172.1,1192.5,1167.4,1180.5,1190.4,2401724,28446.17,68778, 1658875, 69.07
4027,TATACONSUM,2025-11-07,1185.0,1187.8,1155.8,1167.0,1167.2,1351606,15865.61,41091, 806384, 59.66
4028,TATACONSUM,2025-11-10,1167.2,1173.8,1138.6,1141.2,1142.7,1586398,18277.63,74760, 980905, 61.83
4029,TATACONSUM,2025-11-11,1148.0,1159.0,1134.0,1153.1,1156.2,1177071,13538.58,59237, 659610, 56.04
4030,TATACONSUM,2025-11-12,1156.3,1165.8,1153.1,1162.0,1162.0,1168588,13569.23,57386, 712212, 60.95
4031,TATACONSUM,2025-11-13,1168.0,1168.0,1146.6,1150.0,1154.8,1603498,18555.91,51317, 1082686, 67.52
4032,TATACONSUM,2025-11-14,1149.0,1163.6,1146.8,1155.0,1157.8,1832598,21205.86,58177, 1415796, 77.26
4033,TATACONSUM,2025-11-17,1166.0,1182.8,1158.0,1179.0,1178.9,2105780,24728.06,50731, 1381411, 65.60
4034,TATACONSUM,2025-11-18,1178.7,1178.7,1151.9,1152.0,1154.1,1695622,19717.79,31432, 1165592, 68.74
4035,TATACONSUM,2025-11-19,1154.1,1165.8,1149.0,1163.5,1162.1,1935207,22388.6,43361, 1370790, 70.83
4036,TATACONSUM,2025-11-20,1164.9,1179.4,1163.0,1169.0,1173.9,2193836,25728.73,62036, 1588044, 72.39
4037,TATACONSUM,2025-11-21,1173.9,1187.0,1162.5,1184.5,1183.1,3194549,37569.47,49506, 2296143, 71.88
4038,TATACONSUM,2025-11-24,1188.5,1194.7,1171.8,1183.0,1186.0,4765158,56405.63,61476, 3769089, 79.10
4039,TATACONSUM,2025-11-25,1188.0,1194.0,1165.7,1174.7,1177.7,1258048,14818.34,47170, 667089, 53.03
4040,TATACONSUM,2025-11-26,1150.0,1187.0,1150.0,1186.3,1185.3,713335,8429.98,27587, 332088, 46.55
4041,TATACONSUM,2025-11-27,1187.0,1192.9,1168.3,1175.5,1177.7,1118308,13182.02,43191, 630301, 56.36
4042,TATACONSUM,2025-11-28,1177.1,1182.1,1165.7,1171.7,1172.4,1020242,11957.55,31601, 608425, 59.64
4043,TATACONSUM,2025-12-01,1172.4,1178.0,1159.6,1162.5,1163.8,487062,5670.6,32280, 257983, 52.97
4044,TATACONSUM,2025-12-02,1160.0,1173.1,1156.2,1161.0,1162.2,708989,8237.94,39200, 455900, 64.30
4045,TATACONSUM,2025-12-03,1159.8,1163.4,1133.6,1136.0,1140.0,716554,8181.3,31877, 327991, 45.77
4046,TATACONSUM,2025-12-04,1153.0,1154.0,1137.1,1145.1,1148.4,703643,8055.48,30615, 281605, 40.02
4047,TATACONSUM,2025-12-05,1148.4,1165.3,1140.1,1161.9,1162.9,699541,8092.26,36297, 434442, 62.10
4048,TATAELXSI,2025-11-06,5379.5,5379.5,5221.0,5227.5,5242.5,222332,11688.2,30347, 110250, 49.59
4049,TATAELXSI,2025-11-07,5213.0,5213.0,5126.5,5175.0,5180.0,172150,8896.33,21358, 73461, 42.67
4050,TATAELXSI,2025-11-10,5180.0,5249.0,5151.0,5206.0,5207.0,110874,5773.4,17874, 50372, 45.43
4051,TATAELXSI,2025-11-11,5206.5,5306.5,5174.0,5296.0,5283.5,102792,5392.37,16742, 41800, 40.66
4052,TATAELXSI,2025-11-12,5283.5,5480.0,5269.0,5390.0,5388.0,208841,11310.51,26410, 64116, 30.70
4053,TATAELXSI,2025-11-13,5408.5,5422.5,5300.0,5305.0,5307.5,72589,3883.33,11819, 30578, 42.12
4054,TATAELXSI,2025-11-14,5300.0,5306.5,5234.5,5266.0,5266.5,125968,6626.79,21085, 58662, 46.57
4055,TATAELXSI,2025-11-17,5266.5,5312.0,5200.0,5299.0,5303.0,135921,7176.63,16357, 56403, 41.50
4056,TATAELXSI,2025-11-18,5302.0,5349.0,5260.0,5263.0,5277.0,134520,7114.56,16821, 63695, 47.35
4057,TATAELXSI,2025-11-19,5270.0,5385.0,5251.5,5370.0,5347.5,137005,7320.89,21203, 50326, 36.73
4058,TATAELXSI,2025-11-20,5399.0,5399.0,5336.0,5375.0,5366.5,161695,8678.92,17487, 76251, 47.16
4059,TATAELXSI,2025-11-21,5324.0,5366.5,5300.0,5335.0,5320.5,162673,8661.01,14620, 73745, 45.33
4060,TATAELXSI,2025-11-24,5326.0,5405.0,5129.0,5162.0,5231.0,5075701,266021.33,113486, 3302142, 65.06
4061,TATAELXSI,2025-11-25,5165.0,5213.0,5150.0,5164.0,5164.0,188860,9781.19,25821, 84029, 44.49
4062,TATAELXSI,2025-11-26,5174.5,5244.0,5125.0,5231.0,5229.5,169001,8801.21,20926, 100988, 59.76
4063,TATAELXSI,2025-11-27,5231.5,5261.5,5165.0,5190.5,5197.0,106818,5562.84,16600, 49776, 46.60
4064,TATAELXSI,2025-11-28,5205.5,5206.0,5150.0,5155.0,5158.5,136784,7077.09,14756, 84888, 62.06
4065,TATAELXSI,2025-12-01,5183.5,5194.0,5106.0,5123.5,5123.0,110148,5656.01,15154, 53302, 48.39
4066,TATAELXSI,2025-12-02,5123.0,5166.5,5097.0,5128.0,5127.0,227935,11683.82,18744, 138313, 60.68
4067,TATAELXSI,2025-12-03,5130.0,5229.0,5130.0,5171.5,5174.5,289306,15005.92,31535, 148677, 51.39
4068,TATAELXSI,2025-12-04,5171.5,5258.0,5170.5,5216.0,5216.5,273807,14306.61,26489, 166860, 60.94
4069,TATAELXSI,2025-12-05,5220.0,5269.0,5196.0,5217.0,5217.5,262396,13727.32,21951, 154643, 58.93
4070,TATAPOWER,2025-11-06,400.7,402.3,390.25,390.8,391.75,5024909,19843.59,57751, 2465737, 49.07
4071,TATAPOWER,2025-11-07,390.95,394.4,386.0,394.15,393.2,4676601,18252.53,102395, 2346226, 50.17
4072,TATAPOWER,2025-11-10,393.2,397.9,392.35,396.0,395.85,2906630,11492.69,39110, 1470947, 50.61
4073,TATAPOWER,2025-11-11,395.8,396.4,390.05,395.5,395.6,3826554,15066.86,40449, 1901999, 49.71
4074,TATAPOWER,2025-11-12,390.0,395.9,387.5,389.3,388.65,7856248,30686.07,89822, 3830918, 48.76
4075,TATAPOWER,2025-11-13,389.4,392.7,385.0,388.75,388.8,5052456,19663.11,55628, 2210278, 43.75
4076,TATAPOWER,2025-11-14,388.8,390.0,385.15,388.6,388.4,5263918,20417.94,54163, 2212468, 42.03
4077,TATAPOWER,2025-11-17,388.5,393.4,388.5,392.75,392.75,6120004,23965.71,42581, 4252839, 69.49
4078,TATAPOWER,2025-11-18,394.0,394.0,385.5,387.0,386.25,4583330,17804.35,38915, 2705258, 59.02
4079,TATAPOWER,2025-11-19,386.95,389.75,384.2,389.0,389.1,3747191,14510.92,38595, 1929810, 51.50
4080,TATAPOWER,2025-11-20,389.25,392.0,387.0,388.55,388.1,3477240,13563.39,37588, 1654614, 47.58
4081,TATAPOWER,2025-11-21,388.05,390.2,385.7,386.9,387.0,4036922,15656.89,41215, 1908404, 47.27
4082,TATAPOWER,2025-11-24,390.0,391.5,381.2,382.0,382.55,5819567,22377.7,75563, 3128239, 53.75
4083,TATAPOWER,2025-11-25,383.0,383.65,379.0,379.7,380.0,4238096,16168.62,61553, 2319517, 54.73
4084,TATAPOWER,2025-11-26,380.5,392.0,380.3,391.5,391.5,4917525,19124.8,40839, 2310601, 46.99
4085,TATAPOWER,2025-11-27,392.4,399.95,391.5,391.9,392.05,7412732,29297.65,74536, 1875931, 25.31
4086,TATAPOWER,2025-11-28,392.2,393.95,389.4,389.8,390.1,3760769,14711.3,35011, 1874881, 49.85
4087,TATAPOWER,2025-12-01,390.65,393.0,386.7,390.4,389.75,3420680,13297.92,44104, 1281226, 37.46
4088,TATAPOWER,2025-12-02,387.1,389.15,385.9,389.0,388.45,3302460,12805.5,32241, 1669380, 50.55
4089,TATAPOWER,2025-12-03,387.2,389.1,382.3,384.1,383.65,3885600,14947.26,37356, 2408332, 61.98
4090,TATAPOWER,2025-12-04,383.6,386.85,382.0,383.8,384.45,3786100,14570.89,44429, 2180172, 57.58
4091,TATAPOWER,2025-12-05,385.0,386.0,380.55,384.0,384.5,5332479,20462.87,37915, 2731189, 51.22
4092,TATASTEEL,2025-11-06,179.29,180.67,176.52,177.35,177.27,23664538,42084.8,189659, 14115355, 59.65
4093,TATASTEEL,2025-11-07,177.0,182.25,175.01,181.5,181.37,19165876,34344.12,123190, 6493130, 33.88
4094,TATASTEEL,2025-11-10,182.03,182.51,180.2,181.5,181.48,18376132,33349.29,148991, 8747877, 47.60
4095,TATASTEEL,2025-11-11,182.9,182.9,179.02,181.1,181.04,14109340,25496.26,121889, 4987091, 35.35
4096,TATASTEEL,2025-11-12,181.44,182.15,178.0,178.7,178.61,19037263,34185.09,143638, 9495175, 49.88
4097,TATASTEEL,2025-11-13,184.0,184.0,175.1,176.55,176.65,82083661,147220.86,302852, 20752557, 25.28
4098,TATASTEEL,2025-11-14,177.52,177.7,172.12,174.0,174.26,38345500,66699.35,213625, 17228177, 44.93
4099,TATASTEEL,2025-11-17,175.13,175.25,172.62,173.4,173.17,28204282,48895.08,151929, 14370278, 50.95
4100,TATASTEEL,2025-11-18,172.4,173.12,170.55,172.44,172.45,34278387,58897.58,126450, 18862691, 55.03
4101,TATASTEEL,2025-11-19,172.45,173.9,172.06,173.2,173.21,19621610,33946.15,114117, 9027485, 46.01
4102,TATASTEEL,2025-11-20,174.1,174.36,172.26,172.4,172.46,15968891,27615.58,120735, 7653182, 47.93
4103,TATASTEEL,2025-11-21,171.8,171.9,167.7,168.0,168.0,28412865,48129.79,143970, 15142035, 53.29
4104,TATASTEEL,2025-11-24,168.0,168.38,165.18,165.5,165.36,31202769,51808.9,133342, 21487853, 68.87
4105,TATASTEEL,2025-11-25,166.0,167.27,165.08,166.16,166.33,19983310,33229.47,148206, 9683306, 48.46
4106,TATASTEEL,2025-11-26,167.0,169.95,166.9,169.59,169.67,15044796,25464.29,108996, 5421115, 36.03
4107,TATASTEEL,2025-11-27,170.45,171.0,167.18,168.1,168.13,17546627,29602.71,129556, 7583833, 43.22
4108,TATASTEEL,2025-11-28,168.13,169.0,167.29,168.14,167.96,11975539,20126.27,107176, 6489176, 54.19
4109,TATASTEEL,2025-12-01,169.0,169.65,167.7,168.6,168.63,11758473,19819.78,122675, 5475408, 46.57
4110,TATASTEEL,2025-12-02,168.43,168.85,167.0,167.89,167.78,15355023,25765.4,154239, 8243744, 53.69
4111,TATASTEEL,2025-12-03,167.78,167.99,165.0,166.85,166.92,18873943,31391.83,144843, 9104610, 48.24
4112,TATASTEEL,2025-12-04,167.8,167.97,166.2,166.9,166.77,11419966,19063.91,122230, 5104436, 44.70
4113,TATASTEEL,2025-12-05,167.0,167.65,165.0,167.39,167.11,33500436,55550.24,119942, 22276386, 66.50
4114,TATATECH,2025-11-06,686.8,688.45,675.15,675.6,676.9,442859,3010.73,20981, 219354, 49.53
4115,TATATECH,2025-11-07,675.0,676.25,667.1,674.55,672.95,451765,3035.46,20236, 181878, 40.26
4116,TATATECH,2025-11-10,673.7,682.95,671.25,678.45,678.9,433778,2941.32,26931, 182484, 42.07
4117,TATATECH,2025-11-11,678.9,685.9,670.9,683.9,684.85,535040,3635.65,18146, 274447, 51.29
4118,TATATECH,2025-11-12,690.0,702.45,688.2,695.0,696.1,1012946,7066.65,29534, 438570, 43.30
4119,TATATECH,2025-11-13,696.1,699.4,680.35,685.0,686.0,695833,4803.77,29330, 431577, 62.02
4120,TATATECH,2025-11-14,686.0,689.65,675.25,680.0,679.85,528375,3597.23,20781, 240305, 45.48
4121,TATATECH,2025-11-17,677.05,685.95,676.8,683.3,682.8,349190,2382.49,16197, 155110, 44.42
4122,TATATECH,2025-11-18,682.8,683.15,674.25,675.5,675.05,402726,2727.12,18694, 203452, 50.52
4123,TATATECH,2025-11-19,675.05,685.1,674.15,683.0,682.3,661254,4502.36,24195, 303242, 45.86
4124,TATATECH,2025-11-20,686.3,686.9,677.3,681.05,679.8,416194,2838.1,15582, 199718, 47.99
4125,TATATECH,2025-11-21,679.0,679.75,668.0,670.25,670.45,490581,3302.48,21404, 252282, 51.43
4126,TATATECH,2025-11-24,667.0,682.35,667.0,676.85,677.95,1472654,9984.37,29388, 759677, 51.59
4127,TATATECH,2025-11-25,676.0,677.95,668.0,668.95,669.5,530688,3562.5,19227, 248701, 46.86
4128,TATATECH,2025-11-26,671.7,686.05,670.25,685.5,683.3,650404,4422.51,20375, 394818, 60.70
4129,TATATECH,2025-11-27,685.0,689.45,674.0,677.5,677.55,601962,4091.44,22429, 231400, 38.44
4130,TATATECH,2025-11-28,682.0,683.75,675.8,678.0,679.05,458003,3111.08,17341, 180863, 39.49
4131,TATATECH,2025-12-01,680.9,684.0,677.25,679.9,680.25,379258,2579.64,15601, 165311, 43.59
4132,TATATECH,2025-12-02,679.1,681.5,673.0,679.3,676.4,301533,2039.6,13488, 143635, 47.63
4133,TATATECH,2025-12-03,677.95,683.9,668.5,671.2,671.15,589673,3982.29,19647, 238315, 40.41
4134,TATATECH,2025-12-04,671.8,679.15,671.15,675.0,674.45,350063,2364.6,13650, 155564, 44.44
4135,TATATECH,2025-12-05,676.6,676.6,663.5,666.0,666.45,530874,3541.63,21054, 224758, 42.34
4136,TCS,2025-11-06,2990.1,3024.0,2990.0,3010.0,3010.9,2542721,76548.61,200775, 1413297, 55.58
4137,TCS,2025-11-07,3001.0,3004.0,2960.5,2993.5,2991.8,1830520,54543.09,106949, 1109024, 60.59
4138,TCS,2025-11-10,2993.0,3047.9,2992.0,3025.0,3025.2,1556656,47050.08,78119, 816069, 52.42
4139,TCS,2025-11-11,3045.0,3055.7,3018.0,3049.0,3047.0,2806868,85245.42,112361, 1342988, 47.85
4140,TCS,2025-11-12,3060.0,3136.4,3057.1,3125.1,3131.8,4460315,138929.02,175446, 3015019, 67.60
4141,TCS,2025-11-13,3131.8,3131.9,3102.0,3104.8,3105.7,1740435,54180.91,120845, 1055344, 60.64
4142,TCS,2025-11-14,3090.0,3113.1,3077.3,3112.0,3106.0,2210794,68431.77,105008, 1541959, 69.75
4143,TCS,2025-11-17,3106.0,3123.5,3086.6,3100.0,3102.2,2232853,69215.46,96155, 1388889, 62.20
4144,TCS,2025-11-18,3102.0,3105.0,3078.0,3080.1,3087.1,2548350,78767.56,110903, 1403839, 55.09
4145,TCS,2025-11-19,3097.0,3155.0,3083.5,3147.0,3147.7,3151053,98838.21,160625, 1788158, 56.75
4146,TCS,2025-11-20,3148.0,3164.5,3138.1,3149.8,3144.8,2700767,85129.41,113822, 1467605, 54.34
4147,TCS,2025-11-21,3144.8,3170.0,3135.2,3150.0,3150.6,4177037,131711.33,136571, 2277567, 54.53
4148,TCS,2025-11-24,3158.0,3178.9,3131.0,3134.0,3141.2,6703764,211283.17,176937, 4763581, 71.06
4149,TCS,2025-11-25,3145.3,3149.8,3115.0,3115.7,3119.2,2737920,85629.68,144573, 1619081, 59.14
4150,TCS,2025-11-26,3118.8,3178.0,3117.0,3162.9,3162.9,2508527,79218.1,112405, 1616953, 64.46
4151,TCS,2025-11-27,3180.0,3180.0,3125.0,3134.0,3136.6,2836233,89141.92,171374, 1656213, 58.39
4152,TCS,2025-11-28,3140.0,3147.3,3125.0,3135.9,3137.5,1616690,50728.89,79463, 1002178, 61.99
4153,TCS,2025-12-01,3137.9,3154.0,3122.2,3138.0,3133.4,1747647,54758.78,130698, 1072880, 61.39
4154,TCS,2025-12-02,3131.0,3144.0,3120.4,3137.5,3135.7,2512003,78710.12,127701, 1603990, 63.85
4155,TCS,2025-12-03,3140.0,3211.9,3139.0,3180.0,3180.0,3952112,125893.78,192454, 2122464, 53.70
4156,TCS,2025-12-04,3194.0,3250.0,3187.4,3227.0,3229.2,5025905,162397.5,185585, 3363573, 66.92
4157,TCS,2025-12-05,3230.0,3271.6,3222.4,3241.0,3238.2,5244013,170222.15,178219, 3239404, 61.77
4158,TECHM,2025-11-06,1412.0,1420.9,1410.0,1415.9,1413.6,2502412,35403.85,75904, 1918485, 76.67
4159,TECHM,2025-11-07,1400.1,1409.8,1385.0,1387.2,1386.7,1209479,16846.48,74482, 774564, 64.04
4160,TECHM,2025-11-10,1386.7,1404.3,1383.6,1396.8,1397.8,2883323,40255.05,82024, 2142731, 74.31
4161,TECHM,2025-11-11,1405.0,1410.4,1392.2,1406.8,1408.0,2488036,34916.92,92578, 1839375, 73.93
4162,TECHM,2025-11-12,1415.0,1460.2,1414.0,1457.0,1456.1,2958869,42722.63,105389, 1498809, 50.65
4163,TECHM,2025-11-13,1463.0,1463.8,1442.3,1453.0,1451.4,1178211,17090.92,42275, 729397, 61.91
4164,TECHM,2025-11-14,1444.2,1445.8,1422.9,1443.8,1439.2,1220596,17535.89,55608, 747610, 61.25
4165,TECHM,2025-11-17,1440.0,1455.9,1438.3,1452.8,1452.8,999416,14477.25,67712, 619414, 61.98
4166,TECHM,2025-11-18,1444.0,1451.1,1419.5,1420.7,1422.0,1553597,22211.82,59731, 894523, 57.58
4167,TECHM,2025-11-19,1427.5,1443.5,1417.8,1436.9,1433.9,5777445,82934.79,65179, 4331714, 74.98
4168,TECHM,2025-11-20,1445.3,1464.7,1430.7,1460.0,1456.0,2818268,40970.31,80195, 1290287, 45.78
4169,TECHM,2025-11-21,1455.0,1469.0,1440.0,1461.5,1461.5,2615232,38172.37,75008, 1183023, 45.24
4170,TECHM,2025-11-24,1470.0,1513.8,1461.8,1496.8,1494.7,6808658,102148.38,169603, 3615395, 53.10
4171,TECHM,2025-11-25,1501.2,1502.0,1483.5,1497.0,1494.7,1675981,25031.42,60556, 1142255, 68.15
4172,TECHM,2025-11-26,1498.0,1522.7,1496.2,1521.1,1520.4,1592891,24079.43,66745, 863968, 54.24
4173,TECHM,2025-11-27,1523.0,1532.0,1505.0,1506.0,1509.8,1426194,21597.67,65941, 763858, 53.56
4174,TECHM,2025-11-28,1515.8,1525.3,1503.7,1515.0,1517.3,1247146,18938.71,55162, 696282, 55.83
4175,TECHM,2025-12-01,1515.3,1532.0,1509.7,1528.4,1529.5,1527101,23290.27,76463, 957068, 62.67
4176,TECHM,2025-12-02,1523.1,1539.0,1520.0,1533.0,1536.7,1754978,26873.32,88212, 1185850, 67.57
4177,TECHM,2025-12-03,1537.9,1550.8,1530.3,1540.6,1541.7,2142830,33059.26,77614, 1372433, 64.05
4178,TECHM,2025-12-04,1545.1,1577.9,1541.1,1565.0,1562.3,2422663,37913.83,86962, 1209740, 49.93
4179,TECHM,2025-12-05,1567.1,1583.0,1556.6,1569.0,1570.8,2223397,35012.23,76997, 1501342, 67.52
4180,TIINDIA,2025-11-06,2980.1,3054.0,2937.7,2975.8,2977.6,415353,12464.14,43461, 183879, 44.27
4181,TIINDIA,2025-11-07,2974.7,2999.3,2901.1,2989.0,2985.6,240259,7088.97,24138, 105508, 43.91
4182,TIINDIA,2025-11-10,2970.6,3017.9,2940.4,2970.6,2980.3,169826,5057.14,20377, 74957, 44.14
4183,TIINDIA,2025-11-11,2991.6,3007.5,2950.2,2995.0,2999.4,103821,3093.24,13946, 49149, 47.34
4184,TIINDIA,2025-11-12,2999.0,3055.0,2975.2,3040.0,3035.5,201680,6100.08,21829, 114711, 56.88
4185,TIINDIA,2025-11-13,3024.6,3069.8,3024.0,3049.0,3033.4,138040,4204.02,19091, 70427, 51.02
4186,TIINDIA,2025-11-14,3044.6,3075.0,3019.0,3053.0,3067.6,214533,6556.87,20606, 126311, 58.88
4187,TIINDIA,2025-11-17,3067.6,3106.6,3053.0,3096.0,3091.6,107644,3325.29,11650, 57957, 53.84
4188,TIINDIA,2025-11-18,3082.6,3082.6,3021.8,3038.3,3031.7,193125,5879.9,17259, 125926, 65.20
4189,TIINDIA,2025-11-19,3025.0,3042.7,3002.2,3025.0,3033.3,365037,11065.71,18959, 285810, 78.30
4190,TIINDIA,2025-11-20,3036.0,3059.9,2992.3,3004.5,3005.0,121655,3675.39,13619, 77604, 63.79
4191,TIINDIA,2025-11-21,2999.7,3000.0,2870.0,2874.0,2884.4,546306,15985.84,43726, 378894, 69.36
4192,TIINDIA,2025-11-24,2870.0,2930.0,2850.0,2905.0,2909.3,615833,17818.3,31771, 429645, 69.77
4193,TIINDIA,2025-11-25,2910.0,2914.9,2860.0,2887.6,2879.7,307363,8864.8,28335, 185412, 60.32
4194,TIINDIA,2025-11-26,2880.0,2918.0,2872.1,2894.8,2880.7,357948,10331.06,22487, 260012, 72.64
4195,TIINDIA,2025-11-27,2898.9,2898.9,2831.6,2840.0,2836.8,675560,19264.42,52243, 480683, 71.15
4196,TIINDIA,2025-11-28,2839.9,2849.3,2776.4,2785.0,2784.4,734692,20535.43,39808, 491271, 66.87
4197,TIINDIA,2025-12-01,2796.6,2829.6,2762.4,2792.4,2797.8,250034,6996.61,34885, 137554, 55.01
4198,TIINDIA,2025-12-02,2792.4,2811.0,2763.0,2795.0,2793.7,258679,7219.74,26502, 156609, 60.54
4199,TIINDIA,2025-12-03,2793.7,2821.9,2733.6,2741.0,2740.5,174819,4836.29,19736, 112597, 64.41
4200,TIINDIA,2025-12-04,2733.8,2742.5,2692.8,2701.5,2703.6,354251,9597.71,32702, 239345, 67.56
4201,TIINDIA,2025-12-05,2693.6,2710.5,2656.1,2670.0,2666.7,628493,16764.9,28064, 463344, 73.72
4202,TITAGARH,2025-11-06,880.95,883.6,842.25,855.65,855.9,1094997,9410.13,34423, 400603, 36.58
4203,TITAGARH,2025-11-07,849.95,853.2,830.55,846.35,843.3,974104,8208.26,35618, 300378, 30.84
4204,TITAGARH,2025-11-10,846.7,853.0,836.6,849.0,847.7,543247,4596.3,18060, 146531, 26.97
4205,TITAGARH,2025-11-11,848.5,874.5,846.2,860.95,864.1,936126,8029.21,24256, 292777, 31.28
4206,TITAGARH,2025-11-12,869.0,891.9,864.1,877.95,879.05,1047930,9238.11,32697, 281667, 26.88
4207,TITAGARH,2025-11-13,878.95,878.95,857.0,860.5,863.0,679845,5902.21,21211, 212113, 31.20
4208,TITAGARH,2025-11-14,846.0,887.35,846.0,867.25,866.45,1545473,13436.73,36392, 359500, 23.26
4209,TITAGARH,2025-11-17,869.9,901.85,868.05,880.0,879.85,1795004,15932.72,37676, 431917, 24.06
4210,TITAGARH,2025-11-18,882.15,883.9,867.0,869.1,869.7,558928,4869.58,15884, 175556, 31.41
4211,TITAGARH,2025-11-19,869.6,881.2,857.45,871.0,871.7,909718,7919.91,23184, 247186, 27.17
4212,TITAGARH,2025-11-20,873.0,876.5,865.0,866.5,866.2,582408,5073.93,17010, 258662, 44.41
4213,TITAGARH,2025-11-21,860.0,868.45,847.1,849.9,849.8,666005,5697.75,21828, 183948, 27.62
4214,TITAGARH,2025-11-24,854.75,859.8,841.0,846.0,844.25,572944,4866.53,18022, 177000, 30.89
4215,TITAGARH,2025-11-25,843.5,848.1,834.9,835.7,837.1,436434,3671.93,15694, 124253, 28.47
4216,TITAGARH,2025-11-26,839.0,851.0,834.0,849.1,847.95,479648,4057.84,12293, 190561, 39.73
4217,TITAGARH,2025-11-27,855.9,866.35,836.1,837.9,838.05,1152673,9770.6,28003, 353071, 30.63
4218,TITAGARH,2025-11-28,840.5,842.0,821.0,826.5,826.7,778952,6448.35,31337, 273136, 35.06
4219,TITAGARH,2025-12-01,830.8,849.9,821.05,823.0,822.9,646598,5384.4,19273, 171128, 26.47
4220,TITAGARH,2025-12-02,823.0,825.4,805.5,809.1,807.9,952648,7734.32,25859, 343138, 36.02
4221,TITAGARH,2025-12-03,810.65,815.5,789.0,796.0,794.2,664640,5317.28,22325, 251277, 37.81
4222,TITAGARH,2025-12-04,794.2,802.0,782.5,791.4,788.7,698086,5512.01,22326, 272238, 39.00
4223,TITAGARH,2025-12-05,790.0,798.15,781.0,788.15,789.05,565436,4464.75,18580, 199784, 35.33
4224,TITAN,2025-11-06,3780.0,3837.7,3761.6,3770.0,3774.4,927231,35166.64,66738, 437216, 47.15
4225,TITAN,2025-11-07,3766.0,3792.0,3736.0,3768.0,3769.3,728998,27479.41,44483, 466336, 63.97
4226,TITAN,2025-11-10,3788.0,3815.0,3769.3,3800.0,3803.0,599567,22782.59,38351, 378359, 63.11
4227,TITAN,2025-11-11,3810.5,3820.0,3752.1,3809.1,3812.4,668789,25364.49,42317, 409536, 61.24
4228,TITAN,2025-11-12,3838.0,3877.0,3804.2,3834.0,3851.1,805025,31033.15,77241, 448946, 55.77
4229,TITAN,2025-11-13,3860.0,3867.9,3817.0,3839.3,3839.2,668623,25670.2,46378, 434428, 64.97
4230,TITAN,2025-11-14,3839.2,3854.7,3800.0,3816.1,3829.2,575050,21980.3,52894, 367358, 63.88
4231,TITAN,2025-11-17,3848.0,3874.3,3821.5,3863.9,3868.6,504928,19486.52,36355, 283181, 56.08
4232,TITAN,2025-11-18,3865.0,3900.0,3841.6,3885.0,3879.2,849966,32886.62,42250, 613854, 72.22
4233,TITAN,2025-11-19,3882.9,3940.5,3862.4,3934.8,3933.1,1578123,61767.7,76028, 1114983, 70.65
4234,TITAN,2025-11-20,3950.0,3956.0,3895.0,3900.0,3902.4,762391,29932.94,63827, 493278, 64.70
4235,TITAN,2025-11-21,3901.0,3925.0,3882.1,3902.1,3904.2,383311,14973.52,43858, 193714, 50.54
4236,TITAN,2025-11-24,3915.5,3937.2,3865.0,3892.2,3874.3,1258036,48876.62,68977, 899345, 71.49
4237,TITAN,2025-11-25,3874.4,3908.4,3845.0,3847.1,3855.1,680366,26346.61,48164, 430703, 63.30
4238,TITAN,2025-11-26,3845.0,3914.5,3843.5,3899.6,3897.7,364592,14196.25,43153, 171792, 47.12
4239,TITAN,2025-11-27,3900.6,3927.0,3875.1,3907.5,3903.3,542241,21189.52,50635, 269182, 49.64
4240,TITAN,2025-11-28,3906.2,3934.9,3896.5,3900.0,3907.7,574817,22497.71,51721, 342804, 59.64
4241,TITAN,2025-12-01,3907.7,3910.7,3861.3,3888.0,3894.9,603073,23426.86,54745, 363148, 60.22
4242,TITAN,2025-12-02,3875.0,3899.6,3867.5,3886.5,3885.8,661018,25671.38,56435, 422107, 63.86
4243,TITAN,2025-12-03,3870.0,3880.0,3785.9,3820.0,3817.8,770638,29548.22,63741, 444923, 57.73
4244,TITAN,2025-12-04,3805.0,3830.0,3778.0,3794.0,3800.4,776693,29566.14,68347, 565801, 72.85
4245,TITAN,2025-12-05,3777.0,3828.0,3777.0,3813.0,3813.3,508448,19399.55,33788, 335608, 66.01
4246,TORNTPHARM,2025-11-06,3574.4,3593.8,3532.6,3567.6,3553.4,173609,6174.35,36262, 111616, 64.29
4247,TORNTPHARM,2025-11-07,3553.4,3592.0,3543.3,3581.0,3580.0,94430,3372.68,21730, 52098, 55.17
4248,TORNTPHARM,2025-11-10,3660.0,3835.1,3602.0,3818.7,3817.5,1651416,62564.68,112077, 352322, 21.33
4249,TORNTPHARM,2025-11-11,3817.5,3882.2,3810.0,3823.4,3825.8,623726,23988.7,56170, 273441, 43.84
4250,TORNTPHARM,2025-11-12,3863.9,3863.9,3786.5,3824.0,3824.6,403999,15418.39,36476, 260235, 64.41
4251,TORNTPHARM,2025-11-13,3826.0,3856.0,3800.0,3832.9,3826.1,182215,6996.68,24739, 103595, 56.85
4252,TORNTPHARM,2025-11-14,3828.5,3872.7,3803.0,3847.1,3831.8,559539,21488.6,33507, 411037, 73.46
4253,TORNTPHARM,2025-11-17,3859.0,3859.0,3807.1,3814.1,3819.4,153147,5854.04,15044, 104132, 67.99
4254,TORNTPHARM,2025-11-18,3847.9,3847.9,3769.4,3781.5,3790.8,112118,4249.61,17501, 63524, 56.66
4255,TORNTPHARM,2025-11-19,3783.5,3788.4,3721.6,3742.0,3731.4,116182,4358.55,20567, 68855, 59.26
4256,TORNTPHARM,2025-11-20,3750.0,3757.9,3712.3,3715.4,3721.4,114934,4291.19,18566, 67512, 58.74
4257,TORNTPHARM,2025-11-21,3721.4,3724.9,3672.3,3689.0,3686.5,86005,3181.73,15781, 47555, 55.29
4258,TORNTPHARM,2025-11-24,3686.5,3750.5,3680.1,3715.0,3718.4,342523,12742.93,35404, 199144, 58.14
4259,TORNTPHARM,2025-11-25,3718.4,3756.2,3705.1,3738.4,3745.2,122282,4567.74,19139, 72739, 59.48
4260,TORNTPHARM,2025-11-26,3730.0,3777.9,3730.0,3750.0,3755.8,107687,4038.53,13642, 57973, 53.83
4261,TORNTPHARM,2025-11-27,3754.0,3768.0,3708.8,3740.0,3730.4,258852,9663.41,19770, 189128, 73.06
4262,TORNTPHARM,2025-11-28,3758.2,3758.2,3711.5,3712.1,3720.6,164885,6137.67,17053, 116097, 70.41
4263,TORNTPHARM,2025-12-01,3723.9,3746.3,3706.3,3732.0,3736.9,136982,5108.95,29065, 90930, 66.38
4264,TORNTPHARM,2025-12-02,3732.0,3744.8,3688.8,3728.1,3728.0,196142,7284.74,17718, 122654, 62.53
4265,TORNTPHARM,2025-12-03,3744.0,3770.9,3705.1,3739.9,3720.9,163478,6110.78,25711, 77390, 47.34
4266,TORNTPHARM,2025-12-04,3733.5,3807.9,3720.0,3807.9,3795.7,561605,21245.49,22478, 473093, 84.24
4267,TORNTPHARM,2025-12-05,3805.1,3805.1,3756.0,3776.1,3785.9,197257,7464.21,22007, 108711, 55.11
4268,TORNTPOWER,2025-11-06,1302.0,1303.6,1260.0,1272.0,1273.2,675598,8623.03,34081, 387350, 57.33
4269,TORNTPOWER,2025-11-07,1267.0,1288.4,1258.4,1281.0,1281.2,213066,2716.16,15213, 80393, 37.73
4270,TORNTPOWER,2025-11-10,1282.0,1316.0,1274.0,1315.8,1312.2,540136,7048.7,21049, 277922, 51.45
4271,TORNTPOWER,2025-11-11,1318.5,1345.0,1305.5,1344.0,1336.8,529496,7030.75,23215, 218209, 41.21
4272,TORNTPOWER,2025-11-12,1347.2,1351.5,1280.8,1292.4,1292.8,2480358,32190.02,67239, 1056344, 42.59
4273,TORNTPOWER,2025-11-13,1299.0,1307.8,1288.1,1293.9,1293.6,468762,6082.94,26995, 161950, 34.55
4274,TORNTPOWER,2025-11-14,1293.6,1310.0,1280.7,1306.6,1301.0,429192,5548.92,26981, 195529, 45.56
4275,TORNTPOWER,2025-11-17,1319.0,1322.2,1299.0,1310.5,1310.0,410728,5390.41,26660, 150563, 36.66
4276,TORNTPOWER,2025-11-18,1310.8,1319.0,1304.8,1313.0,1313.1,288832,3791.38,19911, 151337, 52.40
4277,TORNTPOWER,2025-11-19,1313.1,1317.7,1296.1,1296.9,1300.8,238155,3104.81,17727, 141229, 59.30
4278,TORNTPOWER,2025-11-20,1300.8,1315.7,1300.8,1313.9,1313.9,273000,3580.64,18405, 148547, 54.41
4279,TORNTPOWER,2025-11-21,1313.0,1313.3,1285.6,1292.0,1291.4,314519,4079.4,20463, 170275, 54.14
4280,TORNTPOWER,2025-11-24,1291.4,1307.1,1285.0,1300.0,1302.3,1062464,13805.91,45381, 787742, 74.14
4281,TORNTPOWER,2025-11-25,1302.9,1305.0,1290.0,1290.0,1293.0,225930,2927.56,17166, 127350, 56.37
4282,TORNTPOWER,2025-11-26,1292.4,1318.8,1290.0,1312.0,1316.1,279558,3670.33,18590, 155343, 55.57
4283,TORNTPOWER,2025-11-27,1320.0,1323.0,1310.1,1311.3,1312.9,137206,1804.0,12517, 59562, 43.41
4284,TORNTPOWER,2025-11-28,1307.1,1325.0,1302.0,1315.0,1314.5,205067,2698.78,12424, 102119, 49.80
4285,TORNTPOWER,2025-12-01,1315.8,1317.7,1301.0,1309.5,1307.4,185774,2431.52,13417, 102108, 54.96
4286,TORNTPOWER,2025-12-02,1299.0,1319.5,1296.4,1314.0,1313.3,227359,2984.4,12128, 118790, 52.25
4287,TORNTPOWER,2025-12-03,1307.2,1324.2,1298.0,1300.6,1302.2,238839,3122.32,17481, 100676, 42.15
4288,TORNTPOWER,2025-12-04,1302.0,1310.9,1285.2,1298.1,1299.7,342447,4447.37,17187, 128762, 37.60
4289,TORNTPOWER,2025-12-05,1291.1,1300.8,1275.1,1290.0,1289.9,517378,6674.13,14424, 168910, 32.65
4290,TRENT,2025-11-06,4660.6,4704.1,4635.0,4674.0,4679.2,476465,22271.28,48767, 231004, 48.48
4291,TRENT,2025-11-07,4679.5,4708.1,4611.2,4618.5,4627.3,543059,25278.58,47431, 250216, 46.08
4292,TRENT,2025-11-10,4568.0,4579.9,4262.6,4284.0,4283.7,6807962,293518.08,319309, 3678551, 54.03
4293,TRENT,2025-11-11,4295.0,4365.0,4263.1,4314.9,4315.8,1802510,77732.75,132891, 872153, 48.39
4294,TRENT,2025-11-12,4330.0,4396.7,4295.0,4371.0,4375.8,937925,40854.9,86833, 386312, 41.19
4295,TRENT,2025-11-13,4378.0,4402.9,4312.9,4342.0,4326.4,926858,40378.46,53194, 557743, 60.18
4296,TRENT,2025-11-14,4335.0,4399.9,4327.0,4392.0,4391.2,808967,35277.04,56839, 514126, 63.55
4297,TRENT,2025-11-17,4391.9,4414.1,4375.0,4401.0,4404.6,551524,24278.35,42918, 344826, 62.52
4298,TRENT,2025-11-18,4404.6,4409.9,4359.9,4369.0,4374.0,316742,13887.36,28612, 168766, 53.28
4299,TRENT,2025-11-19,4380.0,4388.9,4330.9,4352.2,4358.9,593957,25882.79,41258, 357631, 60.21
4300,TRENT,2025-11-20,4352.2,4417.8,4352.1,4398.0,4388.9,513726,22498.41,37125, 277049, 53.93
4301,TRENT,2025-11-21,4397.0,4397.0,4355.0,4364.0,4359.1,411274,17985.68,37982, 252890, 61.49
4302,TRENT,2025-11-24,4370.0,4370.0,4299.0,4311.0,4310.9,1144110,49378.1,71426, 775550, 67.79
4303,TRENT,2025-11-25,4310.9,4319.5,4235.8,4246.5,4243.9,1019740,43583.19,71151, 653297, 64.07
4304,TRENT,2025-11-26,4246.5,4352.6,4246.5,4290.0,4292.4,804098,34663.77,61426, 405678, 50.45
4305,TRENT,2025-11-27,4305.5,4320.1,4244.0,4270.6,4266.1,669342,28551.37,46271, 385818, 57.64
4306,TRENT,2025-11-28,4276.1,4283.2,4236.8,4251.5,4250.4,549814,23395.95,40842, 346810, 63.08
4307,TRENT,2025-12-01,4270.0,4285.0,4199.9,4218.0,4215.9,542859,22987.56,50975, 266759, 49.14
4308,TRENT,2025-12-02,4218.1,4239.6,4203.0,4235.0,4226.5,491997,20785.08,42960, 274235, 55.74
4309,TRENT,2025-12-03,4226.0,4226.3,4158.0,4191.0,4188.2,709367,29633.35,54138, 422392, 59.54
4310,TRENT,2025-12-04,4188.1,4234.8,4161.1,4210.0,4215.8,427254,17966.93,49551, 225604, 52.80
4311,TRENT,2025-12-05,4215.0,4225.0,4165.0,4180.0,4183.1,679735,28467.31,39443, 458172, 67.40
4312,TVSMOTOR,2025-11-06,3475.0,3517.2,3412.1,3452.0,3446.8,972150,33558.11,81575, 626212, 64.42
4313,TVSMOTOR,2025-11-07,3430.0,3469.0,3341.0,3469.0,3456.8,1074925,36764.51,70391, 643016, 59.82
4314,TVSMOTOR,2025-11-10,3451.1,3503.9,3451.1,3488.8,3490.8,782233,27323.2,37043, 530668, 67.84
4315,TVSMOTOR,2025-11-11,3501.3,3505.0,3446.1,3472.2,3474.2,633478,22003.82,48450, 417910, 65.97
4316,TVSMOTOR,2025-11-12,3481.7,3491.9,3444.3,3453.0,3454.5,641642,22240.04,64223, 377539, 58.84
4317,TVSMOTOR,2025-11-13,3455.0,3475.0,3442.2,3450.6,3450.6,415874,14397.68,34815, 263045, 63.25
4318,TVSMOTOR,2025-11-14,3445.0,3470.7,3369.0,3386.5,3386.5,1156532,39290.6,72049, 766657, 66.29
4319,TVSMOTOR,2025-11-17,3407.5,3481.0,3385.0,3472.5,3475.4,1333551,45866.9,64682, 835250, 62.63
4320,TVSMOTOR,2025-11-18,3485.0,3497.7,3461.0,3465.0,3479.9,727156,25336.28,49269, 461168, 63.42
4321,TVSMOTOR,2025-11-19,3475.0,3504.9,3441.2,3475.0,3477.7,652297,22696.48,52247, 444725, 68.18
4322,TVSMOTOR,2025-11-20,3498.0,3501.5,3464.0,3487.1,3486.4,517982,18051.69,39761, 254773, 49.19
4323,TVSMOTOR,2025-11-21,3480.1,3485.0,3429.1,3435.2,3441.9,535665,18509.06,49296, 326755, 61.00
4324,TVSMOTOR,2025-11-24,3451.8,3469.0,3423.8,3441.5,3441.5,1480534,50997.73,63708, 1033212, 69.79
4325,TVSMOTOR,2025-11-25,3441.2,3474.8,3437.3,3440.1,3447.8,361442,12488.63,30225, 196670, 54.41
4326,TVSMOTOR,2025-11-26,3457.8,3543.4,3434.3,3539.0,3538.6,689565,24180.16,39725, 439613, 63.75
4327,TVSMOTOR,2025-11-27,3542.0,3574.8,3503.1,3525.0,3518.0,565331,19966.62,48657, 316092, 55.91
4328,TVSMOTOR,2025-11-28,3519.9,3570.0,3506.4,3535.0,3531.5,542882,19246.23,32599, 329580, 60.71
4329,TVSMOTOR,2025-12-01,3550.0,3665.9,3549.1,3664.0,3661.8,1616247,58741.71,92148, 719434, 44.51
4330,TVSMOTOR,2025-12-02,3659.8,3683.9,3646.0,3665.0,3670.7,939558,34459.46,63898, 590073, 62.80
4331,TVSMOTOR,2025-12-03,3670.0,3675.0,3607.5,3633.0,3631.8,506439,18410.94,51150, 335364, 66.22
4332,TVSMOTOR,2025-12-04,3640.0,3675.0,3623.5,3636.8,3646.4,602960,22004.7,41978, 369101, 61.21
4333,TVSMOTOR,2025-12-05,3646.2,3687.2,3626.7,3667.8,3665.4,331003,12116.84,31183, 157072, 47.45
4334,ULTRACEMCO,2025-11-06,11800.0,11985.0,11798.0,11942.0,11910.0,189652,22576.05,39219, 117218, 61.81
4335,ULTRACEMCO,2025-11-07,11871.0,11951.0,11834.0,11850.0,11849.0,148161,17600.47,24873, 102154, 68.95
4336,ULTRACEMCO,2025-11-10,11851.0,11890.0,11701.0,11750.0,11728.0,197085,23227.16,30866, 141306, 71.70
4337,ULTRACEMCO,2025-11-11,11750.0,11849.0,11720.0,11818.0,11825.0,125847,14837.92,24966, 63402, 50.38
4338,ULTRACEMCO,2025-11-12,11861.0,11949.0,11831.0,11920.0,11921.0,184542,21938.2,28501, 131020, 71.00
4339,ULTRACEMCO,2025-11-13,11921.0,12016.0,11907.0,11931.0,11934.0,174415,20859.37,31659, 113565, 65.11
4340,ULTRACEMCO,2025-11-14,11941.0,11941.0,11786.0,11875.0,11874.0,161315,19134.77,33259, 114927, 71.24
4341,ULTRACEMCO,2025-11-17,11810.0,11855.0,11745.0,11775.0,11778.0,194379,22903.99,30500, 118893, 61.17
4342,ULTRACEMCO,2025-11-18,11888.0,11888.0,11688.0,11724.0,11707.0,318116,37321.16,42262, 231072, 72.64
4343,ULTRACEMCO,2025-11-19,11707.0,11754.0,11638.0,11681.0,11666.0,271396,31704.17,39648, 206206, 75.98
4344,ULTRACEMCO,2025-11-20,11720.0,11773.0,11661.0,11751.0,11753.0,185397,21739.85,26069, 131150, 70.74
4345,ULTRACEMCO,2025-11-21,11758.0,11788.0,11691.0,11717.0,11729.0,192051,22554.53,25874, 124738, 64.95
4346,ULTRACEMCO,2025-11-24,11738.0,11738.0,11561.0,11561.0,11584.0,407297,47249.59,33703, 285910, 70.20
4347,ULTRACEMCO,2025-11-25,11600.0,11647.0,11538.0,11555.0,11580.0,200149,23224.54,26646, 131519, 65.71
4348,ULTRACEMCO,2025-11-26,11589.0,11773.0,11585.0,11768.0,11759.0,187481,21905.87,30715, 133117, 71.00
4349,ULTRACEMCO,2025-11-27,11776.0,11787.0,11599.0,11620.0,11617.0,275290,32082.56,43358, 210000, 76.28
4350,ULTRACEMCO,2025-11-28,11620.0,11640.0,11557.0,11585.0,11600.0,159990,18547.9,23864, 118830, 74.27
4351,ULTRACEMCO,2025-12-01,11620.0,12021.0,11556.0,12013.0,11662.0,228729,26573.98,34056, 161635, 70.67
4352,ULTRACEMCO,2025-12-02,11702.0,11713.0,11590.0,11673.0,11666.0,190930,22242.05,34931, 122981, 64.41
4353,ULTRACEMCO,2025-12-03,11700.0,11702.0,11520.0,11570.0,11591.0,206293,23887.22,31798, 134981, 65.43
4354,ULTRACEMCO,2025-12-04,11580.0,11631.0,11524.0,11600.0,11608.0,159687,18510.16,30994, 113035, 70.79
4355,ULTRACEMCO,2025-12-05,11630.0,11665.0,11561.0,11595.0,11597.0,226572,26273.31,22395, 183870, 81.15
4356,UNIONBANK,2025-11-06,152.58,152.58,149.6,150.0,150.15,10296779,15545.46,51798, 4027074, 39.11
4357,UNIONBANK,2025-11-07,149.1,153.66,147.8,153.15,153.3,14462530,21922.2,62720, 5884593, 40.69
4358,UNIONBANK,2025-11-10,153.98,155.42,152.3,154.3,154.24,13758440,21210.51,54974, 6146867, 44.68
4359,UNIONBANK,2025-11-11,154.24,154.62,150.32,152.68,152.62,11291018,17171.99,59551, 4363627, 38.65
4360,UNIONBANK,2025-11-12,153.26,156.75,152.51,155.99,156.29,12015875,18616.43,49902, 5524948, 45.98
4361,UNIONBANK,2025-11-13,157.05,157.4,151.41,151.86,151.9,19743581,30296.81,60702, 9444864, 47.84
4362,UNIONBANK,2025-11-14,151.76,153.74,151.53,152.9,152.76,8855570,13510.01,49478, 4122733, 46.56
4363,UNIONBANK,2025-11-17,153.75,156.06,153.4,154.41,154.08,9495126,14703.76,44106, 3862204, 40.68
4364,UNIONBANK,2025-11-18,154.07,154.74,152.4,153.1,153.11,5855016,8983.37,28420, 2477054, 42.31
4365,UNIONBANK,2025-11-19,153.3,154.99,152.01,154.6,154.48,9710597,14946.32,41937, 3861929, 39.77
4366,UNIONBANK,2025-11-20,155.1,156.6,152.7,153.25,153.19,6033517,9315.8,30919, 2188312, 36.27
4367,UNIONBANK,2025-11-21,153.0,153.02,149.61,150.95,150.89,8113297,12275.38,43345, 2514737, 31.00
4368,UNIONBANK,2025-11-24,150.95,152.6,150.51,150.83,150.99,10621635,16092.15,55061, 6278376, 59.11
4369,UNIONBANK,2025-11-25,151.0,153.21,151.0,152.63,152.85,5133754,7815.21,28046, 1860518, 36.24
4370,UNIONBANK,2025-11-26,153.85,157.51,153.4,155.42,155.4,16804200,26193.07,77962, 8175162, 48.65
4371,UNIONBANK,2025-11-27,155.89,155.89,153.1,154.07,154.28,6095060,9387.64,46562, 2180699, 35.78
4372,UNIONBANK,2025-11-28,154.0,154.75,152.21,153.26,153.27,7664117,11737.35,39876, 3521240, 45.94
4373,UNIONBANK,2025-12-01,154.0,156.0,153.16,154.17,154.19,8974727,13864.45,40780, 3754130, 41.83
4374,UNIONBANK,2025-12-02,155.01,160.15,154.44,155.59,155.77,41382653,65403.61,143321, 13631544, 32.94
4375,UNIONBANK,2025-12-03,157.34,157.7,150.3,151.25,151.38,25417554,38844.28,108318, 12148982, 47.80
4376,UNIONBANK,2025-12-04,150.8,153.27,150.15,152.35,152.43,11671955,17757.11,48032, 5842835, 50.06
4377,UNIONBANK,2025-12-05,152.43,153.69,150.8,153.07,153.3,11066679,16891.97,52379, 4021275, 36.34
4378,UNITDSPR,2025-11-06,1470.0,1475.0,1413.5,1416.4,1416.5,1003182,14358.43,55350, 519780, 51.81
4379,UNITDSPR,2025-11-07,1416.5,1433.7,1404.0,1428.8,1429.1,507698,7232.13,31687, 235213, 46.33
4380,UNITDSPR,2025-11-10,1429.1,1430.1,1405.5,1408.3,1409.5,429606,6073.57,21145, 278818, 64.90
4381,UNITDSPR,2025-11-11,1413.3,1431.0,1408.7,1415.0,1414.5,1025644,14550.39,25468, 684175, 66.71
4382,UNITDSPR,2025-11-12,1418.1,1439.2,1412.3,1433.9,1435.6,1363723,19425.62,42003, 998537, 73.22
4383,UNITDSPR,2025-11-13,1435.0,1435.9,1417.4,1419.8,1420.8,464975,6639.21,29731, 283546, 60.98
4384,UNITDSPR,2025-11-14,1419.0,1432.4,1412.8,1430.0,1429.4,335913,4788.01,21532, 188064, 55.99
4385,UNITDSPR,2025-11-17,1434.0,1438.1,1424.3,1436.1,1434.9,380093,5441.98,16812, 263011, 69.20
4386,UNITDSPR,2025-11-18,1438.0,1438.2,1416.9,1426.9,1434.7,455921,6525.08,18894, 264599, 58.04
4387,UNITDSPR,2025-11-19,1428.2,1428.5,1408.7,1409.1,1411.7,484493,6869.57,27461, 286459, 59.13
4388,UNITDSPR,2025-11-20,1410.0,1432.8,1406.7,1419.9,1416.2,560899,7971.66,32321, 280138, 49.94
4389,UNITDSPR,2025-11-21,1410.0,1430.0,1395.3,1425.0,1427.1,1018074,14453.05,30032, 698391, 68.60
4390,UNITDSPR,2025-11-24,1434.9,1439.0,1416.1,1427.0,1431.2,888660,12712.33,34408, 599075, 67.41
4391,UNITDSPR,2025-11-25,1431.5,1435.9,1419.3,1428.9,1430.4,522357,7457.02,29406, 297773, 57.01
4392,UNITDSPR,2025-11-26,1430.4,1463.5,1429.0,1461.6,1459.5,1283956,18646.68,60351, 915732, 71.32
4393,UNITDSPR,2025-11-27,1460.0,1468.8,1441.0,1444.0,1445.8,855725,12463.28,40895, 518914, 60.64
4394,UNITDSPR,2025-11-28,1445.8,1460.0,1439.0,1451.1,1451.6,714629,10369.35,36689, 479017, 67.03
4395,UNITDSPR,2025-12-01,1457.7,1457.7,1436.0,1449.9,1447.1,512075,7388.1,26233, 289567, 56.55
4396,UNITDSPR,2025-12-02,1454.9,1456.1,1429.1,1442.3,1440.9,761536,10963.17,31444, 466628, 61.27
4397,UNITDSPR,2025-12-03,1432.0,1438.6,1416.4,1419.0,1421.3,965273,13745.0,62974, 699144, 72.43
4398,UNITDSPR,2025-12-04,1425.0,1437.3,1415.3,1429.4,1431.9,756367,10789.29,33919, 528272, 69.84
4399,UNITDSPR,2025-12-05,1425.6,1457.1,1425.0,1454.4,1455.6,612882,8880.84,33202, 415706, 67.83
4400,UNOMINDA,2025-11-06,1242.0,1264.0,1227.2,1232.2,1233.8,979119,12164.31,53180, 492358, 50.29
4401,UNOMINDA,2025-11-07,1237.0,1258.0,1197.2,1225.0,1229.7,1626201,20001.39,76957, 424774, 26.12
4402,UNOMINDA,2025-11-10,1229.7,1327.8,1227.3,1319.9,1319.3,2923214,37989.51,80029, 1089432, 37.27
4403,UNOMINDA,2025-11-11,1325.5,1341.0,1308.2,1313.0,1311.1,1327355,17558.77,62384, 592884, 44.67
4404,UNOMINDA,2025-11-12,1311.1,1335.0,1308.3,1329.8,1332.9,978368,12976.69,41668, 602593, 61.59
4405,UNOMINDA,2025-11-13,1333.0,1334.0,1293.8,1307.9,1303.2,555081,7272.8,33071, 263669, 47.50
4406,UNOMINDA,2025-11-14,1302.2,1310.7,1290.2,1309.0,1307.2,391332,5095.49,22104, 170147, 43.48
4407,UNOMINDA,2025-11-17,1307.2,1313.5,1296.7,1299.0,1299.9,335117,4362.22,17248, 205114, 61.21
4408,UNOMINDA,2025-11-18,1308.6,1309.0,1272.5,1293.3,1292.3,773878,9935.76,33550, 514427, 66.47
4409,UNOMINDA,2025-11-19,1280.1,1310.9,1280.1,1308.0,1305.1,734535,9568.39,35918, 431294, 58.72
4410,UNOMINDA,2025-11-20,1304.0,1317.0,1285.8,1304.7,1298.0,381796,4955.46,15801, 225429, 59.04
4411,UNOMINDA,2025-11-21,1298.0,1304.8,1275.1,1285.0,1281.4,392127,5067.81,35769, 236898, 60.41
4412,UNOMINDA,2025-11-24,1281.4,1300.0,1273.0,1281.1,1279.5,375605,4824.8,33834, 239171, 63.68
4413,UNOMINDA,2025-11-25,1279.5,1291.0,1276.1,1287.5,1285.3,447999,5756.14,24511, 281608, 62.86
4414,UNOMINDA,2025-11-26,1285.3,1329.4,1274.9,1318.0,1320.1,1575851,20733.04,44031, 1096886, 69.61
4415,UNOMINDA,2025-11-27,1326.7,1339.5,1290.5,1305.5,1312.4,1110166,14594.1,58559, 584142, 52.62
4416,UNOMINDA,2025-11-28,1312.4,1314.4,1293.3,1314.0,1306.8,582383,7593.3,19673, 343123, 58.92
4417,UNOMINDA,2025-12-01,1307.0,1337.5,1302.0,1307.0,1309.1,884017,11653.99,39993, 416338, 47.10
4418,UNOMINDA,2025-12-02,1313.9,1313.9,1283.6,1295.0,1294.4,932766,12080.32,46909, 563224, 60.38
4419,UNOMINDA,2025-12-03,1300.0,1300.0,1261.1,1266.0,1266.9,550746,6998.76,31653, 299822, 54.44
4420,UNOMINDA,2025-12-04,1266.9,1279.4,1260.1,1274.8,1271.9,173540,2206.09,13206, 74727, 43.06
4421,UNOMINDA,2025-12-05,1276.5,1283.5,1253.3,1273.5,1272.4,1018005,12907.64,31871, 214527, 21.07
4422,UPL,2025-11-06,730.0,747.4,713.4,729.0,733.35,9280167,67819.75,137298, 2691585, 29.00
4423,UPL,2025-11-07,725.0,753.8,720.75,749.0,747.95,5598140,41280.47,79127, 2620042, 46.80
4424,UPL,2025-11-10,750.05,759.0,746.7,750.1,750.65,2547152,19170.62,67268, 1345604, 52.83
4425,UPL,2025-11-11,750.65,755.45,742.4,753.0,752.35,1645749,12365.95,39981, 850874, 51.70
4426,UPL,2025-11-12,754.35,767.8,752.45,758.0,760.6,4193619,31967.5,76540, 2555741, 60.94
4427,UPL,2025-11-13,760.6,765.5,753.0,756.35,758.15,1752051,13309.9,54282, 1141562, 65.16
4428,UPL,2025-11-14,755.0,766.35,754.1,759.5,758.6,2148563,16297.8,43755, 1328272, 61.82
4429,UPL,2025-11-17,758.6,774.95,758.0,772.25,773.2,3590666,27651.75,55459, 2257517, 62.87
4430,UPL,2025-11-18,774.0,776.0,757.1,760.0,759.65,1862425,14187.72,45344, 1041822, 55.94
4431,UPL,2025-11-19,760.0,762.0,750.6,751.65,752.65,2359649,17830.47,78378, 1657915, 70.26
4432,UPL,2025-11-20,758.0,760.3,750.95,754.5,753.5,2794809,21144.68,40373, 2018050, 72.21
4433,UPL,2025-11-21,755.0,755.25,747.0,748.3,750.85,2033481,15246.45,42600, 1237747, 60.87
4434,UPL,2025-11-24,752.0,755.55,731.0,737.3,742.7,5530635,41166.87,48694, 3857370, 69.75
4435,UPL,2025-11-25,741.05,754.0,735.8,750.15,749.7,1677991,12554.01,44583, 958230, 57.11
4436,UPL,2025-11-26,750.15,763.35,746.6,760.0,760.6,1482487,11236.77,39783, 879950, 59.36
4437,UPL,2025-11-27,764.0,769.2,756.55,757.9,758.65,1201547,9136.96,24980, 657953, 54.76
4438,UPL,2025-11-28,757.0,766.15,755.25,757.4,758.65,1546792,11753.58,27539, 1026435, 66.36
4439,UPL,2025-12-01,761.0,762.9,748.05,752.0,750.85,1611007,12121.68,39315, 911302, 56.57
4440,UPL,2025-12-02,754.0,757.9,744.25,746.65,746.75,1519168,11382.16,39584, 1024089, 67.41
4441,UPL,2025-12-03,748.75,755.1,737.0,747.5,743.0,6025366,44756.7,49660, 2992968, 49.67
4442,UPL,2025-12-04,748.0,758.95,745.25,755.7,756.45,2855120,21541.72,58040, 1785534, 62.54
4443,UPL,2025-12-05,759.95,761.05,751.05,759.9,759.1,1936558,14638.78,33790, 1062677, 54.87
4444,VBL,2025-11-06,473.75,478.8,470.2,471.8,471.85,4827230,22808.04,62257, 3223966, 66.79
4445,VBL,2025-11-07,472.0,472.9,466.4,471.3,470.2,4991085,23421.57,43345, 3450155, 69.13
4446,VBL,2025-11-10,470.2,471.5,461.9,462.85,463.25,4863609,22681.84,44597, 3234334, 66.50
4447,VBL,2025-11-11,463.25,472.7,460.2,469.95,470.6,4669423,21780.14,58113, 2771683, 59.36
4448,VBL,2025-11-12,470.6,470.6,458.6,459.2,459.3,6996274,32296.82,74975, 4406582, 62.98
4449,VBL,2025-11-13,459.35,460.4,451.6,454.1,453.0,10531716,48038.28,92535, 7661699, 72.75
4450,VBL,2025-11-14,453.0,460.5,448.6,459.45,459.4,4449524,20362.33,55053, 2678790, 60.20
4451,VBL,2025-11-17,463.0,464.05,458.65,461.3,461.7,4330719,19996.77,42551, 2756467, 63.65
4452,VBL,2025-11-18,459.7,460.5,454.0,457.0,457.9,3423663,15674.15,42893, 2105155, 61.49
4453,VBL,2025-11-19,457.9,457.9,451.8,454.05,454.55,4612838,20944.74,65414, 3150688, 68.30
4454,VBL,2025-11-20,455.0,457.2,450.15,452.0,451.5,5119680,23222.22,51476, 3304867, 64.55
4455,VBL,2025-11-21,450.9,450.9,444.8,447.6,447.65,3406202,15232.29,44419, 2072518, 60.85
4456,VBL,2025-11-24,447.6,448.9,442.15,446.05,446.1,8615148,38448.96,69214, 6153558, 71.43
4457,VBL,2025-11-25,447.0,449.95,445.65,447.95,449.05,3455709,15476.38,51383, 2293922, 66.38
4458,VBL,2025-11-26,449.05,467.6,446.75,465.1,465.5,8934221,41283.2,94647, 4985109, 55.80
4459,VBL,2025-11-27,465.1,468.9,462.75,466.5,467.3,2393262,11162.72,37444, 1306526, 54.59
4460,VBL,2025-11-28,468.0,487.0,468.0,480.5,481.55,13013412,62769.01,138133, 4550667, 34.97
4461,VBL,2025-12-01,482.0,486.4,480.45,483.5,484.15,3211925,15531.68,59229, 1709708, 53.23
4462,VBL,2025-12-02,482.0,486.0,479.65,481.7,481.4,3473726,16736.95,28522, 2215125, 63.77
4463,VBL,2025-12-03,481.35,482.75,472.3,478.3,477.5,2668903,12755.04,44784, 1141028, 42.75
4464,VBL,2025-12-04,475.1,489.9,475.1,479.0,479.9,3925680,18985.0,60273, 1385510, 35.29
4465,VBL,2025-12-05,479.4,480.6,472.5,479.6,479.95,2387160,11398.39,37075, 1300875, 54.49
4466,VEDL,2025-11-06,510.0,514.4,502.6,505.0,504.95,7236023,36699.36,76119, 3765166, 52.03
4467,VEDL,2025-11-07,501.0,517.25,497.5,515.15,515.05,9229050,47035.08,98459, 4207056, 45.58
4468,VEDL,2025-11-10,521.0,526.6,518.25,519.95,519.6,9368684,48914.54,97976, 2996424, 31.98
4469,VEDL,2025-11-11,520.1,524.9,515.55,523.55,523.85,6857737,35756.63,72775, 2906165, 42.38
4470,VEDL,2025-11-12,525.0,528.85,518.0,521.0,520.6,8017904,41879.01,70663, 2868718, 35.78
4471,VEDL,2025-11-13,527.0,535.5,524.2,529.0,529.6,14483739,76952.62,128560, 5184001, 35.79
4472,VEDL,2025-11-14,528.0,531.3,521.5,526.0,525.35,6780850,35652.72,90126, 3287446, 48.48
4473,VEDL,2025-11-17,526.95,528.0,519.35,520.45,520.8,4575270,23898.84,53896, 2201664, 48.12
4474,VEDL,2025-11-18,521.65,521.8,508.25,509.75,510.7,7919977,40552.31,68857, 4014329, 50.69
4475,VEDL,2025-11-19,509.0,514.8,507.55,511.7,511.8,4009545,20534.35,64033, 1869226, 46.62
4476,VEDL,2025-11-20,516.0,519.0,509.15,510.0,509.75,5736356,29417.64,84541, 2863346, 49.92
4477,VEDL,2025-11-21,510.0,511.0,494.55,495.0,496.4,8023391,40250.93,81641, 4864226, 60.63
4478,VEDL,2025-11-24,498.15,503.5,493.8,495.35,495.15,10371411,51561.99,97286, 6464571, 62.33
4479,VEDL,2025-11-25,495.6,506.85,495.6,504.8,504.65,7658295,38622.43,102571, 3469090, 45.30
4480,VEDL,2025-11-26,507.9,517.0,506.1,516.0,516.3,7777469,39884.01,77812, 4050612, 52.08
4481,VEDL,2025-11-27,518.7,523.75,517.35,519.0,519.1,5978457,31098.39,82457, 2293887, 38.37
4482,VEDL,2025-11-28,519.4,530.8,518.65,527.5,526.0,9990143,52596.87,94044, 5036641, 50.42
4483,VEDL,2025-12-01,535.0,537.65,530.0,532.8,533.3,10279499,54828.93,121406, 4148694, 40.36
4484,VEDL,2025-12-02,530.85,539.9,530.1,538.3,538.4,9490883,50884.56,93612, 4748065, 50.03
4485,VEDL,2025-12-03,541.0,541.05,528.75,533.75,532.8,9182829,48935.67,94263, 4239830, 46.17
4486,VEDL,2025-12-04,534.7,543.0,528.25,528.8,529.65,14735849,78826.76,128489, 7692716, 52.20
4487,VEDL,2025-12-05,528.85,531.45,517.8,524.0,524.5,14808276,77697.57,127988, 7941785, 53.63
4488,VOLTAS,2025-11-06,1356.0,1372.6,1288.1,1299.0,1292.4,1703216,22451.61,75049, 752509, 44.18
4489,VOLTAS,2025-11-07,1292.4,1327.3,1288.2,1322.0,1321.5,666465,8732.7,26605, 262237, 39.35
4490,VOLTAS,2025-11-10,1320.0,1374.8,1308.5,1340.5,1340.7,1057635,14254.68,45179, 309864, 29.30
4491,VOLTAS,2025-11-11,1330.0,1339.0,1299.0,1304.9,1303.8,1314969,17266.46,52903, 638853, 48.58
4492,VOLTAS,2025-11-12,1305.0,1343.0,1304.6,1328.0,1337.6,960761,12759.76,41807, 425938, 44.33
4493,VOLTAS,2025-11-13,1329.9,1345.0,1313.6,1330.0,1336.9,906489,12078.51,40674, 387925, 42.79
4494,VOLTAS,2025-11-14,1304.0,1385.5,1299.3,1353.1,1350.9,4110953,55631.94,125294, 1075158, 26.15
4495,VOLTAS,2025-11-17,1354.0,1390.0,1353.1,1376.7,1373.9,1487978,20478.48,45987, 474941, 31.92
4496,VOLTAS,2025-11-18,1373.0,1395.8,1364.7,1388.0,1384.2,768433,10627.72,29100, 293150, 38.15
4497,VOLTAS,2025-11-19,1390.0,1404.5,1383.6,1401.6,1401.8,709008,9915.15,28740, 291482, 41.11
4498,VOLTAS,2025-11-20,1399.5,1418.0,1394.0,1411.1,1411.8,656309,9254.75,27798, 235727, 35.92
4499,VOLTAS,2025-11-21,1401.0,1418.0,1382.8,1398.3,1395.8,1221980,17061.98,34871, 587950, 48.11
4500,VOLTAS,2025-11-24,1390.5,1404.0,1346.3,1361.0,1354.6,3415624,46493.68,58804, 1871405, 54.79
4501,VOLTAS,2025-11-25,1355.0,1365.5,1343.6,1365.5,1356.3,591991,8015.37,25515, 269759, 45.57
4502,VOLTAS,2025-11-26,1351.1,1392.5,1351.1,1387.0,1387.0,477248,6598.32,27451, 220810, 46.27
4503,VOLTAS,2025-11-27,1384.0,1402.9,1365.0,1388.9,1398.0,625765,8650.28,25296, 255792, 40.88
4504,VOLTAS,2025-11-28,1385.1,1388.4,1361.3,1374.5,1376.3,1004263,13769.72,31700, 470570, 46.86
4505,VOLTAS,2025-12-01,1375.0,1384.7,1356.0,1360.8,1360.4,512237,6999.56,27503, 248319, 48.48
4506,VOLTAS,2025-12-02,1355.0,1367.6,1341.9,1352.0,1352.9,1208807,16333.59,24959, 769448, 63.65
4507,VOLTAS,2025-12-03,1342.0,1375.0,1330.5,1333.6,1335.9,845596,11336.93,15312, 503465, 59.54
4508,VOLTAS,2025-12-04,1329.5,1343.4,1325.6,1327.1,1329.4,509272,6799.86,12241, 363822, 71.44
4509,VOLTAS,2025-12-05,1325.0,1330.8,1312.5,1325.8,1327.0,568640,7529.41,21989, 357959, 62.95
4510,WIPRO,2025-11-06,240.0,240.62,238.37,240.05,240.05,7141517,17119.01,77981, 4157593, 58.22
4511,WIPRO,2025-11-07,238.7,239.25,236.0,236.75,236.49,5520619,13071.13,87628, 2856500, 51.74
4512,WIPRO,2025-11-10,237.44,241.55,237.02,239.85,239.84,8566758,20546.39,82903, 4425382, 51.66
4513,WIPRO,2025-11-11,241.1,242.05,238.81,241.75,241.69,8831094,21256.07,88771, 5425322, 61.43
4514,WIPRO,2025-11-12,242.75,246.3,242.1,245.39,245.22,13152546,32226.11,103627, 8228990, 62.57
4515,WIPRO,2025-11-13,246.0,246.0,244.0,245.34,245.33,6211124,15240.38,93441, 3519811, 56.67
4516,WIPRO,2025-11-14,243.92,245.9,242.15,245.15,244.37,6841554,16665.48,91626, 3905933, 57.09
4517,WIPRO,2025-11-17,243.97,244.78,242.69,243.7,244.05,6559062,15990.5,59521, 3885862, 59.24
4518,WIPRO,2025-11-18,242.93,244.0,240.3,241.0,240.9,4730012,11433.97,51881, 2528644, 53.46
4519,WIPRO,2025-11-19,241.2,246.85,240.54,246.06,246.07,13298452,32603.73,98584, 6685771, 50.27
4520,WIPRO,2025-11-20,247.5,247.8,245.71,246.38,246.26,6705862,16518.2,62389, 3960657, 59.06
4521,WIPRO,2025-11-21,245.0,247.25,243.61,244.61,244.49,5516450,13533.1,64254, 2719052, 49.29
4522,WIPRO,2025-11-24,245.02,249.38,245.02,247.44,247.27,19711070,48805.82,104905, 12180030, 61.79
4523,WIPRO,2025-11-25,248.0,248.0,244.0,245.59,245.64,8188793,20133.84,97736, 4323937, 52.80
4524,WIPRO,2025-11-26,246.0,250.55,245.62,250.08,250.19,8202096,20418.47,86257, 4800038, 58.52
4525,WIPRO,2025-11-27,250.4,251.92,247.69,249.3,249.56,5268129,13153.47,74342, 2236250, 42.45
4526,WIPRO,2025-11-28,251.0,251.99,248.6,249.55,249.53,7049965,17621.3,67376, 3606213, 51.15
4527,WIPRO,2025-12-01,250.1,250.75,248.86,250.1,250.28,3865446,9666.76,71087, 2111894, 54.64
4528,WIPRO,2025-12-02,250.0,251.45,248.87,250.74,250.17,8535708,21335.74,86860, 5807027, 68.03
4529,WIPRO,2025-12-03,250.6,257.13,250.55,254.2,254.69,17215454,43906.18,139700, 6161617, 35.79
4530,WIPRO,2025-12-04,256.0,258.8,255.5,257.3,256.93,10687381,27489.56,89639, 4794097, 44.86
4531,WIPRO,2025-12-05,258.2,261.1,257.7,259.5,259.91,7886562,20477.43,88688, 3441443, 43.64
4532,YESBANK,2025-11-06,23.02,23.1,22.61,22.62,22.63,78361962,17861.08,92645, 32927073, 42.02
4533,YESBANK,2025-11-07,22.5,22.94,22.3,22.88,22.85,84025519,19071.87,91354, 30285321, 36.04
4534,YESBANK,2025-11-10,22.9,23.05,22.7,22.72,22.74,48716934,11113.2,67811, 19069785, 39.14
4535,YESBANK,2025-11-11,22.74,22.75,22.39,22.65,22.63,53666213,12102.01,83927, 21460951, 39.99
4536,YESBANK,2025-11-12,22.71,22.9,22.67,22.69,22.75,62838364,14315.27,82269, 35932724, 57.18
4537,YESBANK,2025-11-13,22.75,22.84,22.45,22.5,22.48,59377342,13431.25,93017, 28600905, 48.17
4538,YESBANK,2025-11-14,22.48,22.6,22.36,22.53,22.5,50842831,11430.32,82523, 21669619, 42.62
4539,YESBANK,2025-11-17,22.58,23.33,22.58,23.17,23.16,156830924,36200.06,128328, 78012034, 49.74
4540,YESBANK,2025-11-18,23.19,23.25,22.95,22.97,22.99,74216797,17135.89,83457, 32683697, 44.04
4541,YESBANK,2025-11-19,22.99,23.06,22.76,22.92,22.93,60590652,13879.75,75634, 24156101, 39.87
4542,YESBANK,2025-11-20,23.02,23.05,22.58,22.67,22.63,64244668,14616.21,72998, 32228159, 50.16
4543,YESBANK,2025-11-21,22.63,22.66,22.32,22.45,22.43,67259036,15112.91,76119, 30836439, 45.85
4544,YESBANK,2025-11-24,22.43,22.48,22.16,22.23,22.2,139013154,30925.56,77067, 96372319, 69.33
4545,YESBANK,2025-11-25,22.38,22.82,22.3,22.68,22.7,111959200,25354.1,94624, 52134313, 46.57
4546,YESBANK,2025-11-26,22.75,23.0,22.61,22.92,22.93,72030859,16501.91,81938, 34040590, 47.26
4547,YESBANK,2025-11-27,22.93,23.19,22.64,22.84,22.84,65580085,15010.57,76397, 24514090, 37.38
4548,YESBANK,2025-11-28,22.84,23.05,22.73,22.93,22.93,72031509,16484.83,70244, 40634951, 56.41
4549,YESBANK,2025-12-01,22.94,23.1,22.38,22.47,22.45,79108039,17904.19,88475, 30726425, 38.84
4550,YESBANK,2025-12-02,22.59,22.93,22.42,22.76,22.71,140633299,31998.41,89265, 72437839, 51.51
4551,YESBANK,2025-12-03,22.85,22.87,22.32,22.44,22.4,102870973,23114.88,86963, 56046097, 54.48
4552,YESBANK,2025-12-04,22.49,22.97,22.33,22.76,22.76,135564479,30866.18,98171, 50091788, 36.95
4553,YESBANK,2025-12-05,22.79,22.79,22.47,22.61,22.6,81360183,18374.13,80327, 34588813, 42.51
4554,ZYDUSLIFE,2025-11-06,980.0,998.0,933.05,934.8,936.7,2919859,28024.82,81290, 1174930, 40.24
4555,ZYDUSLIFE,2025-11-07,938.45,946.8,926.85,945.0,944.1,667543,6262.66,32075, 210637, 31.55
4556,ZYDUSLIFE,2025-11-10,947.0,973.0,942.2,947.1,948.4,920267,8743.24,32764, 521203, 56.64
4557,ZYDUSLIFE,2025-11-11,949.0,950.0,935.05,938.5,938.9,1819775,17101.72,55216, 1289347, 70.85
4558,ZYDUSLIFE,2025-11-12,940.1,957.25,940.0,951.1,951.4,791415,7526.35,48607, 528871, 66.83
4559,ZYDUSLIFE,2025-11-13,951.0,952.6,940.1,945.2,944.15,698519,6602.32,31323, 456596, 65.37
4560,ZYDUSLIFE,2025-11-14,948.85,952.95,939.5,944.5,944.45,592731,5604.52,25986, 268962, 45.38
4561,ZYDUSLIFE,2025-11-17,948.0,949.95,932.15,935.0,934.75,873274,8180.72,34648, 567286, 64.96
4562,ZYDUSLIFE,2025-11-18,939.7,939.9,926.05,931.8,928.4,824350,7668.18,27625, 528906, 64.16
4563,ZYDUSLIFE,2025-11-19,933.0,935.15,925.75,930.0,930.2,659272,6136.22,43488, 407705, 61.84
4564,ZYDUSLIFE,2025-11-20,935.75,937.3,926.2,929.0,928.0,747920,6976.8,41075, 501009, 66.99
4565,ZYDUSLIFE,2025-11-21,930.0,931.95,920.5,924.95,924.3,470759,4352.55,36427, 273666, 58.13
4566,ZYDUSLIFE,2025-11-24,927.0,931.05,921.0,926.65,926.65,4921102,45599.58,45022, 3728740, 75.77
4567,ZYDUSLIFE,2025-11-25,928.95,934.8,922.45,928.0,928.5,508282,4727.56,38249, 297219, 58.48
4568,ZYDUSLIFE,2025-11-26,934.95,943.85,932.05,940.0,940.55,972690,9138.45,35590, 476241, 48.96
4569,ZYDUSLIFE,2025-11-27,944.6,948.8,928.85,939.0,937.25,768619,7191.99,33200, 473642, 61.62
4570,ZYDUSLIFE,2025-11-28,947.95,947.95,936.5,940.3,942.5,919929,8660.65,27756, 304022, 33.05
4571,ZYDUSLIFE,2025-12-01,942.1,944.9,930.5,934.0,936.45,534206,4998.29,38665, 251072, 47.00
4572,ZYDUSLIFE,2025-12-02,932.4,944.95,932.4,941.05,942.7,823400,7743.58,28148, 539961, 65.58
4573,ZYDUSLIFE,2025-12-03,941.0,947.0,930.5,938.0,934.95,1158530,10842.23,31683, 706928, 61.02
4574,ZYDUSLIFE,2025-12-04,938.0,944.15,932.55,936.0,935.75,874529,8192.64,22691, 570435, 65.23
4575,ZYDUSLIFE,2025-12-05,936.0,937.0,929.25,932.7,931.45,892186,8321.78,23322, 631055, 70.73
